step,t,cmd_z,z,z_err,cmd_vz,vz,desired_vz,vz_err,phase,done
0,0.0,0.34581,0.2939,-0.05191,-0.015,-0.1678,0.01095,-0.17875,-,False
1,0.0167,0.34556,0.28902,-0.05654,-0.015,-0.33637,0.01327,-0.34963,-,False
2,0.0333,0.34531,0.28139,-0.06392,-0.015,-0.47515,0.01696,-0.49211,-,False
3,0.05,0.34506,0.27263,-0.07243,-0.015,-0.46605,0.02122,-0.48727,-,False
4,0.0667,0.34481,0.2652,-0.07961,-0.015,-0.36047,0.0248,-0.38527,-,False
5,0.0833,0.34456,0.25974,-0.08482,-0.015,-0.23131,0.02741,-0.25872,-,False
6,0.1,0.34431,0.25638,-0.08793,-0.015,-0.10862,0.02896,-0.13758,-,False
7,0.1167,0.34406,0.2549,-0.08916,-0.015,-0.00304,0.02958,-0.03262,-,False
8,0.1333,0.34381,0.2546,-0.08921,-0.015,0.04688,0.02961,0.01727,-,False
9,0.15,0.34356,0.2549,-0.08866,-0.015,0.07358,0.02933,0.04425,-,False
10,0.1667,0.34331,0.25547,-0.08784,-0.015,0.08141,0.02892,0.05249,-,False
11,0.1833,0.34306,0.25647,-0.08659,-0.015,0.11379,0.02829,0.0855,-,False
12,0.2,0.34281,0.25813,-0.08468,-0.015,0.15442,0.02734,0.12708,-,False
13,0.2167,0.34256,0.26006,-0.0825,-0.015,0.15491,0.02625,0.12866,-,False
14,0.2333,0.34231,0.26182,-0.08049,-0.015,0.13507,0.02524,0.10982,-,False
15,0.25,0.34206,0.26317,-0.07889,-0.015,0.11137,0.02445,0.08693,-,False
16,0.2667,0.34181,0.26432,-0.07749,-0.015,0.10313,0.02374,0.07939,-,False
17,0.2833,0.34156,0.26526,-0.0763,-0.015,0.08795,0.02315,0.0648,-,False
18,0.3,0.34131,0.26593,-0.07537,-0.015,0.07141,0.02269,0.04872,-,False
19,0.3167,0.34106,0.26614,-0.07492,-0.015,0.03586,0.02246,0.0134,-,False
20,0.3333,0.34081,0.2659,-0.07491,-0.015,0.01564,0.02246,-0.00682,-,False
21,0.35,0.34056,0.26564,-0.07492,-0.015,0.02673,0.02246,0.00427,-,False
22,0.3667,0.34031,0.26551,-0.0748,-0.015,0.03268,0.0224,0.01028,-,False
23,0.3833,0.34006,0.26547,-0.07459,-0.015,0.03882,0.0223,0.01652,-,False
24,0.4,0.33981,0.26569,-0.07412,-0.015,0.05929,0.02206,0.03723,-,False
25,0.4167,0.33956,0.26624,-0.07332,-0.015,0.07865,0.02166,0.05699,-,False
26,0.4333,0.33931,0.26693,-0.07238,-0.015,0.07975,0.02119,0.05856,-,False
27,0.45,0.33906,0.26759,-0.07147,-0.015,0.07431,0.02074,0.05357,-,False
28,0.4667,0.33881,0.26822,-0.07059,-0.015,0.07374,0.0203,0.05345,-,False
29,0.4833,0.33856,0.26887,-0.06969,-0.015,0.07752,0.01984,0.05768,-,False
30,0.5,0.33831,0.26969,-0.06862,-0.015,0.09163,0.01931,0.07232,-,False
31,0.5167,0.33806,0.27051,-0.06755,-0.015,0.08327,0.01877,0.06449,-,False
32,0.5333,0.33781,0.27111,-0.0667,-0.015,0.06407,0.01835,0.04572,-,False
33,0.55,0.33756,0.27147,-0.06609,-0.015,0.05393,0.01805,0.03588,-,False
34,0.5667,0.33731,0.27176,-0.06555,-0.015,0.05358,0.01777,0.03581,-,False
35,0.5833,0.33706,0.27219,-0.06487,-0.015,0.06791,0.01743,0.05048,-,False
36,0.6,0.33681,0.27284,-0.06397,-0.015,0.08171,0.01698,0.06473,-,False
37,0.6167,0.33656,0.27356,-0.063,-0.015,0.07717,0.0165,0.06067,-,False
38,0.6333,0.33631,0.274,-0.06231,-0.015,0.05441,0.01616,0.03825,-,False
39,0.65,0.33606,0.27414,-0.06192,-0.015,0.0379,0.01596,0.02194,-,False
40,0.6667,0.33581,0.27424,-0.06157,-0.015,0.04401,0.01578,0.02823,-,False
41,0.6833,0.33556,0.27436,-0.0612,-0.015,0.04448,0.0156,0.02887,-,False
42,0.7,0.33531,0.27444,-0.06087,-0.015,0.03873,0.01544,0.0233,-,False
43,0.7167,0.33506,0.27457,-0.06049,-0.015,0.04793,0.01524,0.03268,-,False
44,0.7333,0.33481,0.27469,-0.06012,-0.015,0.04243,0.01506,0.02737,-,False
45,0.75,0.33456,0.27475,-0.05981,-0.015,0.03917,0.0149,0.02426,-,False
46,0.7667,0.33431,0.27489,-0.05942,-0.015,0.04737,0.01471,0.03267,-,False
47,0.7833,0.33406,0.27519,-0.05887,-0.015,0.05895,0.01443,0.04452,-,False
48,0.8,0.33381,0.2757,-0.05811,-0.015,0.07113,0.01406,0.05708,-,False
49,0.8167,0.33356,0.27624,-0.05732,-0.015,0.06443,0.01366,0.05077,-,False
50,0.8333,0.33331,0.27663,-0.05668,-0.015,0.05745,0.01334,0.04412,-,False
51,0.85,0.33306,0.27693,-0.05613,-0.015,0.05007,0.01306,0.03701,-,False
52,0.8667,0.33281,0.27713,-0.05568,-0.015,0.04844,0.01284,0.0356,-,False
53,0.8833,0.33256,0.27739,-0.05517,-0.015,0.05193,0.01259,0.03934,-,False
54,0.9,0.33231,0.27766,-0.05465,-0.015,0.05419,0.01233,0.04186,-,False
55,0.9167,0.33206,0.27787,-0.05419,-0.015,0.04521,0.0121,0.03311,-,False
56,0.9333,0.33181,0.27797,-0.05384,-0.015,0.03993,0.01192,0.02801,-,False
57,0.95,0.33156,0.27803,-0.05353,-0.015,0.04072,0.01177,0.02895,-,False
58,0.9667,0.33131,0.27807,-0.05324,-0.015,0.0364,0.01162,0.02478,-,False
59,0.9833,0.33106,0.27805,-0.05301,-0.015,0.03552,0.0115,0.02401,-,False
60,1.0,0.33081,0.278,-0.05281,-0.015,0.03206,0.01141,0.02066,-,False
61,1.0167,0.33056,0.27792,-0.05264,-0.015,0.0316,0.01132,0.02028,-,False
62,1.0333,0.33031,0.27785,-0.05246,-0.015,0.03213,0.01123,0.0209,-,False
63,1.05,0.33006,0.27779,-0.05227,-0.015,0.03259,0.01114,0.02145,-,False
64,1.0667,0.32981,0.27773,-0.05208,-0.015,0.03321,0.01104,0.02217,-,False
65,1.0833,0.32956,0.27766,-0.0519,-0.015,0.03058,0.01095,0.01963,-,False
66,1.1,0.32931,0.27762,-0.05169,-0.015,0.03531,0.01085,0.02446,-,False
67,1.1167,0.32906,0.27765,-0.05141,-0.015,0.03941,0.01071,0.0287,-,False
68,1.1333,0.32881,0.27782,-0.05099,-0.015,0.04989,0.01049,0.03939,-,False
69,1.15,0.32856,0.2781,-0.05046,-0.015,0.05199,0.01023,0.04176,-,False
70,1.1667,0.32831,0.27839,-0.04992,-0.015,0.05261,0.00996,0.04265,-,False
71,1.1833,0.32806,0.27865,-0.0494,-0.015,0.05022,0.0097,0.04052,-,False
72,1.2,0.32781,0.27899,-0.04882,-0.015,0.05805,0.00941,0.04864,-,False
73,1.2167,0.32756,0.27929,-0.04827,-0.015,0.05259,0.00913,0.04346,-,False
74,1.2333,0.32731,0.27947,-0.04784,-0.015,0.04081,0.00892,0.03189,-,False
75,1.25,0.32706,0.27954,-0.04752,-0.015,0.03786,0.00876,0.02911,-,False
76,1.2667,0.32681,0.27965,-0.04716,-0.015,0.04408,0.00858,0.0355,-,False
77,1.2833,0.32656,0.27974,-0.04682,-0.015,0.03893,0.00841,0.03052,-,False
78,1.3,0.32631,0.27975,-0.04656,-0.015,0.03413,0.00828,0.02586,-,False
79,1.3167,0.32606,0.27974,-0.04632,-0.015,0.03416,0.00816,0.026,-,False
80,1.3333,0.32581,0.27971,-0.0461,-0.015,0.03423,0.00805,0.02618,-,False
81,1.35,0.32556,0.27968,-0.04588,-0.015,0.03328,0.00794,0.02534,-,False
82,1.3667,0.32531,0.27959,-0.04572,-0.015,0.02869,0.00786,0.02083,-,False
83,1.3833,0.32506,0.27952,-0.04554,-0.015,0.03368,0.00777,0.02591,-,False
84,1.4,0.32481,0.27956,-0.04525,-0.015,0.04118,0.00763,0.03355,-,False
85,1.4167,0.32456,0.27959,-0.04497,-0.015,0.03736,0.00749,0.02987,-,False
86,1.4333,0.32431,0.2796,-0.04471,-0.015,0.03482,0.00735,0.02747,-,False
87,1.45,0.32406,0.27963,-0.04443,-0.015,0.03873,0.00722,0.03151,-,False
88,1.4667,0.32381,0.27967,-0.04414,-0.015,0.03772,0.00707,0.03065,-,False
89,1.4833,0.32356,0.27969,-0.04387,-0.015,0.03719,0.00693,0.03026,-,False
90,1.5,0.32331,0.2797,-0.04361,-0.015,0.03682,0.0068,0.03002,-,False
91,1.5167,0.32306,0.27968,-0.04338,-0.015,0.03257,0.00669,0.02588,-,False
92,1.5333,0.32281,0.27964,-0.04317,-0.015,0.03529,0.00658,0.02871,-,False
93,1.55,0.32256,0.27959,-0.04297,-0.015,0.03094,0.00649,0.02445,-,False
94,1.5667,0.32231,0.2796,-0.04271,-0.015,0.0407,0.00635,0.03434,-,False
95,1.5833,0.32206,0.27967,-0.04239,-0.015,0.03982,0.0062,0.03362,-,False
96,1.6,0.32181,0.27969,-0.04212,-0.015,0.03679,0.00606,0.03072,-,False
97,1.6167,0.32156,0.27966,-0.0419,-0.015,0.03339,0.00595,0.02744,-,False
98,1.6333,0.32131,0.27971,-0.0416,-0.015,0.0432,0.0058,0.0374,-,False
99,1.65,0.32106,0.27979,-0.04127,-0.015,0.03978,0.00564,0.03414,-,False
100,1.6667,0.32081,0.27987,-0.04094,-0.015,0.04308,0.00547,0.03761,-,False
101,1.6833,0.32056,0.2799,-0.04066,-0.015,0.03593,0.00533,0.0306,-,False
102,1.7,0.32031,0.27992,-0.04039,-0.015,0.03867,0.0052,0.03347,-,False
103,1.7167,0.32006,0.28002,-0.04004,-0.015,0.04483,0.00502,0.03981,-,False
104,1.7333,0.31981,0.28019,-0.03962,-0.015,0.04829,0.00481,0.04347,-,False
105,1.75,0.31956,0.28038,-0.03918,-0.015,0.04812,0.00459,0.04353,-,False
106,1.7667,0.31931,0.28054,-0.03877,-0.015,0.04504,0.00439,0.04065,-,False
107,1.7833,0.31906,0.28057,-0.03849,-0.015,0.03465,0.00424,0.03041,-,False
108,1.8,0.31881,0.2805,-0.03831,-0.015,0.03172,0.00415,0.02756,-,False
109,1.8167,0.31856,0.2805,-0.03806,-0.015,0.03938,0.00403,0.03535,-,False
110,1.8333,0.31831,0.28054,-0.03777,-0.015,0.03962,0.00389,0.03573,-,False
111,1.85,0.31806,0.28056,-0.0375,-0.015,0.03698,0.00375,0.03323,-,False
112,1.8667,0.31781,0.28053,-0.03728,-0.015,0.03367,0.00364,0.03003,-,False
113,1.8833,0.31756,0.28049,-0.03707,-0.015,0.03444,0.00353,0.03091,-,False
114,1.9,0.31731,0.28047,-0.03684,-0.015,0.03628,0.00342,0.03286,-,False
115,1.9167,0.31706,0.28043,-0.03663,-0.015,0.03295,0.00332,0.02963,-,False
116,1.9333,0.31681,0.28039,-0.03642,-0.015,0.03513,0.00321,0.03191,-,False
117,1.95,0.31656,0.28038,-0.03618,-0.015,0.03693,0.00309,0.03383,-,False
118,1.9667,0.31631,0.28039,-0.03592,-0.015,0.03847,0.00296,0.03551,-,False
119,1.9833,0.31606,0.2804,-0.03566,-0.015,0.03632,0.00283,0.03349,-,False
120,2.0,0.31581,0.2804,-0.03541,-0.015,0.03712,0.00271,0.03441,-,False
121,2.0167,0.31556,0.2804,-0.03516,-0.015,0.03716,0.00258,0.03458,-,False
122,2.0333,0.31531,0.28035,-0.03496,-0.015,0.03091,0.00248,0.02844,-,False
123,2.05,0.31506,0.2803,-0.03476,-0.015,0.03429,0.00238,0.03191,-,False
124,2.0667,0.31481,0.28034,-0.03447,-0.015,0.04002,0.00224,0.03778,-,False
125,2.0833,0.31456,0.28039,-0.03417,-0.015,0.03993,0.00209,0.03784,-,False
126,2.1,0.31431,0.28049,-0.03382,-0.015,0.04367,0.00191,0.04176,-,False
127,2.1167,0.31406,0.28058,-0.03348,-0.015,0.04097,0.00174,0.03923,-,False
128,2.1333,0.31381,0.2806,-0.03321,-0.015,0.03493,0.00161,0.03332,-,False
129,2.15,0.31356,0.28057,-0.03299,-0.015,0.03459,0.00149,0.03309,-,False
130,2.1667,0.31331,0.28063,-0.03268,-0.015,0.04321,0.00134,0.04188,-,False
131,2.1833,0.31306,0.28079,-0.03227,-0.015,0.0477,0.00114,0.04656,-,False
132,2.2,0.31281,0.28093,-0.03188,-0.015,0.04361,0.00094,0.04268,-,False
133,2.2167,0.31256,0.28099,-0.03157,-0.015,0.03673,0.00079,0.03594,-,False
134,2.2333,0.31231,0.28096,-0.03135,-0.015,0.0334,0.00067,0.03273,-,False
135,2.25,0.31206,0.28092,-0.03114,-0.015,0.03427,0.00057,0.0337,-,False
136,2.2667,0.31181,0.2809,-0.03091,-0.015,0.0353,0.00046,0.03485,-,False
137,2.2833,0.31156,0.28087,-0.03069,-0.015,0.03469,0.00035,0.03434,-,False
138,2.3,0.31131,0.28082,-0.03049,-0.015,0.03372,0.00024,0.03348,-,False
139,2.3167,0.31106,0.28075,-0.03031,-0.015,0.03085,0.00016,0.0307,-,False
140,2.3333,0.31081,0.28065,-0.03016,-0.015,0.0305,8e-05,0.03042,-,False
141,2.35,0.31056,0.28056,-0.03,-0.015,0.0314,0.0,0.03139,-,False
142,2.3667,0.31031,0.28049,-0.02982,-0.015,0.0333,-9e-05,0.03339,-,False
143,2.3833,0.31006,0.28043,-0.02963,-0.015,0.0336,-0.00019,0.03379,-,False
144,2.4,0.30981,0.28038,-0.02942,-0.015,0.03393,-0.00029,0.03421,-,False
145,2.4167,0.30956,0.28036,-0.0292,-0.015,0.03587,-0.0004,0.03627,-,False
146,2.4333,0.30931,0.28031,-0.029,-0.015,0.03202,-0.0005,0.03252,-,False
147,2.45,0.30906,0.28031,-0.02875,-0.015,0.03868,-0.00063,0.03931,-,False
148,2.4667,0.30881,0.28039,-0.02842,-0.015,0.0422,-0.00079,0.04299,-,False
149,2.4833,0.30856,0.2805,-0.02806,-0.015,0.04342,-0.00097,0.04439,-,False
150,2.5,0.30831,0.28058,-0.02773,-0.015,0.04027,-0.00113,0.0414,-,False
151,2.5167,0.30806,0.28066,-0.0274,-0.015,0.04071,-0.0013,0.04201,-,False
152,2.5333,0.30781,0.28075,-0.02706,-0.015,0.0424,-0.00147,0.04386,-,False
153,2.55,0.30756,0.28073,-0.02683,-0.015,0.03123,-0.00159,0.03282,-,False
154,2.5667,0.30731,0.28069,-0.02662,-0.015,0.03476,-0.00169,0.03645,-,False
155,2.5833,0.30706,0.28071,-0.02635,-0.015,0.03961,-0.00183,0.04143,-,False
156,2.6,0.30681,0.28079,-0.02602,-0.015,0.04211,-0.00199,0.0441,-,False
157,2.6167,0.30656,0.28086,-0.0257,-0.015,0.03917,-0.00215,0.04131,-,False
158,2.6333,0.30631,0.28087,-0.02544,-0.015,0.03541,-0.00228,0.03769,-,False
159,2.65,0.30606,0.28085,-0.02521,-0.015,0.03522,-0.00239,0.03761,-,False
160,2.6667,0.30581,0.28081,-0.025,-0.015,0.03355,-0.0025,0.03605,-,False
161,2.6833,0.30556,0.28077,-0.02479,-0.015,0.03482,-0.00261,0.03743,-,False
162,2.7,0.30531,0.28076,-0.02455,-0.015,0.03639,-0.00273,0.03912,-,False
163,2.7167,0.30506,0.28077,-0.02429,-0.015,0.03725,-0.00285,0.0401,-,False
164,2.7333,0.30481,0.28075,-0.02406,-0.015,0.03452,-0.00297,0.03749,-,False
165,2.75,0.30456,0.28068,-0.02388,-0.015,0.03086,-0.00306,0.03392,-,False
166,2.7667,0.30431,0.28059,-0.02372,-0.015,0.03128,-0.00314,0.03442,-,False
167,2.7833,0.30406,0.2805,-0.02356,-0.015,0.03136,-0.00322,0.03458,-,False
168,2.8,0.30381,0.28044,-0.02337,-0.015,0.0336,-0.00331,0.03691,-,False
169,2.8167,0.30356,0.28037,-0.02319,-0.015,0.03208,-0.0034,0.03548,-,False
170,2.8333,0.30331,0.28029,-0.02302,-0.015,0.03146,-0.00349,0.03495,-,False
171,2.85,0.30306,0.28024,-0.02282,-0.015,0.03524,-0.00359,0.03883,-,False
172,2.8667,0.30281,0.28027,-0.02254,-0.015,0.03953,-0.00373,0.04327,-,False
173,2.8833,0.30256,0.28031,-0.02225,-0.015,0.03868,-0.00387,0.04255,-,False
174,2.9,0.30231,0.28028,-0.02203,-0.015,0.03251,-0.00399,0.03649,-,False
175,2.9167,0.30206,0.28028,-0.02178,-0.015,0.03804,-0.00411,0.04215,-,False
176,2.9333,0.30181,0.2803,-0.02151,-0.015,0.03811,-0.00425,0.04236,-,False
177,2.95,0.30156,0.28034,-0.02122,-0.015,0.03841,-0.00439,0.0428,-,False
178,2.9667,0.30131,0.28036,-0.02095,-0.015,0.03736,-0.00453,0.04188,-,False
179,2.9833,0.30106,0.28041,-0.02065,-0.015,0.03958,-0.00467,0.04425,-,False
180,3.0,0.30081,0.28044,-0.02037,-0.015,0.03894,-0.00482,0.04375,-,False
181,3.0167,0.30056,0.28039,-0.02017,-0.015,0.02925,-0.00491,0.03416,-,False
182,3.0333,0.30031,0.28032,-0.01999,-0.015,0.03425,-0.005,0.03925,-,False
183,3.05,0.30006,0.28025,-0.01981,-0.015,0.03121,-0.00509,0.03631,-,False
184,3.0667,0.29981,0.28022,-0.01959,-0.015,0.03712,-0.00521,0.04232,-,False
185,3.0833,0.29956,0.28026,-0.0193,-0.015,0.03943,-0.00535,0.04478,-,False
186,3.1,0.29931,0.28026,-0.01905,-0.015,0.03493,-0.00547,0.0404,-,False
187,3.1167,0.29906,0.28026,-0.0188,-0.015,0.03713,-0.0056,0.04273,-,False
188,3.1333,0.29881,0.28022,-0.01859,-0.015,0.03289,-0.00571,0.0386,-,False
189,3.15,0.29856,0.28024,-0.01832,-0.015,0.03993,-0.00584,0.04577,-,False
190,3.1667,0.29831,0.28029,-0.01802,-0.015,0.03874,-0.00599,0.04473,-,False
191,3.1833,0.29806,0.28032,-0.01774,-0.015,0.0371,-0.00613,0.04323,-,False
192,3.2,0.29781,0.28031,-0.0175,-0.015,0.03551,-0.00625,0.04176,-,False
193,3.2167,0.29756,0.28028,-0.01728,-0.015,0.03421,-0.00636,0.04057,-,False
194,3.2333,0.29731,0.28026,-0.01705,-0.015,0.03588,-0.00648,0.04236,-,False
195,3.25,0.29706,0.2802,-0.01686,-0.015,0.03191,-0.00657,0.03848,-,False
196,3.2667,0.29681,0.28017,-0.01664,-0.015,0.0361,-0.00668,0.04278,-,False
197,3.2833,0.29656,0.28015,-0.01641,-0.015,0.03552,-0.0068,0.04232,-,False
198,3.3,0.29631,0.28013,-0.01618,-0.015,0.03516,-0.00691,0.04207,-,False
199,3.3167,0.29606,0.28011,-0.01595,-0.015,0.03548,-0.00703,0.0425,-,False
200,3.3333,0.29581,0.28011,-0.0157,-0.015,0.03591,-0.00715,0.04305,-,False
201,3.35,0.29556,0.28004,-0.01552,-0.015,0.03104,-0.00724,0.03828,-,False
202,3.3667,0.29531,0.28,-0.01531,-0.015,0.03568,-0.00735,0.04302,-,False
203,3.3833,0.29506,0.27999,-0.01507,-0.015,0.03589,-0.00746,0.04335,-,False
204,3.4,0.29481,0.27998,-0.01483,-0.015,0.03565,-0.00759,0.04323,-,False
205,3.4167,0.29456,0.27996,-0.0146,-0.015,0.03523,-0.0077,0.04293,-,False
206,3.4333,0.29431,0.2799,-0.01441,-0.015,0.03138,-0.00779,0.03917,-,False
207,3.45,0.29406,0.27988,-0.01418,-0.015,0.03774,-0.00791,0.04565,-,False
208,3.4667,0.29381,0.2799,-0.01391,-0.015,0.03759,-0.00804,0.04563,-,False
209,3.4833,0.29356,0.27991,-0.01365,-0.015,0.03746,-0.00818,0.04563,-,False
210,3.5,0.29331,0.27993,-0.01338,-0.015,0.03781,-0.00831,0.04612,-,False
211,3.5167,0.29306,0.27995,-0.01311,-0.015,0.03801,-0.00845,0.04646,-,False
212,3.5333,0.29281,0.27996,-0.01285,-0.015,0.03665,-0.00858,0.04523,-,False
213,3.55,0.29256,0.27988,-0.01268,-0.015,0.02924,-0.00866,0.0379,-,False
214,3.5667,0.29231,0.27985,-0.01246,-0.015,0.03754,-0.00877,0.04631,-,False
215,3.5833,0.29206,0.27984,-0.01222,-0.015,0.03559,-0.00889,0.04448,-,False
216,3.6,0.29181,0.2798,-0.01201,-0.015,0.03286,-0.00899,0.04185,-,False
217,3.6167,0.29156,0.27976,-0.0118,-0.015,0.03563,-0.0091,0.04473,-,False
218,3.6333,0.29131,0.27973,-0.01158,-0.015,0.03487,-0.00921,0.04408,-,False
219,3.65,0.29106,0.27967,-0.01139,-0.015,0.03244,-0.00931,0.04174,-,False
220,3.6667,0.29081,0.27964,-0.01117,-0.015,0.0357,-0.00942,0.04512,-,False
221,3.6833,0.29056,0.27963,-0.01093,-0.015,0.03613,-0.00954,0.04567,-,False
222,3.7,0.29031,0.27956,-0.01075,-0.015,0.03014,-0.00962,0.03976,-,False
223,3.7167,0.29006,0.2795,-0.01056,-0.015,0.03504,-0.00972,0.04476,-,False
224,3.7333,0.28981,0.27951,-0.0103,-0.015,0.03876,-0.00985,0.04861,-,False
225,3.75,0.28956,0.27951,-0.01005,-0.015,0.03589,-0.00998,0.04586,-,False
226,3.7667,0.28931,0.27952,-0.00979,-0.015,0.03789,-0.01011,0.048,-,False
227,3.7833,0.28906,0.27959,-0.00947,-0.015,0.04238,-0.01026,0.05264,-,False
228,3.8,0.28881,0.27965,-0.00916,-0.015,0.03915,-0.01042,0.04957,-,False
229,3.8167,0.28856,0.27971,-0.00885,-0.015,0.04046,-0.01058,0.05104,-,False
230,3.8333,0.28831,0.27976,-0.00855,-0.015,0.03923,-0.01073,0.04995,-,False
231,3.85,0.28806,0.27979,-0.00827,-0.015,0.0376,-0.01086,0.04846,-,False
232,3.8667,0.28781,0.27975,-0.00806,-0.015,0.03219,-0.01097,0.04315,-,False
233,3.8833,0.28756,0.27977,-0.00779,-0.015,0.04101,-0.0111,0.05211,-,False
234,3.9,0.28731,0.27983,-0.00748,-0.015,0.0391,-0.01126,0.05035,-,False
235,3.9167,0.28706,0.27986,-0.0072,-0.015,0.03803,-0.0114,0.04943,-,False
236,3.9333,0.28681,0.27985,-0.00696,-0.015,0.03506,-0.01152,0.04658,-,False
237,3.95,0.28656,0.27979,-0.00677,-0.015,0.03193,-0.01161,0.04354,-,False
238,3.9667,0.28631,0.27973,-0.00658,-0.015,0.03374,-0.01171,0.04545,-,False
239,3.9833,0.28606,0.27972,-0.00634,-0.015,0.03739,-0.01183,0.04922,-,False
240,4.0,0.28581,0.27971,-0.0061,-0.015,0.03578,-0.01195,0.04773,-,False
241,4.0167,0.28556,0.27965,-0.00591,-0.015,0.03171,-0.01205,0.04375,-,False
242,4.0333,0.28531,0.27967,-0.00564,-0.015,0.041,-0.01218,0.05318,-,False
243,4.05,0.28506,0.27976,-0.0053,-0.015,0.04288,-0.01235,0.05524,-,False
244,4.0667,0.28481,0.27983,-0.00498,-0.015,0.03968,-0.01251,0.05219,-,False
245,4.0833,0.28456,0.27984,-0.00472,-0.015,0.03563,-0.01264,0.04827,-,False
246,4.1,0.28431,0.27981,-0.0045,-0.015,0.03471,-0.01275,0.04746,-,False
247,4.1167,0.28406,0.2798,-0.00426,-0.015,0.03626,-0.01287,0.04913,-,False
248,4.1333,0.28381,0.27981,-0.004,-0.015,0.03785,-0.013,0.05085,-,False
249,4.15,0.28356,0.27982,-0.00374,-0.015,0.03675,-0.01313,0.04988,-,False
250,4.1667,0.28331,0.27985,-0.00346,-0.015,0.03939,-0.01327,0.05266,-,False
251,4.1833,0.28306,0.27987,-0.00319,-0.015,0.03704,-0.01341,0.05045,-,False
252,4.2,0.28281,0.27987,-0.00294,-0.015,0.03624,-0.01353,0.04977,-,False
253,4.2167,0.28256,0.27986,-0.0027,-0.015,0.03532,-0.01365,0.04897,-,False
254,4.2333,0.28231,0.27983,-0.00248,-0.015,0.03432,-0.01376,0.04808,-,False
255,4.25,0.28206,0.2798,-0.00226,-0.015,0.03485,-0.01387,0.04872,-,False
256,4.2667,0.28181,0.27977,-0.00204,-0.015,0.03586,-0.01398,0.04984,-,False
257,4.2833,0.28156,0.27973,-0.00183,-0.015,0.03314,-0.01408,0.04723,-,False
258,4.3,0.28131,0.27968,-0.00163,-0.015,0.03417,-0.01419,0.04835,-,False
259,4.3167,0.28106,0.27956,-0.0015,-0.015,0.02717,-0.01425,0.04142,-,False
260,4.3333,0.28081,0.27952,-0.00129,-0.015,0.03784,-0.01435,0.0522,-,False
261,4.35,0.28056,0.27954,-0.00102,-0.015,0.03844,-0.01449,0.05293,-,False
262,4.3667,0.28031,0.27953,-0.00078,-0.015,0.03467,-0.01461,0.04928,-,False
263,4.3833,0.28006,0.27952,-0.00054,-0.015,0.03728,-0.01473,0.05202,-,False
264,4.4,0.27981,0.27952,-0.00029,-0.015,0.03578,-0.01485,0.05064,-,False
265,4.4167,0.27956,0.2795,-6e-05,-0.015,0.03561,-0.01497,0.05058,-,False
266,4.4333,0.27931,0.27948,0.00017,-0.015,0.03626,-0.01509,0.05135,-,False
267,4.45,0.27906,0.27948,0.00042,-0.015,0.03663,-0.01521,0.05184,-,False
268,4.4667,0.27881,0.27945,0.00064,-0.015,0.0339,-0.01532,0.04922,-,False
269,4.4833,0.27856,0.27947,0.00091,-0.015,0.0413,-0.01546,0.05676,-,False
270,4.5,0.27831,0.27952,0.00121,-0.015,0.03863,-0.01561,0.05423,-,False
271,4.5167,0.27806,0.27955,0.00149,-0.015,0.03823,-0.01575,0.05397,-,False
272,4.5333,0.27781,0.27958,0.00177,-0.015,0.03893,-0.01589,0.05482,-,False
273,4.55,0.27756,0.27962,0.00206,-0.015,0.03942,-0.01603,0.05545,-,False
274,4.5667,0.27731,0.27959,0.00228,-0.015,0.03183,-0.01614,0.04797,-,False
275,4.5833,0.27706,0.27962,0.00256,-0.015,0.04158,-0.01628,0.05786,-,False
276,4.6,0.27681,0.27969,0.00288,-0.015,0.04136,-0.01644,0.0578,-,False
277,4.6167,0.27656,0.27974,0.00318,-0.015,0.03795,-0.01659,0.05454,-,False
278,4.6333,0.27631,0.27973,0.00342,-0.015,0.03449,-0.01671,0.0512,-,False
279,4.65,0.27606,0.27973,0.00367,-0.015,0.03848,-0.01683,0.05531,-,False
280,4.6667,0.27581,0.27975,0.00394,-0.015,0.03776,-0.01697,0.05473,-,False
281,4.6833,0.27556,0.27975,0.0042,-0.015,0.03673,-0.0171,0.05382,-,False
282,4.7,0.27531,0.27978,0.00447,-0.015,0.03903,-0.01724,0.05627,-,False
283,4.7167,0.27506,0.2798,0.00474,-0.015,0.03708,-0.01737,0.05444,-,False
284,4.7333,0.27481,0.27973,0.00492,-0.015,0.02988,-0.01746,0.04734,-,False
285,4.75,0.27456,0.27964,0.00508,-0.015,0.03219,-0.01754,0.04973,-,False
286,4.7667,0.27431,0.27959,0.00528,-0.015,0.0353,-0.01764,0.05294,-,False
287,4.7833,0.27406,0.27955,0.00549,-0.015,0.03482,-0.01775,0.05257,-,False
288,4.8,0.27381,0.27953,0.00572,-0.015,0.03629,-0.01786,0.05415,-,False
289,4.8167,0.27356,0.2795,0.00594,-0.015,0.0348,-0.01797,0.05276,-,False
290,4.8333,0.27331,0.27946,0.00615,-0.015,0.03431,-0.01807,0.05238,-,False
291,4.85,0.27306,0.27944,0.00638,-0.015,0.03614,-0.01819,0.05433,-,False
292,4.8667,0.27281,0.27949,0.00668,-0.015,0.04247,-0.01834,0.06081,-,False
293,4.8833,0.27256,0.27951,0.00695,-0.015,0.03539,-0.01847,0.05386,-,False
294,4.9,0.27231,0.27954,0.00723,-0.015,0.04028,-0.01861,0.0589,-,False
295,4.9167,0.27206,0.27968,0.00762,-0.015,0.0485,-0.01881,0.06731,-,False
296,4.9333,0.27181,0.27984,0.00803,-0.015,0.04607,-0.01902,0.06509,-,False
297,4.95,0.27156,0.27984,0.00828,-0.015,0.03084,-0.01914,0.04998,-,False
298,4.9667,0.27131,0.27978,0.00847,-0.015,0.03368,-0.01924,0.05291,-,False
299,4.9833,0.27106,0.27958,0.00852,-0.015,0.02001,-0.01926,0.03927,-,False
300,5.0,0.27081,0.27944,0.00863,-0.015,0.03223,-0.01931,0.05155,-,False
301,5.0167,0.27056,0.27941,0.00885,-0.015,0.03792,-0.01943,0.05734,-,False
302,5.0333,0.27031,0.27937,0.00906,-0.015,0.03003,-0.01953,0.04956,-,False
303,5.05,0.27006,0.27924,0.00918,-0.015,0.02663,-0.01959,0.04622,-,False
304,5.0667,0.27019,0.27905,0.00886,0.015,0.02285,0.01057,0.01228,+,False
305,5.0833,0.27044,0.2788,0.00836,0.015,0.02186,0.01082,0.01104,+,False
306,5.1,0.27069,0.27862,0.00793,0.015,0.02651,0.01103,0.01548,+,False
307,5.1167,0.27094,0.2785,0.00756,0.015,0.02976,0.01122,0.01854,+,False
308,5.1333,0.27119,0.27846,0.00727,0.015,0.03607,0.01136,0.0247,+,False
309,5.15,0.27144,0.27854,0.0071,0.015,0.04266,0.01145,0.03121,+,False
310,5.1667,0.27169,0.27872,0.00703,0.015,0.04994,0.01148,0.03846,+,False
311,5.1833,0.27194,0.27899,0.00705,0.015,0.05271,0.01147,0.04123,+,False
312,5.2,0.27219,0.27928,0.00709,0.015,0.05223,0.01146,0.04077,+,False
313,5.2167,0.27244,0.27954,0.0071,0.015,0.05018,0.01145,0.03873,+,False
314,5.2333,0.27269,0.27974,0.00705,0.015,0.04556,0.01148,0.03408,+,False
315,5.25,0.27294,0.27988,0.00694,0.015,0.04261,0.01153,0.03108,+,False
316,5.2667,0.27319,0.28001,0.00681,0.015,0.04406,0.01159,0.03246,+,False
317,5.2833,0.27344,0.28015,0.00671,0.015,0.04429,0.01165,0.03265,+,False
318,5.3,0.27369,0.28029,0.0066,0.015,0.04447,0.0117,0.03277,+,False
319,5.3167,0.27394,0.28038,0.00644,0.015,0.03858,0.01178,0.0268,+,False
320,5.3333,0.27419,0.2804,0.00621,0.015,0.03705,0.01189,0.02516,+,False
321,5.35,0.27444,0.28039,0.00595,0.015,0.03377,0.01203,0.02174,+,False
322,5.3667,0.27469,0.2804,0.00571,0.015,0.03856,0.01215,0.02642,+,False
323,5.3833,0.27494,0.28042,0.00548,0.015,0.03765,0.01226,0.02539,+,False
324,5.4,0.27519,0.28042,0.00523,0.015,0.03566,0.01238,0.02328,+,False
325,5.4167,0.27544,0.28041,0.00497,0.015,0.03521,0.01252,0.02269,+,False
326,5.4333,0.27569,0.28037,0.00468,0.015,0.03374,0.01266,0.02108,+,False
327,5.45,0.27594,0.28035,0.00441,0.015,0.03653,0.01279,0.02373,+,False
328,5.4667,0.27619,0.28037,0.00418,0.015,0.03768,0.01291,0.02476,+,False
329,5.4833,0.27644,0.2804,0.00396,0.015,0.03817,0.01302,0.02515,+,False
330,5.5,0.27669,0.28041,0.00372,0.015,0.03764,0.01314,0.0245,+,False
331,5.5167,0.27694,0.28044,0.0035,0.015,0.03789,0.01325,0.02464,+,False
332,5.5333,0.27719,0.28046,0.00327,0.015,0.03783,0.01336,0.02446,+,False
333,5.55,0.27744,0.28047,0.00303,0.015,0.03739,0.01348,0.02391,+,False
334,5.5667,0.27769,0.28052,0.00283,0.015,0.03977,0.01359,0.02619,+,False
335,5.5833,0.27794,0.28055,0.00261,0.015,0.03733,0.0137,0.02364,+,False
336,5.6,0.27819,0.28052,0.00233,0.015,0.03322,0.01383,0.01939,+,False
337,5.6167,0.27844,0.28046,0.00202,0.015,0.03179,0.01399,0.0178,+,False
338,5.6333,0.27869,0.2804,0.00171,0.015,0.03267,0.01415,0.01852,+,False
339,5.65,0.27894,0.28037,0.00143,0.015,0.0361,0.01428,0.02182,+,False
340,5.6667,0.27919,0.28036,0.00117,0.015,0.03527,0.01442,0.02086,+,False
341,5.6833,0.27944,0.28036,0.00092,0.015,0.03746,0.01454,0.02292,+,False
342,5.7,0.27969,0.28041,0.00072,0.015,0.04037,0.01464,0.02573,+,False
343,5.7167,0.27994,0.28048,0.00054,0.015,0.04025,0.01473,0.02552,+,False
344,5.7333,0.28019,0.28057,0.00038,0.015,0.04255,0.01481,0.02774,+,False
345,5.75,0.28044,0.28068,0.00024,0.015,0.04409,0.01488,0.02921,+,False
346,5.7667,0.28069,0.28082,0.00013,0.015,0.04439,0.01494,0.02946,+,False
347,5.7833,0.28094,0.28096,2e-05,0.015,0.0455,0.01499,0.03051,+,False
348,5.8,0.28119,0.28113,-6e-05,0.015,0.04661,0.01503,0.03158,+,False
349,5.8167,0.28144,0.28128,-0.00016,0.015,0.04459,0.01508,0.02951,+,False
350,5.8333,0.28169,0.28143,-0.00026,0.015,0.04631,0.01513,0.03118,+,False
351,5.85,0.28194,0.28162,-0.00032,0.015,0.04916,0.01516,0.034,+,False
352,5.8667,0.28219,0.28178,-0.00041,0.015,0.04424,0.0152,0.02904,+,False
353,5.8833,0.28244,0.28202,-0.00042,0.015,0.05429,0.01521,0.03908,+,False
354,5.9,0.28269,0.28231,-0.00038,0.015,0.05412,0.01519,0.03893,+,False
355,5.9167,0.28294,0.28253,-0.00041,0.015,0.04737,0.0152,0.03217,+,False
356,5.9333,0.28319,0.28267,-0.00052,0.015,0.04311,0.01526,0.02785,+,False
357,5.95,0.28344,0.28273,-0.00071,0.015,0.03905,0.01535,0.0237,+,False
358,5.9667,0.28369,0.28268,-0.00101,0.015,0.03016,0.01551,0.01465,+,False
359,5.9833,0.28394,0.28255,-0.00139,0.015,0.02933,0.01569,0.01363,+,False
360,6.0,0.28419,0.28229,-0.0019,0.015,0.0173,0.01595,0.00135,+,False
361,6.0167,0.28444,0.28189,-0.00255,0.015,0.00963,0.01627,-0.00665,+,False
362,6.0333,0.28469,0.28142,-0.00327,0.015,0.00992,0.01663,-0.00672,+,False
363,6.05,0.28494,0.281,-0.00394,0.015,0.01399,0.01697,-0.00298,+,False
364,6.0667,0.28519,0.28087,-0.00432,0.015,0.03845,0.01716,0.02128,+,False
365,6.0833,0.28544,0.28108,-0.00436,0.015,0.05649,0.01718,0.03931,+,False
366,6.1,0.28569,0.28152,-0.00417,0.015,0.06789,0.01708,0.05081,+,False
367,6.1167,0.28594,0.2821,-0.00384,0.015,0.07312,0.01692,0.05621,+,False
368,6.1333,0.28619,0.28268,-0.00351,0.015,0.06897,0.01676,0.05221,+,False
369,6.15,0.28644,0.28316,-0.00328,0.015,0.06259,0.01664,0.04595,+,False
370,6.1667,0.28669,0.2836,-0.00309,0.015,0.06127,0.01655,0.04473,+,False
371,6.1833,0.28694,0.28393,-0.00301,0.015,0.05325,0.01651,0.03674,+,False
372,6.2,0.28719,0.28419,-0.003,0.015,0.05081,0.0165,0.03431,+,False
373,6.2167,0.28744,0.28443,-0.00301,0.015,0.04983,0.01651,0.03333,+,False
374,6.2333,0.28769,0.28467,-0.00302,0.015,0.05,0.01651,0.03349,+,False
375,6.25,0.28794,0.28474,-0.0032,0.015,0.03352,0.0166,0.01692,+,False
376,6.2667,0.28819,0.2846,-0.00359,0.015,0.02578,0.0168,0.00899,+,False
377,6.2833,0.28844,0.28455,-0.00389,0.015,0.03717,0.01695,0.02022,+,False
378,6.3,0.28869,0.28469,-0.004,0.015,0.05058,0.017,0.03359,+,False
379,6.3167,0.28894,0.28494,-0.004,0.015,0.05247,0.017,0.03547,+,False
380,6.3333,0.28919,0.28519,-0.004,0.015,0.05082,0.017,0.03382,+,False
381,6.35,0.28944,0.28548,-0.00396,0.015,0.05502,0.01698,0.03804,+,False
382,6.3667,0.28969,0.28566,-0.00403,0.015,0.04507,0.01702,0.02805,+,False
383,6.3833,0.28994,0.28572,-0.00422,0.015,0.03735,0.01711,0.02024,+,False
384,6.4,0.29019,0.28572,-0.00447,0.015,0.03457,0.01723,0.01734,+,False
385,6.4167,0.29044,0.28575,-0.00469,0.015,0.04142,0.01735,0.02407,+,False
386,6.4333,0.29069,0.28596,-0.00473,0.015,0.05385,0.01737,0.03649,+,False
387,6.45,0.29094,0.28631,-0.00463,0.015,0.05992,0.01732,0.0426,+,False
388,6.4667,0.29119,0.28677,-0.00442,0.015,0.0658,0.01721,0.04859,+,False
389,6.4833,0.29144,0.28713,-0.00431,0.015,0.05393,0.01716,0.03678,+,False
390,6.5,0.29169,0.28743,-0.00426,0.015,0.05366,0.01713,0.03653,+,False
391,6.5167,0.29194,0.28778,-0.00416,0.015,0.05887,0.01708,0.04179,+,False
392,6.5333,0.29219,0.28819,-0.004,0.015,0.06228,0.017,0.04528,+,False
393,6.55,0.29244,0.28862,-0.00382,0.015,0.0607,0.01691,0.04379,+,False
394,6.5667,0.29269,0.28901,-0.00368,0.015,0.05847,0.01684,0.04163,+,False
395,6.5833,0.29294,0.28932,-0.00362,0.015,0.05174,0.01681,0.03493,+,False
396,6.6,0.29319,0.28943,-0.00376,0.015,0.03498,0.01688,0.0181,+,False
397,6.6167,0.29344,0.28927,-0.00417,0.015,0.02221,0.01708,0.00513,+,False
398,6.6333,0.29369,0.28917,-0.00452,0.015,0.0341,0.01726,0.01684,+,False
399,6.65,0.29394,0.2893,-0.00464,0.015,0.05127,0.01732,0.03395,+,False
400,6.6667,0.29419,0.28962,-0.00457,0.015,0.05796,0.01729,0.04068,+,False
401,6.6833,0.29444,0.29002,-0.00442,0.015,0.06215,0.01721,0.04494,+,False
402,6.7,0.29469,0.29048,-0.00422,0.015,0.06345,0.01711,0.04634,+,False
403,6.7167,0.29494,0.29085,-0.00409,0.015,0.0552,0.01705,0.03815,+,False
404,6.7333,0.29519,0.29108,-0.00411,0.015,0.04621,0.01706,0.02915,+,False
405,6.75,0.29544,0.29115,-0.00429,0.015,0.03882,0.01714,0.02168,+,False
406,6.7667,0.29569,0.29124,-0.00445,0.015,0.04244,0.01722,0.02521,+,False
407,6.7833,0.29594,0.29142,-0.00452,0.015,0.05025,0.01726,0.03299,+,False
408,6.8,0.29619,0.29161,-0.00458,0.015,0.04741,0.01729,0.03012,+,False
409,6.8167,0.29644,0.29179,-0.00465,0.015,0.04501,0.01732,0.02769,+,False
410,6.8333,0.29669,0.29195,-0.00474,0.015,0.0468,0.01737,0.02944,+,False
411,6.85,0.29694,0.29223,-0.00471,0.015,0.05738,0.01735,0.04002,+,False
412,6.8667,0.29719,0.29267,-0.00452,0.015,0.06537,0.01726,0.04811,+,False
413,6.8833,0.29744,0.29313,-0.00431,0.015,0.06369,0.01715,0.04653,+,False
414,6.9,0.29769,0.29349,-0.0042,0.015,0.05422,0.0171,0.03712,+,False
415,6.9167,0.29794,0.29374,-0.0042,0.015,0.04888,0.0171,0.03179,+,False
416,6.9333,0.29819,0.29397,-0.00422,0.015,0.05264,0.01711,0.03553,+,False
417,6.95,0.29844,0.29424,-0.0042,0.015,0.05254,0.0171,0.03544,+,False
418,6.9667,0.29869,0.29456,-0.00414,0.015,0.05644,0.01707,0.03937,+,False
419,6.9833,0.29894,0.29488,-0.00406,0.015,0.05584,0.01703,0.03881,+,False
420,7.0,0.29919,0.29521,-0.00398,0.015,0.05557,0.01699,0.03858,+,False
421,7.0167,0.29944,0.29548,-0.00396,0.015,0.04944,0.01698,0.03246,+,False
422,7.0333,0.29969,0.29563,-0.00406,0.015,0.04698,0.01703,0.02996,+,False
423,7.05,0.29994,0.29579,-0.00415,0.015,0.04714,0.01708,0.03006,+,False
424,7.0667,0.30019,0.29615,-0.00404,0.015,0.06557,0.01702,0.04855,+,False
425,7.0833,0.30044,0.29658,-0.00386,0.015,0.06025,0.01693,0.04331,+,False
426,7.1,0.30069,0.29679,-0.0039,0.015,0.04371,0.01695,0.02676,+,False
427,7.1167,0.30094,0.29673,-0.00421,0.015,0.01773,0.0171,0.00063,+,False
428,7.1333,0.30119,0.29634,-0.00485,0.015,0.00376,0.01743,-0.01366,+,False
429,7.15,0.30144,0.2956,-0.00584,0.015,-0.02054,0.01792,-0.03846,+,False
430,7.1667,0.30169,0.29417,-0.00752,0.015,-0.07859,0.01876,-0.09735,+,False
431,7.1833,0.30194,0.29188,-0.01006,0.015,-0.13004,0.02003,-0.15007,+,False
432,7.2,0.30219,0.28892,-0.01327,0.015,-0.16413,0.02164,-0.18576,+,False
433,7.2167,0.30244,0.28519,-0.01725,0.015,-0.20398,0.02362,-0.2276,+,False
434,7.2333,0.30306,0.3164,0.01334,-0.015,-0.0159,-0.02167,0.00577,-,True
435,7.25,0.30281,0.3134,0.01059,-0.015,-0.16959,-0.0203,-0.14929,-,False
436,7.2667,0.30256,0.30848,0.00592,-0.015,-0.34305,-0.01796,-0.32509,-,False
437,7.2833,0.30231,0.30093,-0.00138,-0.015,-0.49148,-0.01431,-0.47717,-,False
438,7.3,0.30206,0.29093,-0.01113,-0.015,-0.64902,-0.00944,-0.63958,-,False
439,7.3167,0.30181,0.27947,-0.02234,-0.015,-0.61585,-0.00383,-0.61202,-,False
440,7.3333,0.30156,0.26992,-0.03164,-0.015,-0.46269,0.00082,-0.46351,-,False
441,7.35,0.30131,0.26337,-0.03794,-0.015,-0.27083,0.00397,-0.27481,-,False
442,7.3667,0.30106,0.25991,-0.04115,-0.015,-0.08842,0.00558,-0.094,-,False
443,7.3833,0.30081,0.25927,-0.04154,-0.015,0.06928,0.00577,0.06351,-,False
444,7.4,0.30056,0.26052,-0.04004,-0.015,0.1579,0.00502,0.15288,-,False
445,7.4167,0.30031,0.26281,-0.0375,-0.015,0.1934,0.00375,0.18965,-,False
446,7.4333,0.30006,0.26531,-0.03475,-0.015,0.18622,0.00237,0.18385,-,False
447,7.45,0.29981,0.26751,-0.0323,-0.015,0.16002,0.00115,0.15887,-,False
448,7.4667,0.29956,0.2693,-0.03026,-0.015,0.14097,0.00013,0.14084,-,False
449,7.4833,0.29931,0.27082,-0.02849,-0.015,0.11639,-0.00075,0.11714,-,False
450,7.5,0.29906,0.27177,-0.02729,-0.015,0.07911,-0.00135,0.08047,-,False
451,7.5167,0.29881,0.27206,-0.02675,-0.015,0.03805,-0.00163,0.03967,-,False
452,7.5333,0.29856,0.27178,-0.02678,-0.015,0.00814,-0.00161,0.00975,-,False
453,7.55,0.29831,0.27134,-0.02697,-0.015,0.01489,-0.00152,0.0164,-,False
454,7.5667,0.29806,0.27125,-0.02681,-0.015,0.04385,-0.0016,0.04544,-,False
455,7.5833,0.29781,0.27151,-0.0263,-0.015,0.06179,-0.00185,0.06364,-,False
456,7.6,0.29756,0.27198,-0.02558,-0.015,0.06915,-0.00221,0.07136,-,False
457,7.6167,0.29731,0.27251,-0.0248,-0.015,0.06956,-0.0026,0.07216,-,False
458,7.6333,0.29706,0.27313,-0.02393,-0.015,0.07683,-0.00304,0.07986,-,False
459,7.65,0.29681,0.27386,-0.02295,-0.015,0.08404,-0.00352,0.08757,-,False
460,7.6667,0.29656,0.27463,-0.02193,-0.015,0.08346,-0.00404,0.0875,-,False
461,7.6833,0.29631,0.27539,-0.02092,-0.015,0.08188,-0.00454,0.08642,-,False
462,7.7,0.29606,0.27615,-0.01991,-0.015,0.08181,-0.00504,0.08685,-,False
463,7.7167,0.29581,0.27693,-0.01888,-0.015,0.08187,-0.00556,0.08743,-,False
464,7.7333,0.29556,0.2775,-0.01806,-0.015,0.06242,-0.00597,0.06839,-,False
465,7.75,0.29531,0.27794,-0.01737,-0.015,0.06255,-0.00631,0.06886,-,False
466,7.7667,0.29506,0.27847,-0.01659,-0.015,0.07169,-0.00671,0.0784,-,False
467,7.7833,0.29481,0.27902,-0.01579,-0.015,0.06775,-0.00711,0.07485,-,False
468,7.8,0.29456,0.27958,-0.01498,-0.015,0.06915,-0.00751,0.07666,-,False
469,7.8167,0.29431,0.28016,-0.01415,-0.015,0.07105,-0.00793,0.07898,-,False
470,7.8333,0.29406,0.28074,-0.01332,-0.015,0.06917,-0.00834,0.07751,-,False
471,7.85,0.29381,0.28127,-0.01254,-0.015,0.06556,-0.00873,0.07429,-,False
472,7.8667,0.29356,0.28174,-0.01183,-0.015,0.06214,-0.00909,0.07122,-,False
473,7.8833,0.29331,0.28216,-0.01115,-0.015,0.06007,-0.00942,0.06949,-,False
474,7.9,0.29306,0.28246,-0.0106,-0.015,0.05031,-0.0097,0.06001,-,False
475,7.9167,0.29281,0.28262,-0.01019,-0.015,0.04178,-0.0099,0.05168,-,False
476,7.9333,0.29256,0.28266,-0.0099,-0.015,0.03671,-0.01005,0.04676,-,False
477,7.95,0.29231,0.28292,-0.00939,-0.015,0.05856,-0.0103,0.06886,-,False
478,7.9667,0.29206,0.28336,-0.0087,-0.015,0.06645,-0.01065,0.0771,-,False
479,7.9833,0.29181,0.28394,-0.00787,-0.015,0.07332,-0.01107,0.08439,-,False
480,8.0,0.29156,0.28458,-0.00698,-0.015,0.07479,-0.01151,0.0863,-,False
481,8.0167,0.29131,0.28526,-0.00605,-0.015,0.07694,-0.01198,0.08891,-,False
482,8.0333,0.29106,0.28587,-0.00519,-0.015,0.06888,-0.01241,0.08128,-,False
483,8.05,0.29081,0.28644,-0.00437,-0.015,0.06937,-0.01282,0.08219,-,False
484,8.0667,0.29056,0.28697,-0.00359,-0.015,0.06407,-0.0132,0.07727,-,False
485,8.0833,0.29031,0.28742,-0.00289,-0.015,0.06131,-0.01355,0.07487,-,False
486,8.1,0.29006,0.28778,-0.00228,-0.015,0.05377,-0.01386,0.06762,-,False
487,8.1167,0.28981,0.28793,-0.00188,-0.015,0.03881,-0.01406,0.05287,-,False
488,8.1333,0.28956,0.28799,-0.00157,-0.015,0.03851,-0.01422,0.05273,-,False
489,8.15,0.28931,0.28809,-0.00122,-0.015,0.04641,-0.01439,0.06081,-,False
490,8.1667,0.28906,0.28821,-0.00085,-0.015,0.04106,-0.01458,0.05564,-,False
491,8.1833,0.28881,0.28826,-0.00055,-0.015,0.0367,-0.01473,0.05143,-,False
492,8.2,0.28856,0.28808,-0.00048,-0.015,0.01879,-0.01476,0.03355,-,False
493,8.2167,0.28831,0.28785,-0.00046,-0.015,0.02052,-0.01477,0.03529,-,False
494,8.2333,0.28806,0.2876,-0.00046,-0.015,0.02194,-0.01477,0.03671,-,False
495,8.25,0.28781,0.28745,-0.00036,-0.015,0.02918,-0.01482,0.044,-,False
496,8.2667,0.28756,0.28748,-8e-05,-0.015,0.04288,-0.01496,0.05783,-,False
497,8.2833,0.28731,0.2876,0.00029,-0.015,0.04156,-0.01514,0.0567,-,False
498,8.3,0.28706,0.2878,0.00074,-0.015,0.05008,-0.01537,0.06545,-,False
499,8.3167,0.28681,0.28806,0.00125,-0.015,0.05164,-0.01563,0.06726,-,False
500,8.3333,0.28656,0.2884,0.00184,-0.015,0.05729,-0.01592,0.07321,-,False
501,8.35,0.28631,0.28875,0.00244,-0.015,0.05306,-0.01622,0.06928,-,False
502,8.3667,0.28606,0.28903,0.00297,-0.015,0.05012,-0.01648,0.0666,-,False
503,8.3833,0.28581,0.28922,0.00341,-0.015,0.04311,-0.0167,0.05982,-,False
504,8.4,0.28556,0.28936,0.0038,-0.015,0.04264,-0.0169,0.05954,-,False
505,8.4167,0.28531,0.28949,0.00418,-0.015,0.04275,-0.01709,0.05985,-,False
506,8.4333,0.28506,0.28962,0.00456,-0.015,0.04247,-0.01728,0.05975,-,False
507,8.45,0.28481,0.28986,0.00505,-0.015,0.05322,-0.01752,0.07075,-,False
508,8.4667,0.28456,0.29018,0.00562,-0.015,0.05611,-0.01781,0.07392,-,False
509,8.4833,0.28431,0.29049,0.00618,-0.015,0.05102,-0.01809,0.06911,-,False
510,8.5,0.28406,0.29074,0.00668,-0.015,0.04875,-0.01834,0.06709,-,False
511,8.5167,0.28381,0.29083,0.00702,-0.015,0.03728,-0.01851,0.05579,-,False
512,8.5333,0.28356,0.29076,0.0072,-0.015,0.0265,-0.0186,0.0451,-,False
513,8.55,0.28331,0.29064,0.00733,-0.015,0.02906,-0.01867,0.04772,-,False
514,8.5667,0.28306,0.29063,0.00757,-0.015,0.03894,-0.01879,0.05772,-,False
515,8.5833,0.28281,0.29071,0.0079,-0.015,0.04248,-0.01895,0.06143,-,False
516,8.6,0.28256,0.29084,0.00828,-0.015,0.04461,-0.01914,0.06375,-,False
517,8.6167,0.28231,0.29107,0.00876,-0.015,0.05181,-0.01938,0.07119,-,False
518,8.6333,0.28206,0.29128,0.00922,-0.015,0.04537,-0.01961,0.06498,-,False
519,8.65,0.28181,0.29145,0.00964,-0.015,0.04549,-0.01982,0.06531,-,False
520,8.6667,0.28156,0.29136,0.0098,-0.015,0.02296,-0.0199,0.04286,-,False
521,8.6833,0.28131,0.29109,0.00978,-0.015,0.01736,-0.01989,0.03725,-,False
522,8.7,0.28106,0.2909,0.00984,-0.015,0.02889,-0.01992,0.04881,-,False
523,8.7167,0.28081,0.29082,0.01001,-0.015,0.03374,-0.02,0.05375,-,False
524,8.7333,0.28056,0.29082,0.01026,-0.015,0.03801,-0.02013,0.05814,-,False
525,8.75,0.28031,0.29089,0.01058,-0.015,0.04263,-0.02029,0.06292,-,False
526,8.7667,0.28006,0.29102,0.01096,-0.015,0.04449,-0.02048,0.06496,-,False
527,8.7833,0.27981,0.29114,0.01133,-0.015,0.04241,-0.02066,0.06308,-,False
528,8.8,0.27956,0.29114,0.01158,-0.015,0.02875,-0.02079,0.04954,-,False
529,8.8167,0.27931,0.29098,0.01167,-0.015,0.02612,-0.02083,0.04695,-,False
530,8.8333,0.27906,0.291,0.01194,-0.015,0.04048,-0.02097,0.06144,-,False
531,8.85,0.27881,0.29103,0.01222,-0.015,0.03889,-0.02111,0.05999,-,False
532,8.8667,0.27856,0.29108,0.01252,-0.015,0.03917,-0.02126,0.06043,-,False
533,8.8833,0.27831,0.29102,0.01271,-0.015,0.02902,-0.02135,0.05037,-,False
534,8.9,0.27806,0.29075,0.01269,-0.015,0.01565,-0.02134,0.03699,-,False
535,8.9167,0.27781,0.29046,0.01265,-0.015,0.02053,-0.02132,0.04185,-,False
536,8.9333,0.27756,0.29016,0.0126,-0.015,0.01901,-0.0213,0.04031,-,False
537,8.95,0.27731,0.28988,0.01256,-0.015,0.01895,-0.02128,0.04023,-,False
538,8.9667,0.27706,0.28959,0.01253,-0.015,0.02155,-0.02127,0.04282,-,False
539,8.9833,0.27681,0.28952,0.01271,-0.015,0.03862,-0.02135,0.05997,-,False
540,9.0,0.27656,0.28975,0.01319,-0.015,0.05838,-0.02159,0.07997,-,False
541,9.0167,0.27631,0.29012,0.01381,-0.015,0.06033,-0.02191,0.08223,-,False
542,9.0333,0.27606,0.29054,0.01448,-0.015,0.06284,-0.02224,0.08508,-,False
543,9.05,0.27581,0.29082,0.01501,-0.015,0.04772,-0.02251,0.07022,-,False
544,9.0667,0.27556,0.29103,0.01547,-0.015,0.05057,-0.02274,0.07331,-,False
545,9.0833,0.27531,0.29118,0.01587,-0.015,0.04183,-0.02293,0.06476,-,False
546,9.1,0.27506,0.29119,0.01613,-0.015,0.03474,-0.02307,0.05781,-,False
547,9.1167,0.27481,0.29108,0.01627,-0.015,0.02791,-0.02314,0.05104,-,False
548,9.1333,0.27456,0.29085,0.01629,-0.015,0.02243,-0.02315,0.04557,-,False
549,9.15,0.27431,0.29059,0.01628,-0.015,0.02179,-0.02314,0.04493,-,False
550,9.1667,0.27406,0.29051,0.01645,-0.015,0.03896,-0.02322,0.06219,-,False
551,9.1833,0.27381,0.29063,0.01682,-0.015,0.04915,-0.02341,0.07256,-,False
552,9.2,0.27356,0.29086,0.0173,-0.015,0.05202,-0.02365,0.07567,-,False
553,9.2167,0.27331,0.29115,0.01784,-0.015,0.05507,-0.02392,0.07899,-,False
554,9.2333,0.27306,0.29138,0.01832,-0.015,0.04774,-0.02416,0.0719,-,False
555,9.25,0.27281,0.29138,0.01857,-0.015,0.03128,-0.02428,0.05556,-,False
556,9.2667,0.27256,0.29132,0.01876,-0.015,0.03472,-0.02438,0.0591,-,False
557,9.2833,0.27231,0.29133,0.01902,-0.015,0.04017,-0.02451,0.06468,-,False
558,9.3,0.27206,0.29146,0.0194,-0.015,0.04868,-0.0247,0.07338,-,False
559,9.3167,0.27181,0.29154,0.01973,-0.015,0.03659,-0.02486,0.06145,-,False
560,9.3333,0.27156,0.29146,0.0199,-0.015,0.02913,-0.02495,0.05408,-,False
561,9.35,0.27131,0.29103,0.01972,-0.015,-0.00125,-0.02486,0.02362,-,False
562,9.3667,0.27106,0.29025,0.01919,-0.015,-0.02244,-0.0246,0.00216,-,False
563,9.3833,0.27081,0.28913,0.01832,-0.015,-0.04439,-0.02416,-0.02023,-,False
564,9.4,0.27056,0.28748,0.01692,-0.015,-0.07558,-0.02346,-0.05212,-,False
565,9.4167,0.27031,0.28533,0.01502,-0.015,-0.11855,-0.02251,-0.09604,-,False
566,9.4333,0.27006,0.28221,0.01215,-0.015,-0.18628,-0.02108,-0.1652,-,False
567,9.45,0.27019,0.27854,0.00835,0.015,-0.19618,0.01083,-0.207,+,False
568,9.4667,0.27044,0.27463,0.00419,0.015,-0.20856,0.01291,-0.22146,+,False
569,9.4833,0.27069,0.27085,0.00016,0.015,-0.18358,0.01492,-0.1985,+,False
570,9.5,0.27094,0.26777,-0.00317,0.015,-0.1308,0.01658,-0.14738,+,False
571,9.5167,0.27119,0.26575,-0.00544,0.015,-0.05036,0.01772,-0.06808,+,False
572,9.5333,0.27144,0.26535,-0.00609,0.015,0.04657,0.01805,0.02852,+,False
573,9.55,0.27169,0.26627,-0.00542,0.015,0.1363,0.01771,0.11859,+,False
574,9.5667,0.27194,0.26857,-0.00337,0.015,0.20201,0.01668,0.18533,+,False
575,9.5833,0.27219,0.27155,-0.00064,0.015,0.22866,0.01532,0.21334,+,False
576,9.6,0.27244,0.27452,0.00208,0.015,0.22205,0.01396,0.20809,+,False
577,9.6167,0.27269,0.2772,0.00451,0.015,0.1798,0.01274,0.16706,+,False
578,9.6333,0.27294,0.27882,0.00588,0.015,0.11698,0.01206,0.10492,+,False
579,9.65,0.27319,0.27966,0.00647,0.015,0.06857,0.01177,0.0568,+,False
580,9.6667,0.27344,0.2796,0.00616,0.015,0.01286,0.01192,0.00094,+,False
581,9.6833,0.27369,0.27863,0.00494,0.015,-0.0333,0.01253,-0.04583,+,False
582,9.7,0.27394,0.27744,0.0035,0.015,-0.03201,0.01325,-0.04526,+,False
583,9.7167,0.27419,0.27633,0.00214,0.015,-0.01957,0.01393,-0.0335,+,False
584,9.7333,0.27444,0.27568,0.00124,0.015,0.01444,0.01438,6e-05,+,False
585,9.75,0.27469,0.27542,0.00073,0.015,0.03315,0.01463,0.01851,+,False
586,9.7667,0.27494,0.27552,0.00058,0.015,0.05248,0.01471,0.03777,+,False
587,9.7833,0.27519,0.27594,0.00075,0.015,0.07,0.01463,0.05537,+,False
588,9.8,0.27544,0.27672,0.00128,0.015,0.09258,0.01436,0.07821,+,False
589,9.8167,0.27569,0.27775,0.00206,0.015,0.10223,0.01397,0.08826,+,False
590,9.8333,0.27594,0.27886,0.00292,0.015,0.10291,0.01354,0.08937,+,False
591,9.85,0.27619,0.28,0.00381,0.015,0.10337,0.01309,0.09028,+,False
592,9.8667,0.27644,0.28108,0.00464,0.015,0.09631,0.01268,0.08363,+,False
593,9.8833,0.27669,0.28208,0.00539,0.015,0.09101,0.0123,0.0787,+,False
594,9.9,0.27694,0.28278,0.00584,0.015,0.06788,0.01208,0.0558,+,False
595,9.9167,0.27719,0.28328,0.00609,0.015,0.06083,0.01195,0.04888,+,False
596,9.9333,0.27744,0.28354,0.0061,0.015,0.04665,0.01195,0.0347,+,False
597,9.95,0.27769,0.28378,0.00609,0.015,0.05174,0.01195,0.03978,+,False
598,9.9667,0.27794,0.28412,0.00618,0.015,0.05776,0.01191,0.04585,+,False
599,9.9833,0.27819,0.28436,0.00618,0.015,0.04878,0.01191,0.03687,+,False
600,10.0,0.27844,0.28456,0.00612,0.015,0.04629,0.01194,0.03435,+,False
601,10.0167,0.27869,0.28465,0.00596,0.015,0.04033,0.01202,0.02831,+,False
602,10.0333,0.27894,0.28463,0.00569,0.015,0.03423,0.01215,0.02208,+,False
603,10.05,0.27919,0.28456,0.00537,0.015,0.03284,0.01232,0.02052,+,False
604,10.0667,0.27944,0.28441,0.00497,0.015,0.02849,0.01252,0.01598,+,False
605,10.0833,0.27969,0.28422,0.00453,0.015,0.02651,0.01274,0.01377,+,False
606,10.1,0.27994,0.28406,0.00412,0.015,0.03076,0.01294,0.01782,+,False
607,10.1167,0.28019,0.28392,0.00373,0.015,0.02882,0.01314,0.01569,+,False
608,10.1333,0.28044,0.28372,0.00328,0.015,0.02421,0.01336,0.01085,+,False
609,10.15,0.28069,0.28338,0.00269,0.015,0.01561,0.01365,0.00195,+,False
610,10.1667,0.28094,0.28307,0.00213,0.015,0.02024,0.01394,0.00631,+,False
611,10.1833,0.28119,0.28265,0.00146,0.015,0.00979,0.01427,-0.00448,+,False
612,10.2,0.28144,0.28224,0.0008,0.015,0.0135,0.0146,-0.0011,+,False
613,10.2167,0.28169,0.28189,0.0002,0.015,0.0173,0.0149,0.0024,+,False
614,10.2333,0.28194,0.2813,-0.00064,0.015,-0.0021,0.01532,-0.01743,+,False
615,10.25,0.28219,0.28053,-0.00166,0.015,-0.01395,0.01583,-0.02978,+,False
616,10.2667,0.28244,0.27984,-0.0026,0.015,0.00349,0.0163,-0.01281,+,False
617,10.2833,0.28269,0.27947,-0.00322,0.015,0.02302,0.01661,0.0064,+,False
618,10.3,0.28294,0.27904,-0.0039,0.015,0.00917,0.01695,-0.00778,+,False
619,10.3167,0.28319,0.27853,-0.00466,0.015,0.00484,0.01733,-0.01249,+,False
620,10.3333,0.28344,0.27799,-0.00545,0.015,0.00829,0.01773,-0.00943,+,False
621,10.35,0.28369,0.27765,-0.00604,0.015,0.02126,0.01802,0.00323,+,False
622,10.3667,0.28394,0.27741,-0.00653,0.015,0.02729,0.01827,0.00902,+,False
623,10.3833,0.28419,0.27719,-0.007,0.015,0.02076,0.0185,0.00226,+,False
624,10.4,0.28444,0.27687,-0.00757,0.015,0.01805,0.01878,-0.00074,+,False
625,10.4167,0.28469,0.27681,-0.00788,0.015,0.03918,0.01894,0.02024,+,False
626,10.4333,0.28494,0.27691,-0.00803,0.015,0.0494,0.01901,0.03038,+,False
627,10.45,0.28519,0.27705,-0.00814,0.015,0.04263,0.01907,0.02356,+,False
628,10.4667,0.28544,0.27709,-0.00835,0.015,0.0386,0.01917,0.01943,+,False
629,10.4833,0.28569,0.27707,-0.00862,0.015,0.03519,0.01931,0.01588,+,False
630,10.5,0.28594,0.27712,-0.00881,0.015,0.04432,0.01941,0.02492,+,False
631,10.5167,0.28619,0.27727,-0.00892,0.015,0.04683,0.01946,0.02737,+,False
632,10.5333,0.28644,0.27741,-0.00903,0.015,0.0484,0.01952,0.02889,+,False
633,10.55,0.28669,0.27754,-0.00915,0.015,0.04146,0.01958,0.02189,+,False
634,10.5667,0.28694,0.27743,-0.00951,0.015,0.02247,0.01976,0.00271,+,False
635,10.5833,0.28719,0.27719,-0.01,0.015,0.02039,0.02,0.00039,+,False
636,10.6,0.28744,0.2768,-0.01064,0.015,0.01036,0.02032,-0.00996,+,False
637,10.6167,0.28769,0.27628,-0.01141,0.015,0.00248,0.0207,-0.01822,+,False
638,10.6333,0.28794,0.27591,-0.01203,0.015,0.02252,0.02101,0.0015,+,False
639,10.65,0.28819,0.27585,-0.01234,0.015,0.04064,0.02117,0.01947,+,False
640,10.6667,0.28844,0.27587,-0.01257,0.015,0.03782,0.02128,0.01653,+,False
641,10.6833,0.28869,0.27583,-0.01286,0.015,0.03186,0.02143,0.01043,+,False
642,10.7,0.28894,0.2758,-0.01314,0.015,0.03589,0.02157,0.01432,+,False
643,10.7167,0.28919,0.27575,-0.01344,0.015,0.03354,0.02172,0.01182,+,False
644,10.7333,0.28944,0.27568,-0.01376,0.015,0.031,0.02188,0.00912,+,False
645,10.75,0.28969,0.27563,-0.01406,0.015,0.03404,0.02203,0.01201,+,False
646,10.7667,0.28994,0.2756,-0.01434,0.015,0.03334,0.02217,0.01117,+,False
647,10.7833,0.29019,0.27561,-0.01458,0.015,0.03992,0.02229,0.01763,+,False
648,10.8,0.29044,0.27563,-0.01481,0.015,0.03607,0.0224,0.01367,+,False
649,10.8167,0.29069,0.27563,-0.01506,0.015,0.03546,0.02253,0.01292,+,False
650,10.8333,0.29094,0.27571,-0.01523,0.015,0.04353,0.02262,0.02091,+,False
651,10.85,0.29119,0.27582,-0.01537,0.015,0.0433,0.02268,0.02062,+,False
652,10.8667,0.29144,0.27593,-0.01551,0.015,0.04133,0.02275,0.01858,+,False
653,10.8833,0.29169,0.276,-0.01569,0.015,0.0398,0.02284,0.01696,+,False
654,10.9,0.29194,0.27608,-0.01586,0.015,0.0415,0.02293,0.01857,+,False
655,10.9167,0.29219,0.27621,-0.01598,0.015,0.04361,0.02299,0.02062,+,False
656,10.9333,0.29244,0.27634,-0.0161,0.015,0.04491,0.02305,0.02187,+,False
657,10.95,0.29269,0.27652,-0.01617,0.015,0.0483,0.02308,0.02522,+,False
658,10.9667,0.29294,0.27673,-0.01621,0.015,0.0489,0.0231,0.0258,+,False
659,10.9833,0.29319,0.27696,-0.01623,0.015,0.05056,0.02311,0.02745,+,False
660,11.0,0.29344,0.27716,-0.01628,0.015,0.04676,0.02314,0.02362,+,False
661,11.0167,0.29369,0.27736,-0.01633,0.015,0.04849,0.02317,0.02532,+,False
662,11.0333,0.29394,0.27755,-0.01639,0.015,0.04825,0.02319,0.02505,+,False
663,11.05,0.29419,0.27768,-0.01651,0.015,0.04153,0.02325,0.01827,+,False
664,11.0667,0.29444,0.27775,-0.01669,0.015,0.03924,0.02335,0.01589,+,False
665,11.0833,0.29469,0.27774,-0.01695,0.015,0.03382,0.02348,0.01034,+,False
666,11.1,0.29494,0.27762,-0.01732,0.015,0.02559,0.02366,0.00193,+,False
667,11.1167,0.29519,0.27745,-0.01774,0.015,0.02966,0.02387,0.00579,+,False
668,11.1333,0.29544,0.27729,-0.01815,0.015,0.02696,0.02408,0.00288,+,False
669,11.15,0.29569,0.27709,-0.0186,0.015,0.02384,0.0243,-0.00047,+,False
670,11.1667,0.29594,0.27694,-0.019,0.015,0.0322,0.0245,0.0077,+,False
671,11.1833,0.29619,0.2769,-0.01929,0.015,0.03596,0.02465,0.01131,+,False
672,11.2,0.29644,0.2769,-0.01954,0.015,0.03792,0.02477,0.01315,+,False
673,11.2167,0.29669,0.27688,-0.01981,0.015,0.03662,0.02491,0.01171,+,False
674,11.2333,0.29694,0.27687,-0.02007,0.015,0.03719,0.02503,0.01215,+,False
675,11.25,0.29719,0.27686,-0.02033,0.015,0.0366,0.02516,0.01144,+,False
676,11.2667,0.29744,0.27684,-0.0206,0.015,0.03647,0.0253,0.01117,+,False
677,11.2833,0.29769,0.27679,-0.0209,0.015,0.03357,0.02545,0.00813,+,False
678,11.3,0.29794,0.27674,-0.0212,0.015,0.03574,0.0256,0.01014,+,False
679,11.3167,0.29819,0.27671,-0.02148,0.015,0.0356,0.02574,0.00986,+,False
680,11.3333,0.29844,0.27664,-0.0218,0.015,0.03303,0.0259,0.00713,+,False
681,11.35,0.29869,0.27652,-0.02217,0.015,0.02921,0.02608,0.00313,+,False
682,11.3667,0.29894,0.27635,-0.02259,0.015,0.02695,0.02629,0.00065,+,False
683,11.3833,0.29919,0.27615,-0.02304,0.015,0.02386,0.02652,-0.00266,+,False
684,11.4,0.29944,0.27592,-0.02352,0.015,0.02571,0.02676,-0.00104,+,False
685,11.4167,0.29969,0.27575,-0.02394,0.015,0.02916,0.02697,0.00219,+,False
686,11.4333,0.29994,0.27557,-0.02437,0.015,0.02612,0.02719,-0.00106,+,False
687,11.45,0.30019,0.2754,-0.02479,0.015,0.02901,0.02739,0.00162,+,False
688,11.4667,0.30044,0.27529,-0.02515,0.015,0.03225,0.02758,0.00467,+,False
689,11.4833,0.30069,0.27524,-0.02545,0.015,0.03652,0.02772,0.0088,+,False
690,11.5,0.30094,0.2752,-0.02574,0.015,0.0336,0.02787,0.00573,+,False
691,11.5167,0.30119,0.27521,-0.02598,0.015,0.04096,0.02799,0.01297,+,False
692,11.5333,0.30144,0.27529,-0.02615,0.015,0.04362,0.02807,0.01555,+,False
693,11.55,0.30169,0.27539,-0.0263,0.015,0.04302,0.02815,0.01487,+,False
694,11.5667,0.30194,0.27548,-0.02646,0.015,0.04037,0.02823,0.01214,+,False
695,11.5833,0.30219,0.27556,-0.02663,0.015,0.041,0.02831,0.01269,+,False
696,11.6,0.30244,0.27563,-0.02681,0.015,0.04211,0.02841,0.0137,+,False
697,11.6167,0.30269,0.27571,-0.02698,0.015,0.04146,0.02849,0.01298,+,False
698,11.6333,0.30294,0.27566,-0.02728,0.015,0.02862,0.02864,-2e-05,+,False
699,11.65,0.30319,0.27553,-0.02766,0.015,0.02927,0.02883,0.00044,+,False
700,11.6667,0.30344,0.27549,-0.02795,0.015,0.03679,0.02898,0.00781,+,False
701,11.6833,0.30369,0.27554,-0.02815,0.015,0.04317,0.02907,0.01409,+,False
702,11.7,0.30394,0.27568,-0.02826,0.015,0.04591,0.02913,0.01678,+,False
703,11.7167,0.30419,0.27579,-0.0284,0.015,0.04309,0.0292,0.01389,+,False
704,11.7333,0.30444,0.27586,-0.02858,0.015,0.03893,0.02929,0.00964,+,False
705,11.75,0.30469,0.27586,-0.02883,0.015,0.03538,0.02942,0.00597,+,False
706,11.7667,0.30494,0.27582,-0.02912,0.015,0.03353,0.02956,0.00397,+,False
707,11.7833,0.30519,0.27565,-0.02954,0.015,0.02267,0.02977,-0.0071,+,False
708,11.8,0.30544,0.27538,-0.03006,0.015,0.01814,0.03003,-0.01189,+,False
709,11.8167,0.30569,0.27519,-0.0305,0.015,0.03142,0.03025,0.00117,+,False
710,11.8333,0.30594,0.27523,-0.03071,0.015,0.04461,0.03036,0.01425,+,False
711,11.85,0.30619,0.27537,-0.03082,0.015,0.04701,0.03041,0.0166,+,False
712,11.8667,0.30644,0.27548,-0.03096,0.015,0.041,0.03048,0.01052,+,False
713,11.8833,0.30669,0.27555,-0.03114,0.015,0.04155,0.03057,0.01098,+,False
714,11.9,0.30694,0.27564,-0.03129,0.015,0.04326,0.03065,0.01261,+,False
715,11.9167,0.30719,0.27572,-0.03147,0.015,0.04055,0.03073,0.00982,+,False
716,11.9333,0.30744,0.2757,-0.03174,0.015,0.03245,0.03087,0.00158,+,False
717,11.95,0.30769,0.2756,-0.03209,0.015,0.02961,0.03105,-0.00144,+,False
718,11.9667,0.30794,0.2755,-0.03244,0.015,0.03235,0.03122,0.00113,+,False
719,11.9833,0.30819,0.27545,-0.03274,0.015,0.03562,0.03137,0.00425,+,False
720,12.0,0.30844,0.27545,-0.03299,0.015,0.03813,0.03149,0.00663,+,False
721,12.0167,0.30869,0.27537,-0.03332,0.015,0.02815,0.03166,-0.00351,+,False
722,12.0333,0.30894,0.27512,-0.03382,0.015,0.01855,0.03191,-0.01336,+,False
723,12.05,0.30919,0.27494,-0.03425,0.015,0.03048,0.03212,-0.00164,+,False
724,12.0667,0.30944,0.27499,-0.03445,0.015,0.04692,0.03223,0.01469,+,False
725,12.0833,0.30969,0.27519,-0.0345,0.015,0.05146,0.03225,0.01921,+,False
726,12.1,0.30994,0.27534,-0.0346,0.015,0.04249,0.0323,0.0102,+,False
727,12.1167,0.31019,0.2754,-0.03479,0.015,0.03989,0.03239,0.0075,+,False
728,12.1333,0.31044,0.27548,-0.03496,0.015,0.04207,0.03248,0.00959,+,False
729,12.15,0.31069,0.27555,-0.03514,0.015,0.04116,0.03257,0.00859,+,False
730,12.1667,0.31094,0.27551,-0.03543,0.015,0.03068,0.03272,-0.00204,+,False
731,12.1833,0.31119,0.27538,-0.03581,0.015,0.02826,0.0329,-0.00465,+,False
732,12.2,0.31144,0.27532,-0.03612,0.015,0.03595,0.03306,0.00289,+,False
733,12.2167,0.31169,0.27535,-0.03634,0.015,0.04186,0.03317,0.00869,+,False
734,12.2333,0.31194,0.27543,-0.03651,0.015,0.04116,0.03326,0.00791,+,False
735,12.25,0.31219,0.27547,-0.03672,0.015,0.03889,0.03336,0.00553,+,False
736,12.2667,0.31244,0.27547,-0.03697,0.015,0.0367,0.03348,0.00322,+,False
737,12.2833,0.31269,0.27544,-0.03725,0.015,0.03452,0.03362,0.0009,+,False
738,12.3,0.31294,0.27539,-0.03755,0.015,0.03368,0.03378,-0.0001,+,False
739,12.3167,0.31319,0.27532,-0.03787,0.015,0.03315,0.03393,-0.00079,+,False
740,12.3333,0.31344,0.27528,-0.03816,0.015,0.03522,0.03408,0.00114,+,False
741,12.35,0.31369,0.27527,-0.03842,0.015,0.03717,0.03421,0.00296,+,False
742,12.3667,0.31394,0.27519,-0.03875,0.015,0.02981,0.03437,-0.00456,+,False
743,12.3833,0.31419,0.27496,-0.03923,0.015,0.01875,0.03461,-0.01586,+,False
744,12.4,0.31444,0.27477,-0.03967,0.015,0.02925,0.03484,-0.00559,+,False
745,12.4167,0.31469,0.27479,-0.0399,0.015,0.04484,0.03495,0.00989,+,False
746,12.4333,0.31494,0.27495,-0.03999,0.015,0.04836,0.03499,0.01337,+,False
747,12.45,0.31519,0.27514,-0.04005,0.015,0.04752,0.03503,0.0125,+,False
748,12.4667,0.31544,0.27527,-0.04017,0.015,0.0438,0.03508,0.00871,+,False
749,12.4833,0.31569,0.27528,-0.04041,0.015,0.03217,0.03521,-0.00304,+,False
750,12.5,0.31594,0.2751,-0.04084,0.015,0.02222,0.03542,-0.01319,+,False
751,12.5167,0.31619,0.27496,-0.04122,0.015,0.03207,0.03561,-0.00355,+,False
752,12.5333,0.31644,0.27498,-0.04146,0.015,0.04141,0.03573,0.00568,+,False
753,12.55,0.31669,0.27508,-0.04161,0.015,0.04381,0.03581,0.008,+,False
754,12.5667,0.31694,0.27518,-0.04176,0.015,0.04281,0.03588,0.00693,+,False
755,12.5833,0.31719,0.27524,-0.04195,0.015,0.03968,0.03597,0.00371,+,False
756,12.6,0.31744,0.27525,-0.04219,0.015,0.03612,0.03609,3e-05,+,False
757,12.6167,0.31769,0.27523,-0.04246,0.015,0.03527,0.03623,-0.00096,+,False
758,12.6333,0.31794,0.27521,-0.04273,0.015,0.03611,0.03636,-0.00026,+,False
759,12.65,0.31819,0.27521,-0.04298,0.015,0.03691,0.03649,0.00042,+,False
760,12.6667,0.31844,0.27522,-0.04322,0.015,0.03785,0.03661,0.00124,+,False
761,12.6833,0.31869,0.27524,-0.04345,0.015,0.0377,0.03673,0.00098,+,False
762,12.7,0.31894,0.27525,-0.04369,0.015,0.03747,0.03684,0.00063,+,False
763,12.7167,0.31919,0.27526,-0.04393,0.015,0.03688,0.03697,-9e-05,+,False
764,12.7333,0.31944,0.27525,-0.04419,0.015,0.03487,0.0371,-0.00222,+,False
765,12.75,0.31969,0.27523,-0.04446,0.015,0.03608,0.03723,-0.00115,+,False
766,12.7667,0.31994,0.27526,-0.04468,0.015,0.03972,0.03734,0.00238,+,False
767,12.7833,0.32019,0.27519,-0.045,0.015,0.02878,0.0375,-0.00872,+,False
768,12.8,0.32044,0.27508,-0.04536,0.015,0.02957,0.03768,-0.00812,+,False
769,12.8167,0.32069,0.27507,-0.04562,0.015,0.04098,0.03781,0.00317,+,False
770,12.8333,0.32094,0.27522,-0.04572,0.015,0.04841,0.03786,0.01054,+,False
771,12.85,0.32119,0.2754,-0.04579,0.015,0.04674,0.03789,0.00885,+,False
772,12.8667,0.32144,0.27554,-0.0459,0.015,0.04398,0.03795,0.00603,+,False
773,12.8833,0.32169,0.27565,-0.04604,0.015,0.04228,0.03802,0.00426,+,False
774,12.9,0.32194,0.27564,-0.0463,0.015,0.03165,0.03815,-0.00649,+,False
775,12.9167,0.32219,0.27558,-0.04661,0.015,0.03346,0.03831,-0.00485,+,False
776,12.9333,0.32244,0.27555,-0.04689,0.015,0.03535,0.03844,-0.00309,+,False
777,12.95,0.32269,0.27551,-0.04718,0.015,0.03319,0.03859,-0.00541,+,False
778,12.9667,0.32294,0.27552,-0.04742,0.015,0.03984,0.03871,0.00113,+,False
779,12.9833,0.32319,0.27562,-0.04757,0.015,0.04472,0.03878,0.00594,+,False
780,13.0,0.32344,0.27573,-0.04771,0.015,0.04341,0.03885,0.00456,+,False
781,13.0167,0.32369,0.27574,-0.04795,0.015,0.03336,0.03897,-0.00562,+,False
782,13.0333,0.32394,0.27568,-0.04826,0.015,0.03327,0.03913,-0.00586,+,False
783,13.05,0.32419,0.27564,-0.04855,0.015,0.03495,0.03928,-0.00433,+,False
784,13.0667,0.32444,0.2756,-0.04884,0.015,0.0342,0.03942,-0.00522,+,False
785,13.0833,0.32469,0.27554,-0.04915,0.015,0.03385,0.03957,-0.00572,+,False
786,13.1,0.32494,0.27549,-0.04945,0.015,0.03313,0.03972,-0.0066,+,False
787,13.1167,0.32519,0.27545,-0.04974,0.015,0.03491,0.03987,-0.00496,+,False
788,13.1333,0.32544,0.27541,-0.05003,0.015,0.03523,0.04001,-0.00479,+,False
789,13.15,0.32569,0.27528,-0.05041,0.015,0.0245,0.04021,-0.01571,+,False
790,13.1667,0.32594,0.27512,-0.05082,0.015,0.0292,0.04041,-0.0112,+,False
791,13.1833,0.32619,0.2751,-0.05109,0.015,0.04048,0.04054,-6e-05,+,False
792,13.2,0.32644,0.27521,-0.05123,0.015,0.04543,0.04062,0.00482,+,False
793,13.2167,0.32669,0.27533,-0.05136,0.015,0.04356,0.04068,0.00288,+,False
794,13.2333,0.32694,0.27532,-0.05162,0.015,0.03173,0.04081,-0.00908,+,False
795,13.25,0.32719,0.27515,-0.05204,0.015,0.02289,0.04102,-0.01812,+,False
796,13.2667,0.32744,0.27506,-0.05238,0.015,0.03628,0.04119,-0.00491,+,False
797,13.2833,0.32769,0.27517,-0.05252,0.015,0.04882,0.04126,0.00756,+,False
798,13.3,0.32794,0.27539,-0.05255,0.015,0.05043,0.04128,0.00915,+,False
799,13.3167,0.32819,0.27555,-0.05264,0.015,0.04441,0.04132,0.00309,+,False
800,13.3333,0.32844,0.27552,-0.05291,0.015,0.02899,0.04146,-0.01246,+,False
801,13.35,0.32869,0.27539,-0.0533,0.015,0.02844,0.04165,-0.0132,+,False
802,13.3667,0.32894,0.27534,-0.0536,0.015,0.03692,0.0418,-0.00488,+,False
803,13.3833,0.32919,0.27536,-0.05383,0.015,0.03959,0.04192,-0.00233,+,False
804,13.4,0.32944,0.2753,-0.05414,0.015,0.02982,0.04207,-0.01225,+,False
805,13.4167,0.32969,0.27516,-0.05453,0.015,0.02718,0.04227,-0.01508,+,False
806,13.4333,0.32994,0.27508,-0.05486,0.015,0.0355,0.04243,-0.00693,+,False
807,13.45,0.33019,0.27509,-0.0551,0.015,0.03925,0.04255,-0.0033,+,False
808,13.4667,0.33044,0.27511,-0.05533,0.015,0.03881,0.04266,-0.00386,+,False
809,13.4833,0.33069,0.27503,-0.05566,0.015,0.02733,0.04283,-0.01549,+,False
810,13.5,0.33094,0.27488,-0.05606,0.015,0.0285,0.04303,-0.01453,+,False
811,13.5167,0.33119,0.27486,-0.05633,0.015,0.0398,0.04317,-0.00337,+,False
812,13.5333,0.33144,0.27497,-0.05647,0.015,0.04617,0.04324,0.00294,+,False
813,13.55,0.33169,0.27513,-0.05656,0.015,0.04704,0.04328,0.00376,+,False
814,13.5667,0.33194,0.27525,-0.05669,0.015,0.04302,0.04334,-0.00032,+,False
815,13.5833,0.33219,0.27532,-0.05687,0.015,0.04007,0.04343,-0.00337,+,False
816,13.6,0.33244,0.27536,-0.05708,0.015,0.03855,0.04354,-0.00499,+,False
817,13.6167,0.33269,0.27539,-0.0573,0.015,0.038,0.04365,-0.00565,+,False
818,13.6333,0.33294,0.27539,-0.05755,0.015,0.03562,0.04378,-0.00816,+,False
819,13.65,0.33319,0.27537,-0.05782,0.015,0.03476,0.04391,-0.00915,+,False
820,13.6667,0.33344,0.27534,-0.05809,0.015,0.03628,0.04405,-0.00777,+,False
821,13.6833,0.33369,0.27535,-0.05834,0.015,0.03695,0.04417,-0.00722,+,False
822,13.7,0.33394,0.27532,-0.05862,0.015,0.03359,0.04431,-0.01072,+,False
823,13.7167,0.33419,0.2752,-0.05899,0.015,0.02702,0.0445,-0.01747,+,False
824,13.7333,0.33444,0.27508,-0.05936,0.015,0.0313,0.04468,-0.01338,+,False
825,13.75,0.33469,0.27509,-0.0596,0.015,0.04163,0.0448,-0.00317,+,False
826,13.7667,0.33494,0.27521,-0.05973,0.015,0.04494,0.04487,7e-05,+,False
827,13.7833,0.33519,0.27539,-0.0598,0.015,0.04955,0.0449,0.00464,+,False
828,13.8,0.33544,0.27552,-0.05992,0.015,0.04053,0.04496,-0.00443,+,False
829,13.8167,0.33569,0.27555,-0.06014,0.015,0.03657,0.04507,-0.0085,+,False
830,13.8333,0.33594,0.27548,-0.06046,0.015,0.02957,0.04523,-0.01566,+,False
831,13.85,0.33619,0.27536,-0.06083,0.015,0.02913,0.04541,-0.01629,+,False
832,13.8667,0.33644,0.2753,-0.06114,0.015,0.035,0.04557,-0.01057,+,False
833,13.8833,0.33669,0.27533,-0.06136,0.015,0.0412,0.04568,-0.00448,+,False
834,13.9,0.33694,0.27541,-0.06153,0.015,0.04089,0.04577,-0.00488,+,False
835,13.9167,0.33719,0.27547,-0.06172,0.015,0.04069,0.04586,-0.00516,+,False
836,13.9333,0.33744,0.27555,-0.06189,0.015,0.04143,0.04594,-0.00451,+,False
837,13.95,0.33769,0.27561,-0.06208,0.015,0.03971,0.04604,-0.00633,+,False
838,13.9667,0.33794,0.27564,-0.0623,0.015,0.03668,0.04615,-0.00947,+,False
839,13.9833,0.33819,0.27567,-0.06252,0.015,0.0405,0.04626,-0.00575,+,False
840,14.0,0.33844,0.27575,-0.06269,0.015,0.04218,0.04635,-0.00416,+,False
841,14.0167,0.33869,0.27572,-0.06297,0.015,0.03157,0.04648,-0.01491,+,False
842,14.0333,0.33894,0.27571,-0.06323,0.015,0.0361,0.04662,-0.01052,+,False
843,14.05,0.33919,0.27571,-0.06348,0.015,0.03699,0.04674,-0.00975,+,False
844,14.0667,0.33944,0.27576,-0.06368,0.015,0.04282,0.04684,-0.00402,+,False
845,14.0833,0.33969,0.27582,-0.06387,0.015,0.03871,0.04693,-0.00823,+,False
846,14.1,0.33994,0.27581,-0.06413,0.015,0.03449,0.04706,-0.01257,+,False
847,14.1167,0.34019,0.27582,-0.06437,0.015,0.03816,0.04719,-0.00902,+,False
848,14.1333,0.34044,0.27585,-0.06459,0.015,0.03915,0.0473,-0.00815,+,False
849,14.15,0.34069,0.27587,-0.06482,0.015,0.03737,0.04741,-0.01004,+,False
850,14.1667,0.34094,0.27587,-0.06507,0.015,0.03695,0.04753,-0.01058,+,False
851,14.1833,0.34119,0.27585,-0.06534,0.015,0.03481,0.04767,-0.01286,+,False
852,14.2,0.34144,0.27581,-0.06563,0.015,0.03423,0.04781,-0.01358,+,False
853,14.2167,0.34169,0.27577,-0.06592,0.015,0.03422,0.04796,-0.01374,+,False
854,14.2333,0.34194,0.27572,-0.06622,0.015,0.0345,0.04811,-0.01361,+,False
855,14.25,0.34219,0.2756,-0.06659,0.015,0.02712,0.0483,-0.02118,+,False
856,14.2667,0.34244,0.27544,-0.067,0.015,0.02694,0.0485,-0.02156,+,False
857,14.2833,0.34269,0.27536,-0.06733,0.015,0.03641,0.04866,-0.01225,+,False
858,14.3,0.34294,0.2754,-0.06754,0.015,0.04064,0.04877,-0.00813,+,False
859,14.3167,0.34319,0.27546,-0.06773,0.015,0.04227,0.04886,-0.0066,+,False
860,14.3333,0.34344,0.27551,-0.06793,0.015,0.03744,0.04897,-0.01153,+,False
861,14.35,0.34369,0.27536,-0.06833,0.015,0.02227,0.04916,-0.0269,+,False
862,14.3667,0.34394,0.27518,-0.06876,0.015,0.02738,0.04938,-0.022,+,False
863,14.3833,0.34419,0.27514,-0.06905,0.015,0.03975,0.04953,-0.00978,+,False
864,14.4,0.34444,0.27524,-0.0692,0.015,0.04555,0.0496,-0.00404,+,False
865,14.4167,0.34469,0.27536,-0.06933,0.015,0.04313,0.04967,-0.00654,+,False
866,14.4333,0.34494,0.27542,-0.06952,0.015,0.03868,0.04976,-0.01108,+,False
867,14.45,0.34519,0.27542,-0.06977,0.015,0.03549,0.04988,-0.01439,+,False
868,14.4667,0.34544,0.27539,-0.07005,0.015,0.03437,0.05,-0.01563,+,False
869,14.4833,0.34569,0.27536,-0.07033,0.015,0.03558,0.05,-0.01442,+,False
870,14.5,0.34594,0.27533,-0.07061,0.015,0.03533,0.05,-0.01467,+,False
871,14.5167,0.34619,0.27525,-0.07094,0.015,0.03044,0.05,-0.01956,+,False
872,14.5333,0.34644,0.27513,-0.07131,0.015,0.02935,0.05,-0.02065,+,False
873,14.55,0.34669,0.2751,-0.07159,0.015,0.03948,0.05,-0.01052,+,False
874,14.5667,0.34694,0.27509,-0.07185,0.015,0.03386,0.05,-0.01614,+,False
875,14.5833,0.34719,0.27501,-0.07218,0.015,0.03,0.05,-0.02,+,False
876,14.6,0.34744,0.27499,-0.07245,0.015,0.03909,0.05,-0.01091,+,False
877,14.6167,0.34769,0.27508,-0.07261,0.015,0.04326,0.05,-0.00674,+,False
878,14.6333,0.34794,0.27517,-0.07277,0.015,0.04265,0.05,-0.00735,+,False
879,14.65,0.34819,0.27524,-0.07295,0.015,0.03872,0.05,-0.01128,+,False
880,14.6667,0.34844,0.27526,-0.07318,0.015,0.03748,0.05,-0.01252,+,False
881,14.6833,0.34869,0.27528,-0.07341,0.015,0.03884,0.05,-0.01116,+,False
882,14.7,0.34894,0.27532,-0.07362,0.015,0.03937,0.05,-0.01063,+,False
883,14.7167,0.34919,0.27539,-0.0738,0.015,0.04061,0.05,-0.00939,+,False
884,14.7333,0.34944,0.27547,-0.07397,0.015,0.04221,0.05,-0.00779,+,False
885,14.75,0.34969,0.27556,-0.07413,0.015,0.04107,0.05,-0.00893,+,False
886,14.7667,0.34994,0.27559,-0.07435,0.015,0.03665,0.05,-0.01335,+,False
887,14.7833,0.34981,0.27559,-0.07422,-0.015,0.03686,0.02211,0.01476,-,False
888,14.8,0.34956,0.2755,-0.07406,-0.015,0.02696,0.02203,0.00493,-,False
889,14.8167,0.34931,0.27538,-0.07393,-0.015,0.03033,0.02197,0.00836,-,False
890,14.8333,0.34906,0.2754,-0.07366,-0.015,0.04286,0.02183,0.02103,-,False
891,14.85,0.34881,0.27556,-0.07325,-0.015,0.04773,0.02162,0.02611,-,False
892,14.8667,0.34856,0.27571,-0.07285,-0.015,0.04423,0.02143,0.0228,-,False
893,14.8833,0.34831,0.27578,-0.07253,-0.015,0.03885,0.02127,0.01759,-,False
894,14.9,0.34806,0.27578,-0.07228,-0.015,0.03474,0.02114,0.0136,-,False
895,14.9167,0.34781,0.27572,-0.07209,-0.015,0.03188,0.02104,0.01084,-,False
896,14.9333,0.34756,0.27558,-0.07198,-0.015,0.02609,0.02099,0.0051,-,False
897,14.95,0.34731,0.27549,-0.07182,-0.015,0.0342,0.02091,0.01329,-,False
898,14.9667,0.34706,0.27553,-0.07153,-0.015,0.04197,0.02076,0.02121,-,False
899,14.9833,0.34681,0.27566,-0.07115,-0.015,0.04708,0.02057,0.02651,-,False
900,15.0,0.34656,0.2758,-0.07076,-0.015,0.04292,0.02038,0.02254,-,False
901,15.0167,0.34631,0.27588,-0.07043,-0.015,0.04052,0.02022,0.0203,-,False
902,15.0333,0.34606,0.27594,-0.07012,-0.015,0.04017,0.02006,0.02011,-,False
903,15.05,0.34581,0.27596,-0.06985,-0.015,0.03692,0.01992,0.017,-,False
904,15.0667,0.34556,0.27591,-0.06965,-0.015,0.03235,0.01982,0.01253,-,False
905,15.0833,0.34531,0.27586,-0.06945,-0.015,0.03366,0.01973,0.01394,-,False
906,15.1,0.34506,0.27585,-0.06921,-0.015,0.03872,0.01961,0.01912,-,False
907,15.1167,0.34481,0.27588,-0.06893,-0.015,0.03843,0.01946,0.01897,-,False
908,15.1333,0.34456,0.27591,-0.06865,-0.015,0.03868,0.01933,0.01935,-,False
909,15.15,0.34431,0.27592,-0.06839,-0.015,0.03711,0.01919,0.01792,-,False
910,15.1667,0.34406,0.27591,-0.06815,-0.015,0.0351,0.01908,0.01602,-,False
911,15.1833,0.34381,0.27587,-0.06794,-0.015,0.0342,0.01897,0.01523,-,False
912,15.2,0.34356,0.27582,-0.06774,-0.015,0.03366,0.01887,0.01479,-,False
913,15.2167,0.34331,0.27576,-0.06755,-0.015,0.03333,0.01878,0.01456,-,False
914,15.2333,0.34306,0.2757,-0.06736,-0.015,0.03321,0.01868,0.01453,-,False
915,15.25,0.34281,0.27564,-0.06717,-0.015,0.03341,0.01859,0.01483,-,False
916,15.2667,0.34256,0.27552,-0.06704,-0.015,0.02779,0.01852,0.00927,-,False
917,15.2833,0.34231,0.27538,-0.06693,-0.015,0.02948,0.01846,0.01102,-,False
918,15.3,0.34206,0.27533,-0.06673,-0.015,0.03679,0.01837,0.01843,-,False
919,15.3167,0.34181,0.27534,-0.06647,-0.015,0.03807,0.01824,0.01983,-,False
920,15.3333,0.34156,0.27528,-0.06628,-0.015,0.03058,0.01814,0.01244,-,False
921,15.35,0.34131,0.27514,-0.06617,-0.015,0.02657,0.01809,0.00849,-,False
922,15.3667,0.34106,0.27511,-0.06595,-0.015,0.04142,0.01797,0.02345,-,False
923,15.3833,0.34081,0.27521,-0.0656,-0.015,0.04219,0.0178,0.02439,-,False
924,15.4,0.34056,0.27533,-0.06523,-0.015,0.04535,0.01762,0.02773,-,False
925,15.4167,0.34031,0.27547,-0.06484,-0.015,0.04436,0.01742,0.02694,-,False
926,15.4333,0.34006,0.27557,-0.06449,-0.015,0.04224,0.01725,0.02499,-,False
927,15.45,0.33981,0.27564,-0.06417,-0.015,0.04001,0.01709,0.02292,-,False
928,15.4667,0.33956,0.27563,-0.06393,-0.015,0.03336,0.01696,0.01639,-,False
929,15.4833,0.33931,0.27559,-0.06372,-0.015,0.03554,0.01686,0.01868,-,False
930,15.5,0.33906,0.27558,-0.06348,-0.015,0.03684,0.01674,0.02011,-,False
931,15.5167,0.33881,0.27558,-0.06323,-0.015,0.03733,0.01661,0.02071,-,False
932,15.5333,0.33856,0.27558,-0.06298,-0.015,0.03503,0.01649,0.01854,-,False
933,15.55,0.33831,0.27555,-0.06276,-0.015,0.03568,0.01638,0.0193,-,False
934,15.5667,0.33806,0.27553,-0.06253,-0.015,0.03648,0.01626,0.02022,-,False
935,15.5833,0.33781,0.27544,-0.06237,-0.015,0.02706,0.01619,0.01087,-,False
936,15.6,0.33756,0.27529,-0.06227,-0.015,0.02875,0.01613,0.01262,-,False
937,15.6167,0.33731,0.27526,-0.06205,-0.015,0.03912,0.01602,0.02309,-,False
938,15.6333,0.33706,0.27532,-0.06174,-0.015,0.04115,0.01587,0.02528,-,False
939,15.65,0.33681,0.2754,-0.06141,-0.015,0.04283,0.0157,0.02713,-,False
940,15.6667,0.33656,0.27548,-0.06108,-0.015,0.04046,0.01554,0.02492,-,False
941,15.6833,0.33631,0.27554,-0.06077,-0.015,0.04031,0.01538,0.02493,-,False
942,15.7,0.33606,0.27558,-0.06048,-0.015,0.03828,0.01524,0.02304,-,False
943,15.7167,0.33581,0.27558,-0.06023,-0.015,0.03575,0.01511,0.02063,-,False
944,15.7333,0.33556,0.27558,-0.05998,-0.015,0.03725,0.01499,0.02226,-,False
945,15.75,0.33531,0.2756,-0.05971,-0.015,0.03704,0.01486,0.02218,-,False
946,15.7667,0.33506,0.2756,-0.05946,-0.015,0.03778,0.01473,0.02306,-,False
947,15.7833,0.33481,0.27562,-0.05919,-0.015,0.03681,0.0146,0.02221,-,False
948,15.8,0.33456,0.27561,-0.05895,-0.015,0.03638,0.01447,0.0219,-,False
949,15.8167,0.33431,0.27551,-0.0588,-0.015,0.02661,0.0144,0.01221,-,False
950,15.8333,0.33406,0.27537,-0.05869,-0.015,0.02867,0.01435,0.01432,-,False
951,15.85,0.33381,0.27532,-0.05849,-0.015,0.03684,0.01425,0.0226,-,False
952,15.8667,0.33356,0.27539,-0.05817,-0.015,0.04464,0.01408,0.03056,-,False
953,15.8833,0.33331,0.27553,-0.05778,-0.015,0.04549,0.01389,0.0316,-,False
954,15.9,0.33306,0.27564,-0.05742,-0.015,0.04154,0.01371,0.02782,-,False
955,15.9167,0.33281,0.27569,-0.05712,-0.015,0.03927,0.01356,0.02572,-,False
956,15.9333,0.33256,0.27571,-0.05685,-0.015,0.03641,0.01343,0.02298,-,False
957,15.95,0.33231,0.27566,-0.05665,-0.015,0.03201,0.01333,0.01868,-,False
958,15.9667,0.33206,0.27567,-0.05639,-0.015,0.04015,0.0132,0.02695,-,False
959,15.9833,0.33181,0.27576,-0.05605,-0.015,0.04362,0.01303,0.03059,-,False
960,16.0,0.33156,0.2758,-0.05576,-0.015,0.03701,0.01288,0.02414,-,False
961,16.0167,0.33131,0.27582,-0.05549,-0.015,0.03736,0.01275,0.02462,-,False
962,16.0333,0.33106,0.27584,-0.05522,-0.015,0.03819,0.01261,0.02558,-,False
963,16.05,0.33081,0.27581,-0.055,-0.015,0.03175,0.0125,0.01925,-,False
964,16.0667,0.33056,0.27574,-0.05482,-0.015,0.03353,0.01241,0.02112,-,False
965,16.0833,0.33031,0.2757,-0.05461,-0.015,0.03561,0.0123,0.0233,-,False
966,16.1,0.33006,0.27568,-0.05438,-0.015,0.03534,0.01219,0.02315,-,False
967,16.1167,0.32981,0.27565,-0.05416,-0.015,0.03515,0.01208,0.02308,-,False
968,16.1333,0.32956,0.27561,-0.05395,-0.015,0.03313,0.01198,0.02115,-,False
969,16.15,0.32931,0.27556,-0.05375,-0.015,0.0353,0.01188,0.02342,-,False
970,16.1667,0.32906,0.27556,-0.0535,-0.015,0.03847,0.01175,0.02672,-,False
971,16.1833,0.32881,0.27558,-0.05323,-0.015,0.03742,0.01161,0.02581,-,False
972,16.2,0.32856,0.2756,-0.05296,-0.015,0.03859,0.01148,0.02711,-,False
973,16.2167,0.32831,0.27565,-0.05266,-0.015,0.03982,0.01133,0.02849,-,False
974,16.2333,0.32806,0.27561,-0.05245,-0.015,0.03119,0.01123,0.01996,-,False
975,16.25,0.32781,0.27539,-0.05242,-0.015,0.01847,0.01121,0.00727,-,False
976,16.2667,0.32756,0.27517,-0.05239,-0.015,0.02725,0.01119,0.01605,-,False
977,16.2833,0.32731,0.27517,-0.05214,-0.015,0.04234,0.01107,0.03127,-,False
978,16.3,0.32706,0.27531,-0.05175,-0.015,0.04724,0.01088,0.03636,-,False
979,16.3167,0.32681,0.27544,-0.05137,-0.015,0.04366,0.01068,0.03297,-,False
980,16.3333,0.32656,0.27551,-0.05105,-0.015,0.03911,0.01052,0.02859,-,False
981,16.35,0.32631,0.27548,-0.05083,-0.015,0.03122,0.01042,0.02081,-,False
982,16.3667,0.32606,0.2754,-0.05066,-0.015,0.03235,0.01033,0.02202,-,False
983,16.3833,0.32581,0.2754,-0.05041,-0.015,0.03992,0.01021,0.02971,-,False
984,16.4,0.32556,0.27547,-0.05009,-0.015,0.04205,0.01004,0.032,-,False
985,16.4167,0.32531,0.27556,-0.04975,-0.015,0.04107,0.00988,0.03119,-,False
986,16.4333,0.32506,0.27557,-0.04949,-0.015,0.03593,0.00974,0.02618,-,False
987,16.45,0.32481,0.27556,-0.04925,-0.015,0.03552,0.00963,0.0259,-,False
988,16.4667,0.32456,0.27544,-0.04912,-0.015,0.0267,0.00956,0.01714,-,False
989,16.4833,0.32431,0.27529,-0.04902,-0.015,0.02822,0.00951,0.01871,-,False
990,16.5,0.32406,0.27524,-0.04882,-0.015,0.03806,0.00941,0.02865,-,False
991,16.5167,0.32381,0.2753,-0.04851,-0.015,0.04218,0.00926,0.03292,-,False
992,16.5333,0.32356,0.27539,-0.04817,-0.015,0.04367,0.00909,0.03459,-,False
993,16.55,0.32331,0.27549,-0.04782,-0.015,0.04189,0.00891,0.03298,-,False
994,16.5667,0.32306,0.27544,-0.04762,-0.015,0.02816,0.00881,0.01935,-,False
995,16.5833,0.32281,0.27525,-0.04756,-0.015,0.02428,0.00878,0.0155,-,False
996,16.6,0.32256,0.27504,-0.04752,-0.015,0.02346,0.00876,0.0147,-,False
997,16.6167,0.32231,0.27489,-0.04742,-0.015,0.03072,0.00871,0.02201,-,False
998,16.6333,0.32206,0.27487,-0.04719,-0.015,0.0398,0.0086,0.0312,-,False
999,16.65,0.32181,0.27492,-0.04689,-0.015,0.0394,0.00845,0.03095,-,False
1000,16.6667,0.32156,0.27496,-0.0466,-0.015,0.04063,0.0083,0.03233,-,False
1001,16.6833,0.32131,0.27501,-0.0463,-0.015,0.0391,0.00815,0.03095,-,False
1002,16.7,0.32106,0.27504,-0.04602,-0.015,0.0381,0.00801,0.03009,-,False
1003,16.7167,0.32081,0.27506,-0.04575,-0.015,0.03869,0.00787,0.03082,-,False
1004,16.7333,0.32056,0.27509,-0.04547,-0.015,0.03822,0.00774,0.03049,-,False
1005,16.75,0.32031,0.27512,-0.04519,-0.015,0.0394,0.00759,0.03181,-,False
1006,16.7667,0.32006,0.27515,-0.04491,-0.015,0.03834,0.00745,0.03089,-,False
1007,16.7833,0.31981,0.27511,-0.0447,-0.015,0.03156,0.00735,0.02422,-,False
1008,16.8,0.31956,0.275,-0.04456,-0.015,0.02837,0.00728,0.02109,-,False
1009,16.8167,0.31931,0.27495,-0.04436,-0.015,0.03707,0.00718,0.02989,-,False
1010,16.8333,0.31906,0.27501,-0.04405,-0.015,0.04338,0.00702,0.03636,-,False
1011,16.85,0.31881,0.27513,-0.04368,-0.015,0.04408,0.00684,0.03724,-,False
1012,16.8667,0.31856,0.27525,-0.04331,-0.015,0.04496,0.00665,0.03831,-,False
1013,16.8833,0.31831,0.27534,-0.04297,-0.015,0.03997,0.00648,0.03349,-,False
1014,16.9,0.31806,0.27533,-0.04273,-0.015,0.03426,0.00636,0.0279,-,False
1015,16.9167,0.31781,0.27531,-0.0425,-0.015,0.03611,0.00625,0.02986,-,False
1016,16.9333,0.31756,0.27533,-0.04223,-0.015,0.03922,0.00611,0.03311,-,False
1017,16.95,0.31731,0.27529,-0.04202,-0.015,0.03103,0.00601,0.02502,-,False
1018,16.9667,0.31706,0.27521,-0.04185,-0.015,0.03294,0.00593,0.02701,-,False
1019,16.9833,0.31681,0.2752,-0.04161,-0.015,0.03846,0.00581,0.03266,-,False
1020,17.0,0.31656,0.27523,-0.04133,-0.015,0.03939,0.00567,0.03373,-,False
1021,17.0167,0.31631,0.27517,-0.04114,-0.015,0.02914,0.00557,0.02357,-,False
1022,17.0333,0.31606,0.27502,-0.04104,-0.015,0.02733,0.00552,0.02182,-,False
1023,17.05,0.31581,0.27496,-0.04085,-0.015,0.03647,0.00543,0.03105,-,False
1024,17.0667,0.31556,0.27493,-0.04063,-0.015,0.03463,0.00532,0.02931,-,False
1025,17.0833,0.31531,0.27486,-0.04045,-0.015,0.03191,0.00522,0.02669,-,False
1026,17.1,0.31506,0.2748,-0.04026,-0.015,0.03337,0.00513,0.02824,-,False
1027,17.1167,0.31481,0.27481,-0.04,-0.015,0.04012,0.005,0.03512,-,False
1028,17.1333,0.31456,0.27491,-0.03965,-0.015,0.04478,0.00482,0.03996,-,False
1029,17.15,0.31431,0.27502,-0.03929,-0.015,0.0423,0.00465,0.03766,-,False
1030,17.1667,0.31406,0.27512,-0.03894,-0.015,0.04359,0.00447,0.03912,-,False
1031,17.1833,0.31381,0.27519,-0.03862,-0.015,0.03907,0.00431,0.03477,-,False
1032,17.2,0.31356,0.27519,-0.03837,-0.015,0.03486,0.00418,0.03068,-,False
1033,17.2167,0.31331,0.27515,-0.03816,-0.015,0.03405,0.00408,0.02997,-,False
1034,17.2333,0.31306,0.27511,-0.03796,-0.015,0.03405,0.00398,0.03007,-,False
1035,17.25,0.31281,0.27498,-0.03783,-0.015,0.02617,0.00391,0.02226,-,False
1036,17.2667,0.31256,0.27476,-0.0378,-0.015,0.02204,0.0039,0.01815,-,False
1037,17.2833,0.31231,0.27462,-0.03769,-0.015,0.0313,0.00385,0.02745,-,False
1038,17.3,0.31206,0.27457,-0.03749,-0.015,0.03619,0.00374,0.03245,-,False
1039,17.3167,0.31181,0.27466,-0.03715,-0.015,0.04575,0.00358,0.04217,-,False
1040,17.3333,0.31156,0.27486,-0.0367,-0.015,0.05103,0.00335,0.04767,-,False
1041,17.35,0.31131,0.27507,-0.03624,-0.015,0.04924,0.00312,0.04612,-,False
1042,17.3667,0.31106,0.27525,-0.03581,-0.015,0.04588,0.00291,0.04297,-,False
1043,17.3833,0.31081,0.27535,-0.03546,-0.015,0.04134,0.00273,0.03861,-,False
1044,17.4,0.31056,0.27534,-0.03522,-0.015,0.03153,0.00261,0.02891,-,False
1045,17.4167,0.31031,0.27525,-0.03506,-0.015,0.0311,0.00253,0.02857,-,False
1046,17.4333,0.31006,0.2752,-0.03486,-0.015,0.03491,0.00243,0.03248,-,False
1047,17.45,0.30981,0.27521,-0.0346,-0.015,0.0399,0.0023,0.0376,-,False
1048,17.4667,0.30956,0.27525,-0.03431,-0.015,0.03867,0.00216,0.03651,-,False
1049,17.4833,0.30931,0.27524,-0.03407,-0.015,0.03501,0.00203,0.03298,-,False
1050,17.5,0.30906,0.2752,-0.03386,-0.015,0.03302,0.00193,0.03109,-,False
1051,17.5167,0.30881,0.27513,-0.03368,-0.015,0.03309,0.00184,0.03125,-,False
1052,17.5333,0.30856,0.27507,-0.03349,-0.015,0.03303,0.00175,0.03128,-,False
1053,17.55,0.30831,0.27501,-0.0333,-0.015,0.03397,0.00165,0.03232,-,False
1054,17.5667,0.30806,0.27498,-0.03308,-0.015,0.03627,0.00154,0.03473,-,False
1055,17.5833,0.30781,0.27499,-0.03283,-0.015,0.0385,0.00141,0.03708,-,False
1056,17.6,0.30756,0.27501,-0.03255,-0.015,0.03893,0.00127,0.03766,-,False
1057,17.6167,0.30731,0.27508,-0.03223,-0.015,0.0427,0.00111,0.04158,-,False
1058,17.6333,0.30706,0.27518,-0.03188,-0.015,0.04298,0.00094,0.04204,-,False
1059,17.65,0.30681,0.27522,-0.03159,-0.015,0.03597,0.0008,0.03517,-,False
1060,17.6667,0.30656,0.27517,-0.03139,-0.015,0.03208,0.0007,0.03138,-,False
1061,17.6833,0.30631,0.27507,-0.03124,-0.015,0.0298,0.00062,0.02918,-,False
1062,17.7,0.30606,0.27494,-0.03112,-0.015,0.02797,0.00056,0.02741,-,False
1063,17.7167,0.30581,0.27481,-0.031,-0.015,0.02899,0.0005,0.02848,-,False
1064,17.7333,0.30556,0.27472,-0.03084,-0.015,0.03346,0.00042,0.03304,-,False
1065,17.75,0.30531,0.27462,-0.03069,-0.015,0.02892,0.00035,0.02858,-,False
1066,17.7667,0.30506,0.27449,-0.03057,-0.015,0.02824,0.00029,0.02795,-,False
1067,17.7833,0.30481,0.27447,-0.03034,-0.015,0.0406,0.00017,0.04043,-,False
1068,17.8,0.30456,0.27462,-0.02994,-0.015,0.04905,-3e-05,0.04908,-,False
1069,17.8167,0.30431,0.27485,-0.02946,-0.015,0.04988,-0.00027,0.05015,-,False
1070,17.8333,0.30406,0.27506,-0.029,-0.015,0.04624,-0.0005,0.04674,-,False
1071,17.85,0.30381,0.27527,-0.02854,-0.015,0.04988,-0.00073,0.05061,-,False
1072,17.8667,0.30356,0.27546,-0.0281,-0.015,0.04569,-0.00095,0.04664,-,False
1073,17.8833,0.30331,0.27562,-0.02769,-0.015,0.04504,-0.00115,0.0462,-,False
1074,17.9,0.30306,0.27571,-0.02735,-0.015,0.03981,-0.00133,0.04113,-,False
1075,17.9167,0.30281,0.27579,-0.02702,-0.015,0.04142,-0.00149,0.04291,-,False
1076,17.9333,0.30256,0.27591,-0.02665,-0.015,0.04532,-0.00167,0.047,-,False
1077,17.95,0.30231,0.27597,-0.02634,-0.015,0.03611,-0.00183,0.03794,-,False
1078,17.9667,0.30206,0.27592,-0.02614,-0.015,0.03152,-0.00193,0.03345,-,False
1079,17.9833,0.30181,0.27588,-0.02593,-0.015,0.0356,-0.00203,0.03763,-,False
1080,18.0,0.30156,0.27588,-0.02568,-0.015,0.03805,-0.00216,0.04021,-,False
1081,18.0167,0.30131,0.27587,-0.02544,-0.015,0.03499,-0.00228,0.03727,-,False
1082,18.0333,0.30106,0.27583,-0.02523,-0.015,0.03345,-0.00238,0.03584,-,False
1083,18.05,0.30081,0.27576,-0.02505,-0.015,0.03157,-0.00247,0.03404,-,False
1084,18.0667,0.30056,0.27568,-0.02488,-0.015,0.03353,-0.00256,0.03609,-,False
1085,18.0833,0.30031,0.27558,-0.02473,-0.015,0.02897,-0.00264,0.0316,-,False
1086,18.1,0.30006,0.27546,-0.0246,-0.015,0.02988,-0.0027,0.03258,-,False
1087,18.1167,0.29981,0.27542,-0.02439,-0.015,0.03763,-0.0028,0.04044,-,False
1088,18.1333,0.29956,0.27547,-0.02409,-0.015,0.04154,-0.00295,0.0445,-,False
1089,18.15,0.29931,0.27554,-0.02377,-0.015,0.04131,-0.00312,0.04442,-,False
1090,18.1667,0.29906,0.27559,-0.02347,-0.015,0.03873,-0.00326,0.04199,-,False
1091,18.1833,0.29881,0.2756,-0.02321,-0.015,0.03712,-0.0034,0.04051,-,False
1092,18.2,0.29856,0.27561,-0.02295,-0.015,0.03765,-0.00353,0.04118,-,False
1093,18.2167,0.29831,0.27556,-0.02275,-0.015,0.03135,-0.00363,0.03498,-,False
1094,18.2333,0.29806,0.27548,-0.02258,-0.015,0.03257,-0.00371,0.03628,-,False
1095,18.25,0.29781,0.27545,-0.02236,-0.015,0.03576,-0.00382,0.03958,-,False
1096,18.2667,0.29756,0.27545,-0.02211,-0.015,0.03836,-0.00394,0.0423,-,False
1097,18.2833,0.29731,0.27547,-0.02184,-0.015,0.03895,-0.00408,0.04303,-,False
1098,18.3,0.29706,0.27544,-0.02162,-0.015,0.03165,-0.00419,0.03584,-,False
1099,18.3167,0.29681,0.27536,-0.02145,-0.015,0.03269,-0.00427,0.03696,-,False
1100,18.3333,0.29656,0.27533,-0.02123,-0.015,0.0359,-0.00438,0.04028,-,False
1101,18.35,0.29631,0.27532,-0.02099,-0.015,0.03706,-0.0045,0.04156,-,False
1102,18.3667,0.29606,0.27533,-0.02073,-0.015,0.03819,-0.00463,0.04282,-,False
1103,18.3833,0.29581,0.27533,-0.02048,-0.015,0.03641,-0.00476,0.04117,-,False
1104,18.4,0.29556,0.27535,-0.02021,-0.015,0.03995,-0.0049,0.04485,-,False
1105,18.4167,0.29531,0.27538,-0.01993,-0.015,0.03731,-0.00503,0.04235,-,False
1106,18.4333,0.29506,0.27533,-0.01973,-0.015,0.03254,-0.00514,0.03767,-,False
1107,18.45,0.29481,0.27527,-0.01954,-0.015,0.03339,-0.00523,0.03862,-,False
1108,18.4667,0.29456,0.27516,-0.0194,-0.015,0.02797,-0.0053,0.03326,-,False
1109,18.4833,0.29431,0.27495,-0.01936,-0.015,0.02252,-0.00532,0.02784,-,False
1110,18.5,0.29406,0.2748,-0.01926,-0.015,0.03135,-0.00537,0.03672,-,False
1111,18.5167,0.29381,0.27482,-0.01899,-0.015,0.04243,-0.00551,0.04794,-,False
1112,18.5333,0.29356,0.27489,-0.01867,-0.015,0.04016,-0.00567,0.04583,-,False
1113,18.55,0.29331,0.27486,-0.01845,-0.015,0.03133,-0.00577,0.03711,-,False
1114,18.5667,0.29306,0.27472,-0.01834,-0.015,0.02644,-0.00583,0.03227,-,False
1115,18.5833,0.29281,0.27463,-0.01818,-0.015,0.03395,-0.00591,0.03986,-,False
1116,18.6,0.29256,0.27471,-0.01785,-0.015,0.04769,-0.00608,0.05376,-,False
1117,18.6167,0.29231,0.27492,-0.01739,-0.015,0.0509,-0.00631,0.0572,-,False
1118,18.6333,0.29206,0.2751,-0.01696,-0.015,0.04557,-0.00652,0.05209,-,False
1119,18.65,0.29181,0.27519,-0.01662,-0.015,0.03935,-0.00669,0.04604,-,False
1120,18.6667,0.29156,0.2752,-0.01636,-0.015,0.03616,-0.00682,0.04298,-,False
1121,18.6833,0.29131,0.27519,-0.01612,-0.015,0.03619,-0.00694,0.04313,-,False
1122,18.7,0.29106,0.27517,-0.01589,-0.015,0.03588,-0.00706,0.04293,-,False
1123,18.7167,0.29081,0.27514,-0.01567,-0.015,0.03468,-0.00717,0.04185,-,False
1124,18.7333,0.29056,0.27509,-0.01547,-0.015,0.03324,-0.00727,0.04051,-,False
1125,18.75,0.29031,0.27503,-0.01528,-0.015,0.03312,-0.00736,0.04048,-,False
1126,18.7667,0.29006,0.27489,-0.01517,-0.015,0.02614,-0.00742,0.03356,-,False
1127,18.7833,0.28981,0.2747,-0.01511,-0.015,0.02469,-0.00744,0.03213,-,False
1128,18.8,0.28956,0.27454,-0.01502,-0.015,0.02871,-0.00749,0.03619,-,False
1129,18.8167,0.28931,0.27447,-0.01484,-0.015,0.03582,-0.00758,0.0434,-,False
1130,18.8333,0.28906,0.27452,-0.01454,-0.015,0.043,-0.00773,0.05073,-,False
1131,18.85,0.28881,0.27458,-0.01423,-0.015,0.03975,-0.00789,0.04763,-,False
1132,18.8667,0.28856,0.27464,-0.01392,-0.015,0.03982,-0.00804,0.04787,-,False
1133,18.8833,0.28831,0.27473,-0.01358,-0.015,0.04366,-0.00821,0.05186,-,False
1134,18.9,0.28806,0.27489,-0.01317,-0.015,0.04826,-0.00841,0.05668,-,False
1135,18.9167,0.28781,0.27504,-0.01277,-0.015,0.04392,-0.00861,0.05254,-,False
1136,18.9333,0.28756,0.27509,-0.01247,-0.015,0.03748,-0.00877,0.04624,-,False
1137,18.95,0.28731,0.27509,-0.01222,-0.015,0.0356,-0.00889,0.04448,-,False
1138,18.9667,0.28706,0.27495,-0.01211,-0.015,0.02393,-0.00895,0.03288,-,False
1139,18.9833,0.28681,0.27468,-0.01213,-0.015,0.01849,-0.00894,0.02742,-,False
1140,19.0,0.28656,0.27453,-0.01203,-0.015,0.03286,-0.00898,0.04184,-,False
1141,19.0167,0.28631,0.27457,-0.01174,-0.015,0.04284,-0.00913,0.05197,-,False
1142,19.0333,0.28606,0.27471,-0.01135,-0.015,0.04821,-0.00933,0.05754,-,False
1143,19.05,0.28581,0.27489,-0.01092,-0.015,0.0468,-0.00954,0.05635,-,False
1144,19.0667,0.28556,0.275,-0.01056,-0.015,0.04111,-0.00972,0.05084,-,False
1145,19.0833,0.28531,0.27508,-0.01023,-0.015,0.04161,-0.00988,0.05149,-,False
1146,19.1,0.28506,0.27517,-0.00989,-0.015,0.04104,-0.01005,0.05109,-,False
1147,19.1167,0.28481,0.27517,-0.00964,-0.015,0.03455,-0.01018,0.04473,-,False
1148,19.1333,0.28456,0.27511,-0.00945,-0.015,0.03163,-0.01028,0.04191,-,False
1149,19.15,0.28431,0.27504,-0.00927,-0.015,0.03316,-0.01037,0.04353,-,False
1150,19.1667,0.28406,0.27502,-0.00904,-0.015,0.03736,-0.01048,0.04784,-,False
1151,19.1833,0.28381,0.27497,-0.00884,-0.015,0.03055,-0.01058,0.04114,-,False
1152,19.2,0.28356,0.27483,-0.00873,-0.015,0.02683,-0.01063,0.03746,-,False
1153,19.2167,0.28331,0.27476,-0.00855,-0.015,0.03721,-0.01073,0.04794,-,False
1154,19.2333,0.28306,0.27481,-0.00825,-0.015,0.04038,-0.01088,0.05126,-,False
1155,19.25,0.28281,0.27488,-0.00793,-0.015,0.04172,-0.01103,0.05275,-,False
1156,19.2667,0.28256,0.27494,-0.00762,-0.015,0.04008,-0.01119,0.05128,-,False
1157,19.2833,0.28231,0.27498,-0.00733,-0.015,0.03751,-0.01133,0.04885,-,False
1158,19.3,0.28206,0.27499,-0.00707,-0.015,0.03802,-0.01147,0.04948,-,False
1159,19.3167,0.28181,0.27502,-0.00679,-0.015,0.03863,-0.01161,0.05024,-,False
1160,19.3333,0.28156,0.27505,-0.00651,-0.015,0.03924,-0.01175,0.05099,-,False
1161,19.35,0.28131,0.27509,-0.00622,-0.015,0.03781,-0.01189,0.0497,-,False
1162,19.3667,0.28106,0.27511,-0.00595,-0.015,0.03869,-0.01203,0.05071,-,False
1163,19.3833,0.28081,0.27516,-0.00565,-0.015,0.03971,-0.01217,0.05188,-,False
1164,19.4,0.28056,0.2752,-0.00536,-0.015,0.03874,-0.01232,0.05106,-,False
1165,19.4167,0.28031,0.27522,-0.00509,-0.015,0.03739,-0.01246,0.04985,-,False
1166,19.4333,0.28006,0.27519,-0.00487,-0.015,0.0316,-0.01256,0.04417,-,False
1167,19.45,0.27981,0.27513,-0.00468,-0.015,0.03487,-0.01266,0.04753,-,False
1168,19.4667,0.27956,0.27512,-0.00444,-0.015,0.03731,-0.01278,0.05009,-,False
1169,19.4833,0.27931,0.27506,-0.00425,-0.015,0.03012,-0.01287,0.043,-,False
1170,19.5,0.27906,0.27493,-0.00413,-0.015,0.02911,-0.01294,0.04205,-,False
1171,19.5167,0.27881,0.27491,-0.0039,-0.015,0.03905,-0.01305,0.0521,-,False
1172,19.5333,0.27856,0.27499,-0.00357,-0.015,0.04394,-0.01322,0.05715,-,False
1173,19.55,0.27831,0.2751,-0.00321,-0.015,0.04354,-0.0134,0.05694,-,False
1174,19.5667,0.27806,0.2752,-0.00286,-0.015,0.04221,-0.01357,0.05578,-,False
1175,19.5833,0.27781,0.27527,-0.00254,-0.015,0.04071,-0.01373,0.05445,-,False
1176,19.6,0.27756,0.27534,-0.00222,-0.015,0.04018,-0.01389,0.05407,-,False
1177,19.6167,0.27731,0.27536,-0.00195,-0.015,0.03696,-0.01403,0.05098,-,False
1178,19.6333,0.27706,0.27537,-0.00169,-0.015,0.03711,-0.01415,0.05126,-,False
1179,19.65,0.27681,0.27537,-0.00144,-0.015,0.03669,-0.01428,0.05098,-,False
1180,19.6667,0.27656,0.27537,-0.00119,-0.015,0.03695,-0.01441,0.05135,-,False
1181,19.6833,0.27631,0.27535,-0.00096,-0.015,0.03469,-0.01452,0.04921,-,False
1182,19.7,0.27606,0.27531,-0.00075,-0.015,0.03404,-0.01463,0.04867,-,False
1183,19.7167,0.27581,0.27519,-0.00062,-0.015,0.02751,-0.01469,0.0422,-,False
1184,19.7333,0.27556,0.27505,-0.00051,-0.015,0.02933,-0.01474,0.04407,-,False
1185,19.75,0.27531,0.2749,-0.00041,-0.015,0.02697,-0.0148,0.04176,-,False
1186,19.7667,0.27506,0.27479,-0.00027,-0.015,0.03319,-0.01487,0.04805,-,False
1187,19.7833,0.27481,0.2748,-1e-05,-0.015,0.04039,-0.015,0.05539,-,False
1188,19.8,0.27456,0.27485,0.00029,-0.015,0.03953,-0.01514,0.05468,-,False
1189,19.8167,0.27431,0.27487,0.00056,-0.015,0.03777,-0.01528,0.05305,-,False
1190,19.8333,0.27406,0.27486,0.0008,-0.015,0.03573,-0.0154,0.05113,-,False
1191,19.85,0.27381,0.27485,0.00104,-0.015,0.03656,-0.01552,0.05208,-,False
1192,19.8667,0.27356,0.27484,0.00128,-0.015,0.03527,-0.01564,0.05091,-,False
1193,19.8833,0.27331,0.27483,0.00152,-0.015,0.03779,-0.01576,0.05355,-,False
1194,19.9,0.27306,0.27487,0.00181,-0.015,0.03978,-0.0159,0.05568,-,False
1195,19.9167,0.27281,0.2749,0.00209,-0.015,0.03864,-0.01605,0.05469,-,False
1196,19.9333,0.27256,0.27486,0.0023,-0.015,0.03074,-0.01615,0.04689,-,False
1197,19.95,0.27231,0.27476,0.00245,-0.015,0.03091,-0.01622,0.04713,-,False
1198,19.9667,0.27206,0.27473,0.00267,-0.015,0.03833,-0.01633,0.05466,-,False
1199,19.9833,0.27181,0.27478,0.00297,-0.015,0.04103,-0.01649,0.05752,-,False
1200,20.0,0.27156,0.27485,0.00329,-0.015,0.04004,-0.01664,0.05668,-,False
1201,20.0167,0.27131,0.2749,0.00359,-0.015,0.03951,-0.01679,0.0563,-,False
1202,20.0333,0.27106,0.27486,0.00379,-0.015,0.03109,-0.0169,0.04799,-,False
1203,20.05,0.27081,0.27479,0.00398,-0.015,0.03266,-0.01699,0.04965,-,False
1204,20.0667,0.27056,0.27476,0.0042,-0.015,0.03747,-0.0171,0.05457,-,False
1205,20.0833,0.27031,0.2748,0.00449,-0.015,0.04027,-0.01724,0.05752,-,False
1206,20.1,0.27006,0.27485,0.00479,-0.015,0.03944,-0.01739,0.05684,-,False
1207,20.1167,0.27019,0.27489,0.0047,0.015,0.03976,0.01265,0.02711,+,False
1208,20.1333,0.27044,0.27492,0.00448,0.015,0.03759,0.01276,0.02483,+,False
1209,20.15,0.27069,0.27492,0.00423,0.015,0.03554,0.01289,0.02265,+,False
1210,20.1667,0.27094,0.27481,0.00387,0.015,0.02671,0.01306,0.01365,+,False
1211,20.1833,0.27119,0.27461,0.00342,0.015,0.02375,0.01329,0.01046,+,False
1212,20.2,0.27144,0.27447,0.00303,0.015,0.03025,0.01349,0.01677,+,False
1213,20.2167,0.27169,0.27449,0.0028,0.015,0.04348,0.0136,0.02988,+,False
1214,20.2333,0.27194,0.27468,0.00274,0.015,0.05164,0.01363,0.03801,+,False
1215,20.25,0.27219,0.27491,0.00272,0.015,0.04974,0.01364,0.0361,+,False
1216,20.2667,0.27244,0.27506,0.00262,0.015,0.04297,0.01369,0.02927,+,False
1217,20.2833,0.27269,0.27511,0.00242,0.015,0.03806,0.01379,0.02427,+,False
1218,20.3,0.27294,0.27504,0.0021,0.015,0.02908,0.01395,0.01513,+,False
1219,20.3167,0.27319,0.27494,0.00175,0.015,0.03161,0.01412,0.01749,+,False
1220,20.3333,0.27344,0.27493,0.00149,0.015,0.03952,0.01425,0.02527,+,False
1221,20.35,0.27369,0.27497,0.00128,0.015,0.03889,0.01436,0.02453,+,False
1222,20.3667,0.27394,0.27498,0.00104,0.015,0.03738,0.01448,0.02291,+,False
1223,20.3833,0.27419,0.27498,0.00079,0.015,0.03573,0.01461,0.02112,+,False
1224,20.4,0.27444,0.2749,0.00046,0.015,0.02966,0.01477,0.0149,+,False
1225,20.4167,0.27469,0.2748,0.00011,0.015,0.03218,0.01494,0.01723,+,False
1226,20.4333,0.27494,0.2747,-0.00024,0.015,0.02998,0.01512,0.01486,+,False
1227,20.45,0.27519,0.27459,-0.0006,0.015,0.03069,0.0153,0.01539,+,False
1228,20.4667,0.27544,0.27457,-0.00087,0.015,0.04,0.01543,0.02456,+,False
1229,20.4833,0.27569,0.27465,-0.00104,0.015,0.04166,0.01552,0.02613,+,False
1230,20.5,0.27594,0.27475,-0.00119,0.015,0.04405,0.0156,0.02846,+,False
1231,20.5167,0.27619,0.27487,-0.00131,0.015,0.04527,0.01566,0.02961,+,False
1232,20.5333,0.27644,0.27501,-0.00143,0.015,0.04435,0.01572,0.02863,+,False
1233,20.55,0.27669,0.27509,-0.0016,0.015,0.03925,0.0158,0.02344,+,False
1234,20.5667,0.27694,0.27503,-0.00191,0.015,0.02951,0.01596,0.01355,+,False
1235,20.5833,0.27719,0.27489,-0.0023,0.015,0.02641,0.01615,0.01026,+,False
1236,20.6,0.27744,0.27482,-0.00262,0.015,0.03613,0.01631,0.01982,+,False
1237,20.6167,0.27769,0.2749,-0.00279,0.015,0.04562,0.01639,0.02923,+,False
1238,20.6333,0.27794,0.27505,-0.00289,0.015,0.04569,0.01645,0.02925,+,False
1239,20.65,0.27819,0.27508,-0.00311,0.015,0.0338,0.01656,0.01724,+,False
1240,20.6667,0.27844,0.275,-0.00344,0.015,0.03074,0.01672,0.01402,+,False
1241,20.6833,0.27869,0.27495,-0.00374,0.015,0.03566,0.01687,0.01879,+,False
1242,20.7,0.27894,0.27489,-0.00405,0.015,0.0312,0.01703,0.01417,+,False
1243,20.7167,0.27919,0.27477,-0.00442,0.015,0.02849,0.01721,0.01128,+,False
1244,20.7333,0.27944,0.2747,-0.00474,0.015,0.03563,0.01737,0.01826,+,False
1245,20.75,0.27969,0.27474,-0.00495,0.015,0.04158,0.01747,0.0241,+,False
1246,20.7667,0.27994,0.27483,-0.00511,0.015,0.04288,0.01755,0.02533,+,False
1247,20.7833,0.28019,0.27491,-0.00528,0.015,0.04037,0.01764,0.02273,+,False
1248,20.8,0.28044,0.27497,-0.00547,0.015,0.04108,0.01774,0.02334,+,False
1249,20.8167,0.28069,0.27501,-0.00568,0.015,0.03774,0.01784,0.0199,+,False
1250,20.8333,0.28094,0.2749,-0.00604,0.015,0.02528,0.01802,0.00725,+,False
1251,20.85,0.28119,0.27475,-0.00644,0.015,0.03001,0.01822,0.01179,+,False
1252,20.8667,0.28144,0.27471,-0.00673,0.015,0.03847,0.01836,0.0201,+,False
1253,20.8833,0.28169,0.27471,-0.00698,0.015,0.0353,0.01849,0.01682,+,False
1254,20.9,0.28194,0.27459,-0.00735,0.015,0.02582,0.01867,0.00714,+,False
1255,20.9167,0.28219,0.27444,-0.00775,0.015,0.02926,0.01887,0.01039,+,False
1256,20.9333,0.28244,0.2744,-0.00804,0.015,0.0376,0.01902,0.01858,+,False
1257,20.95,0.28269,0.27444,-0.00825,0.015,0.04064,0.01912,0.02152,+,False
1258,20.9667,0.28294,0.2745,-0.00844,0.015,0.04055,0.01922,0.02133,+,False
1259,20.9833,0.28319,0.27459,-0.00859,0.015,0.04354,0.0193,0.02424,+,False
1260,21.0,0.28344,0.27467,-0.00877,0.015,0.03975,0.01938,0.02037,+,False
1261,21.0167,0.28369,0.27473,-0.00896,0.015,0.03922,0.01948,0.01973,+,False
1262,21.0333,0.28394,0.27464,-0.0093,0.015,0.0278,0.01965,0.00815,+,False
1263,21.05,0.28419,0.27455,-0.00964,0.015,0.0324,0.01982,0.01258,+,False
1264,21.0667,0.28444,0.27446,-0.00998,0.015,0.03048,0.01999,0.01049,+,False
1265,21.0833,0.28469,0.27437,-0.01032,0.015,0.03151,0.02016,0.01135,+,False
1266,21.1,0.28494,0.2744,-0.01054,0.015,0.0424,0.02027,0.02213,+,False
1267,21.1167,0.28519,0.27454,-0.01065,0.015,0.0471,0.02033,0.02677,+,False
1268,21.1333,0.28544,0.27468,-0.01076,0.015,0.04422,0.02038,0.02384,+,False
1269,21.15,0.28569,0.27478,-0.01091,0.015,0.04152,0.02045,0.02107,+,False
1270,21.1667,0.28594,0.27483,-0.01111,0.015,0.03857,0.02055,0.01801,+,False
1271,21.1833,0.28619,0.27484,-0.01135,0.015,0.03628,0.02067,0.01561,+,False
1272,21.2,0.28644,0.27484,-0.0116,0.015,0.03665,0.0208,0.01585,+,False
1273,21.2167,0.28669,0.27486,-0.01183,0.015,0.03871,0.02091,0.01779,+,False
1274,21.2333,0.28694,0.27482,-0.01212,0.015,0.03148,0.02106,0.01042,+,False
1275,21.25,0.28719,0.27474,-0.01245,0.015,0.03216,0.02123,0.01094,+,False
1276,21.2667,0.28744,0.27475,-0.01269,0.015,0.04048,0.02134,0.01914,+,False
1277,21.2833,0.28769,0.27481,-0.01288,0.015,0.03993,0.02144,0.01849,+,False
1278,21.3,0.28794,0.27486,-0.01308,0.015,0.03937,0.02154,0.01783,+,False
1279,21.3167,0.28819,0.27491,-0.01328,0.015,0.03998,0.02164,0.01834,+,False
1280,21.3333,0.28844,0.27488,-0.01356,0.015,0.03229,0.02178,0.01051,+,False
1281,21.35,0.28869,0.27481,-0.01388,0.015,0.03233,0.02194,0.01039,+,False
1282,21.3667,0.28894,0.2748,-0.01414,0.015,0.03878,0.02207,0.01671,+,False
1283,21.3833,0.28919,0.27487,-0.01432,0.015,0.04245,0.02216,0.02029,+,False
1284,21.4,0.28944,0.27496,-0.01448,0.015,0.04206,0.02224,0.01981,+,False
1285,21.4167,0.28969,0.27502,-0.01466,0.015,0.04009,0.02233,0.01776,+,False
1286,21.4333,0.28994,0.27507,-0.01487,0.015,0.03886,0.02243,0.01643,+,False
1287,21.45,0.29019,0.27511,-0.01508,0.015,0.03915,0.02254,0.01661,+,False
1288,21.4667,0.29044,0.27513,-0.01531,0.015,0.03737,0.02265,0.01472,+,False
1289,21.4833,0.29069,0.27513,-0.01556,0.015,0.03629,0.02278,0.01351,+,False
1290,21.5,0.29094,0.27512,-0.01582,0.015,0.03563,0.02291,0.01272,+,False
1291,21.5167,0.29119,0.27502,-0.01617,0.015,0.02814,0.02308,0.00505,+,False
1292,21.5333,0.29144,0.27491,-0.01653,0.015,0.03077,0.02327,0.0075,+,False
1293,21.55,0.29169,0.27488,-0.01681,0.015,0.03791,0.02341,0.0145,+,False
1294,21.5667,0.29194,0.27491,-0.01703,0.015,0.04002,0.02351,0.01651,+,False
1295,21.5833,0.29219,0.27487,-0.01732,0.015,0.03113,0.02366,0.00747,+,False
1296,21.6,0.29244,0.2747,-0.01774,0.015,0.02344,0.02387,-0.00043,+,False
1297,21.6167,0.29269,0.27458,-0.01811,0.015,0.03357,0.02406,0.00951,+,False
1298,21.6333,0.29294,0.27463,-0.01831,0.015,0.04359,0.02416,0.01944,+,False
1299,21.65,0.29319,0.27476,-0.01843,0.015,0.04651,0.02421,0.02229,+,False
1300,21.6667,0.29344,0.27484,-0.0186,0.015,0.03772,0.0243,0.01342,+,False
1301,21.6833,0.29369,0.27483,-0.01886,0.015,0.03478,0.02443,0.01036,+,False
1302,21.7,0.29394,0.27484,-0.0191,0.015,0.03964,0.02455,0.01509,+,False
1303,21.7167,0.29419,0.27491,-0.01928,0.015,0.04171,0.02464,0.01707,+,False
1304,21.7333,0.29444,0.27493,-0.01951,0.015,0.03579,0.02476,0.01104,+,False
1305,21.75,0.29469,0.27486,-0.01983,0.015,0.02971,0.02491,0.0048,+,False
1306,21.7667,0.29494,0.2748,-0.02014,0.015,0.03574,0.02507,0.01067,+,False
1307,21.7833,0.29519,0.27486,-0.02033,0.015,0.04324,0.02516,0.01807,+,False
1308,21.8,0.29544,0.27491,-0.02053,0.015,0.03728,0.02526,0.01202,+,False
1309,21.8167,0.29569,0.27494,-0.02075,0.015,0.04022,0.02537,0.01485,+,False
1310,21.8333,0.29594,0.27501,-0.02093,0.015,0.04055,0.02547,0.01509,+,False
1311,21.85,0.29619,0.27504,-0.02115,0.015,0.03743,0.02558,0.01185,+,False
1312,21.8667,0.29644,0.27496,-0.02148,0.015,0.02918,0.02574,0.00344,+,False
1313,21.8833,0.29669,0.27483,-0.02186,0.015,0.02802,0.02593,0.00209,+,False
1314,21.9,0.29694,0.27477,-0.02217,0.015,0.03658,0.02609,0.01049,+,False
1315,21.9167,0.29719,0.27475,-0.02244,0.015,0.03465,0.02622,0.00843,+,False
1316,21.9333,0.29744,0.27474,-0.0227,0.015,0.03745,0.02635,0.0111,+,False
1317,21.95,0.29769,0.27471,-0.02298,0.015,0.03401,0.02649,0.00752,+,False
1318,21.9667,0.29794,0.27459,-0.02335,0.015,0.02636,0.02667,-0.00031,+,False
1319,21.9833,0.29819,0.2745,-0.02369,0.015,0.03452,0.02684,0.00768,+,False
1320,22.0,0.29844,0.27458,-0.02386,0.015,0.04607,0.02693,0.01914,+,False
1321,22.0167,0.29869,0.27476,-0.02393,0.015,0.04901,0.02696,0.02204,+,False
1322,22.0333,0.29894,0.27492,-0.02402,0.015,0.0449,0.02701,0.01789,+,False
1323,22.05,0.29919,0.27495,-0.02424,0.015,0.03365,0.02712,0.00653,+,False
1324,22.0667,0.29944,0.27489,-0.02455,0.015,0.0326,0.02728,0.00532,+,False
1325,22.0833,0.29969,0.27486,-0.02483,0.015,0.0358,0.02741,0.00838,+,False
1326,22.1,0.29994,0.27488,-0.02506,0.015,0.04016,0.02753,0.01263,+,False
1327,22.1167,0.30019,0.27494,-0.02524,0.015,0.04086,0.02762,0.01324,+,False
1328,22.1333,0.30044,0.27489,-0.02555,0.015,0.02903,0.02777,0.00126,+,False
1329,22.15,0.30069,0.27479,-0.0259,0.015,0.03183,0.02795,0.00388,+,False
1330,22.1667,0.30094,0.27469,-0.02625,0.015,0.03088,0.02812,0.00276,+,False
1331,22.1833,0.30119,0.27458,-0.02661,0.015,0.03,0.0283,0.00169,+,False
1332,22.2,0.30144,0.27453,-0.02691,0.015,0.03743,0.02845,0.00898,+,False
1333,22.2167,0.30169,0.27449,-0.0272,0.015,0.03426,0.0286,0.00566,+,False
1334,22.2333,0.30194,0.27452,-0.02742,0.015,0.04019,0.02871,0.01148,+,False
1335,22.25,0.30219,0.27457,-0.02762,0.015,0.04008,0.02881,0.01127,+,False
1336,22.2667,0.30244,0.27464,-0.0278,0.015,0.04065,0.0289,0.01175,+,False
1337,22.2833,0.30269,0.2746,-0.02809,0.015,0.03074,0.02904,0.00169,+,False
1338,22.3,0.30294,0.27452,-0.02842,0.015,0.03299,0.02921,0.00378,+,False
1339,22.3167,0.30319,0.27446,-0.02873,0.015,0.03243,0.02937,0.00306,+,False
1340,22.3333,0.30344,0.27442,-0.02902,0.015,0.0362,0.02951,0.0067,+,False
1341,22.35,0.30369,0.27448,-0.02921,0.015,0.04271,0.02961,0.0131,+,False
1342,22.3667,0.30394,0.27452,-0.02942,0.015,0.03708,0.02971,0.00737,+,False
1343,22.3833,0.30419,0.27456,-0.02963,0.015,0.04169,0.02981,0.01188,+,False
1344,22.4,0.30444,0.27455,-0.02989,0.015,0.03231,0.02994,0.00236,+,False
1345,22.4167,0.30469,0.2745,-0.03019,0.015,0.03431,0.03009,0.00421,+,False
1346,22.4333,0.30494,0.27452,-0.03042,0.015,0.0405,0.03021,0.0103,+,False
1347,22.45,0.30519,0.27452,-0.03067,0.015,0.03399,0.03034,0.00365,+,False
1348,22.4667,0.30544,0.27451,-0.03093,0.015,0.03774,0.03047,0.00727,+,False
1349,22.4833,0.30569,0.27454,-0.03115,0.015,0.0387,0.03057,0.00812,+,False
1350,22.5,0.30594,0.27457,-0.03137,0.015,0.03894,0.03068,0.00826,+,False
1351,22.5167,0.30619,0.27453,-0.03166,0.015,0.03138,0.03083,0.00055,+,False
1352,22.5333,0.30644,0.27444,-0.032,0.015,0.03056,0.031,-0.00044,+,False
1353,22.55,0.30669,0.2744,-0.03229,0.015,0.03742,0.03114,0.00627,+,False
1354,22.5667,0.30694,0.27446,-0.03248,0.015,0.04211,0.03124,0.01087,+,False
1355,22.5833,0.30719,0.27454,-0.03265,0.015,0.04209,0.03133,0.01077,+,False
1356,22.6,0.30744,0.27462,-0.03282,0.015,0.04162,0.03141,0.01021,+,False
1357,22.6167,0.30769,0.27467,-0.03302,0.015,0.03714,0.03151,0.00563,+,False
1358,22.6333,0.30794,0.27468,-0.03326,0.015,0.03879,0.03163,0.00716,+,False
1359,22.65,0.30819,0.27474,-0.03345,0.015,0.03979,0.03173,0.00807,+,False
1360,22.6667,0.30844,0.27478,-0.03366,0.015,0.0393,0.03183,0.00746,+,False
1361,22.6833,0.30869,0.2748,-0.03389,0.015,0.03695,0.03194,0.005,+,False
1362,22.7,0.30894,0.27479,-0.03415,0.015,0.03626,0.03207,0.00418,+,False
1363,22.7167,0.30919,0.27476,-0.03443,0.015,0.03295,0.03222,0.00073,+,False
1364,22.7333,0.30944,0.2747,-0.03474,0.015,0.03321,0.03237,0.00084,+,False
1365,22.75,0.30969,0.27471,-0.03498,0.015,0.03995,0.03249,0.00746,+,False
1366,22.7667,0.30994,0.2747,-0.03524,0.015,0.03379,0.03262,0.00117,+,False
1367,22.7833,0.31019,0.27467,-0.03552,0.015,0.03552,0.03276,0.00276,+,False
1368,22.8,0.31044,0.27471,-0.03573,0.015,0.04085,0.03287,0.00798,+,False
1369,22.8167,0.31069,0.2748,-0.03589,0.015,0.0434,0.03294,0.01045,+,False
1370,22.8333,0.31094,0.27486,-0.03608,0.015,0.0382,0.03304,0.00516,+,False
1371,22.85,0.31119,0.27488,-0.03631,0.015,0.03714,0.03316,0.00399,+,False
1372,22.8667,0.31144,0.27493,-0.03651,0.015,0.04197,0.03325,0.00871,+,False
1373,22.8833,0.31169,0.27504,-0.03665,0.015,0.04374,0.03333,0.01041,+,False
1374,22.9,0.31194,0.27514,-0.0368,0.015,0.04281,0.0334,0.00941,+,False
1375,22.9167,0.31219,0.27523,-0.03696,0.015,0.04172,0.03348,0.00824,+,False
1376,22.9333,0.31244,0.27519,-0.03725,0.015,0.02965,0.03362,-0.00398,+,False
1377,22.95,0.31269,0.27507,-0.03762,0.015,0.02988,0.03381,-0.00393,+,False
1378,22.9667,0.31294,0.27507,-0.03787,0.015,0.04029,0.03394,0.00636,+,False
1379,22.9833,0.31319,0.27507,-0.03812,0.015,0.03504,0.03406,0.00098,+,False
1380,23.0,0.31344,0.275,-0.03844,0.015,0.03068,0.03422,-0.00354,+,False
1381,23.0167,0.31369,0.27494,-0.03875,0.015,0.03546,0.03437,0.00109,+,False
1382,23.0333,0.31394,0.27496,-0.03898,0.015,0.03902,0.03449,0.00453,+,False
1383,23.05,0.31419,0.27502,-0.03917,0.015,0.04211,0.03458,0.00753,+,False
1384,23.0667,0.31444,0.2751,-0.03934,0.015,0.04166,0.03467,0.00699,+,False
1385,23.0833,0.31469,0.27506,-0.03963,0.015,0.0289,0.03482,-0.00591,+,False
1386,23.1,0.31494,0.27484,-0.0401,0.015,0.02111,0.03505,-0.01394,+,False
1387,23.1167,0.31519,0.27474,-0.04045,0.015,0.03717,0.03522,0.00194,+,False
1388,23.1333,0.31544,0.27481,-0.04063,0.015,0.04319,0.03532,0.00787,+,False
1389,23.15,0.31569,0.27495,-0.04074,0.015,0.04742,0.03537,0.01205,+,False
1390,23.1667,0.31594,0.27505,-0.04089,0.015,0.03945,0.03545,0.004,+,False
1391,23.1833,0.31619,0.27505,-0.04114,0.015,0.03477,0.03557,-0.00081,+,False
1392,23.2,0.31644,0.2751,-0.04134,0.015,0.04304,0.03567,0.00737,+,False
1393,23.2167,0.31669,0.27524,-0.04145,0.015,0.04625,0.03573,0.01052,+,False
1394,23.2333,0.31694,0.27537,-0.04157,0.015,0.04385,0.03578,0.00807,+,False
1395,23.25,0.31719,0.27538,-0.04181,0.015,0.03281,0.03591,-0.0031,+,False
1396,23.2667,0.31744,0.2753,-0.04214,0.015,0.03145,0.03607,-0.00461,+,False
1397,23.2833,0.31769,0.27526,-0.04243,0.015,0.03591,0.03622,-0.00031,+,False
1398,23.3,0.31794,0.27527,-0.04267,0.015,0.03868,0.03634,0.00234,+,False
1399,23.3167,0.31819,0.27528,-0.04291,0.015,0.03703,0.03646,0.00057,+,False
1400,23.3333,0.31844,0.27526,-0.04318,0.015,0.03521,0.03659,-0.00137,+,False
1401,23.35,0.31869,0.27514,-0.04355,0.015,0.02653,0.03677,-0.01024,+,False
1402,23.3667,0.31894,0.27501,-0.04393,0.015,0.03034,0.03697,-0.00663,+,False
1403,23.3833,0.31919,0.27487,-0.04432,0.015,0.02734,0.03716,-0.00982,+,False
1404,23.4,0.31944,0.27477,-0.04467,0.015,0.03288,0.03734,-0.00445,+,False
1405,23.4167,0.31969,0.27474,-0.04495,0.015,0.03748,0.03747,1e-05,+,False
1406,23.4333,0.31994,0.27473,-0.04521,0.015,0.03506,0.03761,-0.00255,+,False
1407,23.45,0.32019,0.27471,-0.04548,0.015,0.03691,0.03774,-0.00083,+,False
1408,23.4667,0.32044,0.27473,-0.04571,0.015,0.03924,0.03785,0.00139,+,False
1409,23.4833,0.32069,0.27477,-0.04592,0.015,0.03938,0.03796,0.00142,+,False
1410,23.5,0.32094,0.27482,-0.04612,0.015,0.04046,0.03806,0.0024,+,False
1411,23.5167,0.32119,0.27489,-0.0463,0.015,0.0406,0.03815,0.00244,+,False
1412,23.5333,0.32144,0.27495,-0.04649,0.015,0.04072,0.03824,0.00247,+,False
1413,23.55,0.32169,0.27489,-0.04679,0.015,0.02801,0.0384,-0.01038,+,False
1414,23.5667,0.32194,0.27468,-0.04726,0.015,0.02048,0.03863,-0.01815,+,False
1415,23.5833,0.32219,0.27456,-0.04763,0.015,0.03419,0.03882,-0.00463,+,False
1416,23.6,0.32244,0.27464,-0.0478,0.015,0.04652,0.0389,0.00762,+,False
1417,23.6167,0.32269,0.27486,-0.04783,0.015,0.05261,0.03892,0.01369,+,False
1418,23.6333,0.32294,0.27502,-0.04792,0.015,0.04178,0.03896,0.00281,+,False
1419,23.65,0.32319,0.27506,-0.04813,0.015,0.03781,0.03906,-0.00125,+,False
1420,23.6667,0.32344,0.27516,-0.04828,0.015,0.04587,0.03914,0.00673,+,False
1421,23.6833,0.32369,0.27534,-0.04835,0.015,0.04685,0.03918,0.00767,+,False
1422,23.7,0.32394,0.27542,-0.04852,0.015,0.03881,0.03926,-0.00045,+,False
1423,23.7167,0.32419,0.27545,-0.04874,0.015,0.03799,0.03937,-0.00138,+,False
1424,23.7333,0.32444,0.27536,-0.04908,0.015,0.02707,0.03954,-0.01247,+,False
1425,23.75,0.32469,0.27517,-0.04952,0.015,0.02348,0.03976,-0.01628,+,False
1426,23.7667,0.32494,0.27499,-0.04995,0.015,0.02739,0.03998,-0.01259,+,False
1427,23.7833,0.32519,0.2749,-0.05029,0.015,0.03433,0.04015,-0.00582,+,False
1428,23.8,0.32544,0.27488,-0.05056,0.015,0.03696,0.04028,-0.00332,+,False
1429,23.8167,0.32569,0.27485,-0.05084,0.015,0.03397,0.04042,-0.00645,+,False
1430,23.8333,0.32594,0.27479,-0.05115,0.015,0.03378,0.04057,-0.0068,+,False
1431,23.85,0.32619,0.27475,-0.05144,0.015,0.03489,0.04072,-0.00583,+,False
1432,23.8667,0.32644,0.27473,-0.05171,0.015,0.03668,0.04085,-0.00418,+,False
1433,23.8833,0.32669,0.27477,-0.05192,0.015,0.04023,0.04096,-0.00073,+,False
1434,23.9,0.32694,0.27484,-0.0521,0.015,0.04202,0.04105,0.00097,+,False
1435,23.9167,0.32719,0.27492,-0.05227,0.015,0.04107,0.04113,-6e-05,+,False
1436,23.9333,0.32744,0.27491,-0.05253,0.015,0.03254,0.04127,-0.00872,+,False
1437,23.95,0.32769,0.2749,-0.05279,0.015,0.03755,0.0414,-0.00385,+,False
1438,23.9667,0.32794,0.27494,-0.053,0.015,0.04057,0.0415,-0.00093,+,False
1439,23.9833,0.32819,0.27504,-0.05315,0.015,0.04351,0.04158,0.00193,+,False
1440,24.0,0.32844,0.27517,-0.05327,0.015,0.04558,0.04163,0.00394,+,False
1441,24.0167,0.32869,0.27528,-0.05341,0.015,0.04215,0.0417,0.00045,+,False
1442,24.0333,0.32894,0.27533,-0.05361,0.015,0.03743,0.04181,-0.00438,+,False
1443,24.05,0.32919,0.27526,-0.05393,0.015,0.02953,0.04196,-0.01244,+,False
1444,24.0667,0.32944,0.27518,-0.05426,0.015,0.03284,0.04213,-0.00929,+,False
1445,24.0833,0.32969,0.27517,-0.05452,0.015,0.03839,0.04226,-0.00387,+,False
1446,24.1,0.32994,0.27521,-0.05473,0.015,0.0402,0.04237,-0.00217,+,False
1447,24.1167,0.33019,0.27518,-0.05501,0.015,0.03156,0.04251,-0.01095,+,False
1448,24.1333,0.33044,0.27508,-0.05536,0.015,0.03054,0.04268,-0.01215,+,False
1449,24.15,0.33069,0.27504,-0.05565,0.015,0.03757,0.04282,-0.00526,+,False
1450,24.1667,0.33094,0.275,-0.05594,0.015,0.03299,0.04297,-0.00997,+,False
1451,24.1833,0.33119,0.27487,-0.05632,0.015,0.02546,0.04316,-0.0177,+,False
1452,24.2,0.33144,0.27468,-0.05676,0.015,0.02567,0.04338,-0.01771,+,False
1453,24.2167,0.33169,0.27465,-0.05704,0.015,0.04107,0.04352,-0.00245,+,False
1454,24.2333,0.33194,0.2748,-0.05714,0.015,0.0501,0.04357,0.00653,+,False
1455,24.25,0.33219,0.27502,-0.05717,0.015,0.04929,0.04359,0.0057,+,False
1456,24.2667,0.33244,0.27519,-0.05725,0.015,0.04681,0.04362,0.00318,+,False
1457,24.2833,0.33269,0.27536,-0.05733,0.015,0.04709,0.04367,0.00343,+,False
1458,24.3,0.33294,0.27542,-0.05752,0.015,0.03594,0.04376,-0.00782,+,False
1459,24.3167,0.33319,0.27535,-0.05784,0.015,0.03051,0.04392,-0.01341,+,False
1460,24.3333,0.33344,0.27527,-0.05817,0.015,0.03197,0.04409,-0.01212,+,False
1461,24.35,0.33369,0.27519,-0.0585,0.015,0.03289,0.04425,-0.01136,+,False
1462,24.3667,0.33394,0.27507,-0.05887,0.015,0.02918,0.04443,-0.01526,+,False
1463,24.3833,0.33419,0.27499,-0.0592,0.015,0.03248,0.0446,-0.01212,+,False
1464,24.4,0.33444,0.27493,-0.05951,0.015,0.03463,0.04475,-0.01013,+,False
1465,24.4167,0.33469,0.27491,-0.05978,0.015,0.03646,0.04489,-0.00843,+,False
1466,24.4333,0.33494,0.27489,-0.06005,0.015,0.03603,0.04502,-0.00899,+,False
1467,24.45,0.33519,0.27489,-0.0603,0.015,0.03749,0.04515,-0.00766,+,False
1468,24.4667,0.33544,0.2749,-0.06054,0.015,0.03748,0.04527,-0.00779,+,False
1469,24.4833,0.33569,0.27497,-0.06072,0.015,0.04267,0.04536,-0.00269,+,False
1470,24.5,0.33594,0.27497,-0.06097,0.015,0.03384,0.04548,-0.01165,+,False
1471,24.5167,0.33619,0.27489,-0.0613,0.015,0.03034,0.04565,-0.01531,+,False
1472,24.5333,0.33644,0.27484,-0.0616,0.015,0.03502,0.0458,-0.01078,+,False
1473,24.55,0.33669,0.27485,-0.06183,0.015,0.03973,0.04592,-0.00619,+,False
1474,24.5667,0.33694,0.27489,-0.06205,0.015,0.03768,0.04603,-0.00835,+,False
1475,24.5833,0.33719,0.27494,-0.06225,0.015,0.04095,0.04613,-0.00518,+,False
1476,24.6,0.33744,0.27502,-0.06242,0.015,0.04176,0.04621,-0.00445,+,False
1477,24.6167,0.33769,0.2751,-0.06259,0.015,0.04134,0.0463,-0.00496,+,False
1478,24.6333,0.33794,0.27515,-0.06279,0.015,0.03903,0.0464,-0.00737,+,False
1479,24.65,0.33819,0.27515,-0.06304,0.015,0.03498,0.04652,-0.01154,+,False
1480,24.6667,0.33844,0.27507,-0.06337,0.015,0.02948,0.04669,-0.0172,+,False
1481,24.6833,0.33869,0.27494,-0.06375,0.015,0.02765,0.04688,-0.01922,+,False
1482,24.7,0.33894,0.27487,-0.06407,0.015,0.03597,0.04703,-0.01107,+,False
1483,24.7167,0.33919,0.27495,-0.06424,0.015,0.04347,0.04712,-0.00365,+,False
1484,24.7333,0.33944,0.27505,-0.06439,0.015,0.04349,0.0472,-0.00371,+,False
1485,24.75,0.33969,0.27514,-0.06455,0.015,0.04144,0.04727,-0.00583,+,False
1486,24.7667,0.33994,0.27521,-0.06473,0.015,0.04049,0.04736,-0.00687,+,False
1487,24.7833,0.34019,0.27528,-0.06491,0.015,0.04114,0.04745,-0.00632,+,False
1488,24.8,0.34044,0.27533,-0.06511,0.015,0.03906,0.04755,-0.00849,+,False
1489,24.8167,0.34069,0.27537,-0.06532,0.015,0.03859,0.04766,-0.00907,+,False
1490,24.8333,0.34094,0.27541,-0.06553,0.015,0.03902,0.04777,-0.00875,+,False
1491,24.85,0.34119,0.27544,-0.06575,0.015,0.03845,0.04787,-0.00943,+,False
1492,24.8667,0.34144,0.27547,-0.06597,0.015,0.03804,0.04799,-0.00994,+,False
1493,24.8833,0.34169,0.27548,-0.06621,0.015,0.03692,0.04811,-0.01119,+,False
1494,24.9,0.34194,0.2754,-0.06654,0.015,0.02895,0.04827,-0.01931,+,False
1495,24.9167,0.34219,0.27531,-0.06688,0.015,0.03314,0.04844,-0.0153,+,False
1496,24.9333,0.34244,0.2753,-0.06714,0.015,0.0379,0.04857,-0.01068,+,False
1497,24.95,0.34269,0.27529,-0.0674,0.015,0.03513,0.0487,-0.01358,+,False
1498,24.9667,0.34294,0.27524,-0.0677,0.015,0.03402,0.04885,-0.01483,+,False
1499,24.9833,0.34319,0.2752,-0.06799,0.015,0.03407,0.049,-0.01492,+,False
1500,25.0,0.34344,0.2752,-0.06824,0.015,0.03983,0.04912,-0.00929,+,False
1501,25.0167,0.34369,0.27515,-0.06854,0.015,0.02993,0.04927,-0.01934,+,False
1502,25.0333,0.34394,0.27503,-0.06891,0.015,0.02927,0.04945,-0.02019,+,False
1503,25.05,0.34419,0.27496,-0.06923,0.015,0.03523,0.04961,-0.01438,+,False
1504,25.0667,0.34444,0.27495,-0.06949,0.015,0.03611,0.04975,-0.01363,+,False
1505,25.0833,0.34469,0.27496,-0.06973,0.015,0.039,0.04987,-0.01086,+,False
1506,25.1,0.34494,0.27502,-0.06992,0.015,0.04181,0.04996,-0.00815,+,False
1507,25.1167,0.34519,0.27509,-0.0701,0.015,0.04025,0.05,-0.00975,+,False
1508,25.1333,0.34544,0.27516,-0.07028,0.015,0.04191,0.05,-0.00809,+,False
1509,25.15,0.34569,0.2752,-0.07049,0.015,0.0364,0.05,-0.0136,+,False
1510,25.1667,0.34594,0.27518,-0.07076,0.015,0.03527,0.05,-0.01473,+,False
1511,25.1833,0.34619,0.27515,-0.07104,0.015,0.03435,0.05,-0.01565,+,False
1512,25.2,0.34644,0.27511,-0.07133,0.015,0.03475,0.05,-0.01525,+,False
1513,25.2167,0.34669,0.27499,-0.0717,0.015,0.02646,0.05,-0.02354,+,False
1514,25.2333,0.34694,0.27476,-0.07218,0.015,0.01953,0.05,-0.03047,+,False
1515,25.25,0.34719,0.2746,-0.07259,0.015,0.03172,0.05,-0.01828,+,False
1516,25.2667,0.34744,0.27468,-0.07276,0.015,0.04808,0.05,-0.00192,+,False
1517,25.2833,0.34769,0.27489,-0.0728,0.015,0.04922,0.05,-0.00078,+,False
1518,25.3,0.34794,0.27507,-0.07287,0.015,0.04654,0.05,-0.00346,+,False
1519,25.3167,0.34819,0.27524,-0.07295,0.015,0.04739,0.05,-0.00261,+,False
1520,25.3333,0.34844,0.27537,-0.07307,0.015,0.04186,0.05,-0.00814,+,False
1521,25.35,0.34869,0.2754,-0.07329,0.015,0.0371,0.05,-0.0129,+,False
1522,25.3667,0.34894,0.27539,-0.07355,0.015,0.03504,0.05,-0.01496,+,False
1523,25.3833,0.34919,0.2754,-0.07379,0.015,0.0389,0.05,-0.0111,+,False
1524,25.4,0.34944,0.27543,-0.07401,0.015,0.03801,0.05,-0.01199,+,False
1525,25.4167,0.34969,0.27544,-0.07425,0.015,0.0369,0.05,-0.0131,+,False
1526,25.4333,0.34994,0.27543,-0.07451,0.015,0.03564,0.05,-0.01436,+,False
1527,25.45,0.34981,0.2754,-0.07441,-0.015,0.03336,0.02221,0.01115,-,False
1528,25.4667,0.34956,0.27536,-0.0742,-0.015,0.03607,0.0221,0.01398,-,False
1529,25.4833,0.34931,0.27538,-0.07393,-0.015,0.03852,0.02197,0.01656,-,False
1530,25.5,0.34906,0.27539,-0.07367,-0.015,0.03737,0.02183,0.01554,-,False
1531,25.5167,0.34881,0.27539,-0.07342,-0.015,0.03658,0.02171,0.01487,-,False
1532,25.5333,0.34856,0.27539,-0.07317,-0.015,0.03682,0.02159,0.01524,-,False
1533,25.55,0.34831,0.2754,-0.07291,-0.015,0.03842,0.02145,0.01697,-,False
1534,25.5667,0.34806,0.27537,-0.07269,-0.015,0.03294,0.02134,0.0116,-,False
1535,25.5833,0.34781,0.27529,-0.07252,-0.015,0.03107,0.02126,0.00981,-,False
1536,25.6,0.34756,0.27527,-0.07229,-0.015,0.03865,0.02114,0.01751,-,False
1537,25.6167,0.34731,0.27534,-0.07197,-0.015,0.0421,0.02099,0.02111,-,False
1538,25.6333,0.34706,0.27536,-0.0717,-0.015,0.03627,0.02085,0.01542,-,False
1539,25.65,0.34681,0.27535,-0.07146,-0.015,0.03558,0.02073,0.01485,-,False
1540,25.6667,0.34656,0.2754,-0.07116,-0.015,0.04178,0.02058,0.0212,-,False
1541,25.6833,0.34631,0.27549,-0.07082,-0.015,0.04329,0.02041,0.02288,-,False
1542,25.7,0.34606,0.27559,-0.07047,-0.015,0.04241,0.02024,0.02218,-,False
1543,25.7167,0.34581,0.27563,-0.07018,-0.015,0.03607,0.02009,0.01598,-,False
1544,25.7333,0.34556,0.27562,-0.06994,-0.015,0.03685,0.01997,0.01688,-,False
1545,25.75,0.34531,0.27562,-0.06969,-0.015,0.0357,0.01985,0.01586,-,False
1546,25.7667,0.34506,0.27561,-0.06945,-0.015,0.03677,0.01973,0.01705,-,False
1547,25.7833,0.34481,0.27561,-0.0692,-0.015,0.03758,0.0196,0.01798,-,False
1548,25.8,0.34456,0.27555,-0.06901,-0.015,0.02907,0.01951,0.00957,-,False
1549,25.8167,0.34431,0.27544,-0.06887,-0.015,0.03184,0.01943,0.01241,-,False
1550,25.8333,0.34406,0.27542,-0.06864,-0.015,0.03776,0.01932,0.01844,-,False
1551,25.85,0.34381,0.27547,-0.06834,-0.015,0.04108,0.01917,0.02191,-,False
1552,25.8667,0.34356,0.27552,-0.06804,-0.015,0.03929,0.01902,0.02027,-,False
1553,25.8833,0.34331,0.27556,-0.06775,-0.015,0.03956,0.01888,0.02068,-,False
1554,25.9,0.34306,0.27562,-0.06744,-0.015,0.0408,0.01872,0.02208,-,False
1555,25.9167,0.34281,0.27569,-0.06712,-0.015,0.04085,0.01856,0.02229,-,False
1556,25.9333,0.34256,0.27567,-0.06689,-0.015,0.03214,0.01844,0.01369,-,False
1557,25.95,0.34231,0.2756,-0.06671,-0.015,0.03176,0.01836,0.0134,-,False
1558,25.9667,0.34206,0.27558,-0.06648,-0.015,0.03781,0.01824,0.01957,-,False
1559,25.9833,0.34181,0.27564,-0.06617,-0.015,0.04243,0.01808,0.02435,-,False
1560,26.0,0.34156,0.27572,-0.06584,-0.015,0.04041,0.01792,0.02249,-,False
1561,26.0167,0.34131,0.27577,-0.06554,-0.015,0.0389,0.01777,0.02112,-,False
1562,26.0333,0.34106,0.2758,-0.06526,-0.015,0.03888,0.01763,0.02125,-,False
1563,26.05,0.34081,0.27582,-0.06499,-0.015,0.03723,0.0175,0.01974,-,False
1564,26.0667,0.34056,0.27581,-0.06475,-0.015,0.03558,0.01738,0.01821,-,False
1565,26.0833,0.34031,0.27578,-0.06453,-0.015,0.03535,0.01726,0.01809,-,False
1566,26.1,0.34006,0.27577,-0.06429,-0.015,0.03623,0.01715,0.01908,-,False
1567,26.1167,0.33981,0.27574,-0.06407,-0.015,0.03429,0.01703,0.01725,-,False
1568,26.1333,0.33956,0.2757,-0.06386,-0.015,0.03517,0.01693,0.01824,-,False
1569,26.15,0.33931,0.27561,-0.0637,-0.015,0.02838,0.01685,0.01153,-,False
1570,26.1667,0.33906,0.27542,-0.06364,-0.015,0.02357,0.01682,0.00675,-,False
1571,26.1833,0.33881,0.27529,-0.06352,-0.015,0.03211,0.01676,0.01535,-,False
1572,26.2,0.33856,0.27534,-0.06323,-0.015,0.04406,0.01661,0.02745,-,False
1573,26.2167,0.33831,0.27549,-0.06282,-0.015,0.04765,0.01641,0.03123,-,False
1574,26.2333,0.33806,0.27562,-0.06244,-0.015,0.04303,0.01622,0.02681,-,False
1575,26.25,0.33781,0.2757,-0.06211,-0.015,0.04073,0.01606,0.02468,-,False
1576,26.2667,0.33756,0.27567,-0.06189,-0.015,0.03133,0.01594,0.01539,-,False
1577,26.2833,0.33731,0.27556,-0.06175,-0.015,0.02943,0.01588,0.01355,-,False
1578,26.3,0.33706,0.27541,-0.06165,-0.015,0.02668,0.01582,0.01085,-,False
1579,26.3167,0.33681,0.27531,-0.0615,-0.015,0.03357,0.01575,0.01782,-,False
1580,26.3333,0.33656,0.27532,-0.06124,-0.015,0.04048,0.01562,0.02486,-,False
1581,26.35,0.33631,0.27538,-0.06093,-0.015,0.0406,0.01547,0.02514,-,False
1582,26.3667,0.33606,0.27534,-0.06072,-0.015,0.03149,0.01536,0.01613,-,False
1583,26.3833,0.33581,0.27513,-0.06068,-0.015,0.01993,0.01534,0.00459,-,False
1584,26.4,0.33556,0.27497,-0.06059,-0.015,0.03113,0.0153,0.01583,-,False
1585,26.4167,0.33531,0.27498,-0.06033,-0.015,0.04148,0.01517,0.02632,-,False
1586,26.4333,0.33506,0.27511,-0.05995,-0.015,0.04797,0.01498,0.03299,-,False
1587,26.45,0.33481,0.27521,-0.0596,-0.015,0.04034,0.0148,0.02554,-,False
1588,26.4667,0.33456,0.27523,-0.05933,-0.015,0.03671,0.01466,0.02205,-,False
1589,26.4833,0.33431,0.27526,-0.05905,-0.015,0.03959,0.01452,0.02506,-,False
1590,26.5,0.33406,0.27529,-0.05877,-0.015,0.03761,0.01439,0.02323,-,False
1591,26.5167,0.33381,0.27527,-0.05854,-0.015,0.03531,0.01427,0.02104,-,False
1592,26.5333,0.33356,0.27524,-0.05832,-0.015,0.0341,0.01416,0.01993,-,False
1593,26.55,0.33331,0.27522,-0.05809,-0.015,0.03826,0.01404,0.02421,-,False
1594,26.5667,0.33306,0.27523,-0.05783,-0.015,0.03602,0.01392,0.0221,-,False
1595,26.5833,0.33281,0.2752,-0.05761,-0.015,0.03588,0.0138,0.02207,-,False
1596,26.6,0.33256,0.27515,-0.05741,-0.015,0.03215,0.01371,0.01844,-,False
1597,26.6167,0.33231,0.27495,-0.05736,-0.015,0.02063,0.01368,0.00695,-,False
1598,26.6333,0.33206,0.27469,-0.05737,-0.015,0.02148,0.01368,0.0078,-,False
1599,26.65,0.33181,0.27457,-0.05724,-0.015,0.03468,0.01362,0.02106,-,False
1600,26.6667,0.33156,0.27455,-0.05701,-0.015,0.03692,0.01351,0.02341,-,False
1601,26.6833,0.33131,0.27458,-0.05673,-0.015,0.03994,0.01337,0.02658,-,False
1602,26.7,0.33106,0.27466,-0.0564,-0.015,0.04287,0.0132,0.02967,-,False
1603,26.7167,0.33081,0.27471,-0.0561,-0.015,0.03735,0.01305,0.0243,-,False
1604,26.7333,0.33056,0.27476,-0.0558,-0.015,0.0414,0.0129,0.0285,-,False
1605,26.75,0.33031,0.27492,-0.05539,-0.015,0.04975,0.01269,0.03706,-,False
1606,26.7667,0.33006,0.27513,-0.05493,-0.015,0.04812,0.01246,0.03566,-,False
1607,26.7833,0.32981,0.27523,-0.05458,-0.015,0.03869,0.01229,0.0264,-,False
1608,26.8,0.32956,0.27523,-0.05433,-0.015,0.03476,0.01216,0.0226,-,False
1609,26.8167,0.32931,0.27524,-0.05407,-0.015,0.03779,0.01204,0.02575,-,False
1610,26.8333,0.32906,0.27526,-0.0538,-0.015,0.03726,0.0119,0.02535,-,False
1611,26.85,0.32881,0.27529,-0.05352,-0.015,0.03922,0.01176,0.02746,-,False
1612,26.8667,0.32856,0.27536,-0.0532,-0.015,0.04112,0.0116,0.02952,-,False
1613,26.8833,0.32831,0.2754,-0.05291,-0.015,0.03781,0.01145,0.02635,-,False
1614,26.9,0.32806,0.27543,-0.05263,-0.015,0.03831,0.01131,0.027,-,False
1615,26.9167,0.32781,0.27533,-0.05248,-0.015,0.02592,0.01124,0.01469,-,False
1616,26.9333,0.32756,0.27519,-0.05237,-0.015,0.02956,0.01118,0.01837,-,False
1617,26.95,0.32731,0.27517,-0.05214,-0.015,0.03894,0.01107,0.02786,-,False
1618,26.9667,0.32706,0.27525,-0.05181,-0.015,0.04339,0.0109,0.03249,-,False
1619,26.9833,0.32681,0.27539,-0.05142,-0.015,0.04618,0.01071,0.03547,-,False
1620,27.0,0.32656,0.27545,-0.05111,-0.015,0.03638,0.01055,0.02583,-,False
1621,27.0167,0.32631,0.27542,-0.05089,-0.015,0.03342,0.01045,0.02297,-,False
1622,27.0333,0.32606,0.27541,-0.05065,-0.015,0.03743,0.01033,0.0271,-,False
1623,27.05,0.32581,0.27547,-0.05034,-0.015,0.04258,0.01017,0.03241,-,False
1624,27.0667,0.32556,0.27556,-0.05,-0.015,0.04182,0.01,0.03182,-,False
1625,27.0833,0.32531,0.27561,-0.0497,-0.015,0.03863,0.00985,0.02878,-,False
1626,27.1,0.32506,0.27564,-0.04942,-0.015,0.03857,0.00971,0.02886,-,False
1627,27.1167,0.32481,0.27567,-0.04914,-0.015,0.03878,0.00957,0.02921,-,False
1628,27.1333,0.32456,0.27567,-0.04889,-0.015,0.03437,0.00945,0.02492,-,False
1629,27.15,0.32431,0.2756,-0.04871,-0.015,0.03249,0.00935,0.02314,-,False
1630,27.1667,0.32406,0.27554,-0.04852,-0.015,0.03313,0.00926,0.02386,-,False
1631,27.1833,0.32381,0.27547,-0.04834,-0.015,0.03312,0.00917,0.02395,-,False
1632,27.2,0.32356,0.27534,-0.04822,-0.015,0.02586,0.00911,0.01675,-,False
1633,27.2167,0.32331,0.2752,-0.04811,-0.015,0.03058,0.00905,0.02152,-,False
1634,27.2333,0.31466,0.29604,-0.01863,0.015,0.01724,0.02431,-0.00707,+,True
1635,27.25,0.31491,0.29369,-0.02122,0.015,-0.1315,0.02561,-0.15712,+,False
1636,27.2667,0.31516,0.28952,-0.02565,0.015,-0.2931,0.02782,-0.32092,+,False
1637,27.2833,0.31541,0.28252,-0.03289,0.015,-0.47084,0.03144,-0.50229,+,False
1638,27.3,0.31566,0.27464,-0.04103,0.015,-0.40922,0.03551,-0.44473,+,False
1639,27.3167,0.31591,0.26819,-0.04773,0.015,-0.30249,0.03886,-0.34135,+,False
1640,27.3333,0.31616,0.26367,-0.05249,0.015,-0.17811,0.04125,-0.21935,+,False
1641,27.35,0.31641,0.26124,-0.05517,0.015,-0.05231,0.04258,-0.0949,+,False
1642,27.3667,0.31666,0.26062,-0.05605,0.015,0.04419,0.04302,0.00117,+,False
1643,27.3833,0.31691,0.26111,-0.0558,0.015,0.09239,0.0429,0.04949,+,False
1644,27.4,0.31716,0.26224,-0.05492,0.015,0.11763,0.04246,0.07517,+,False
1645,27.4167,0.31741,0.26355,-0.05386,0.015,0.12019,0.04193,0.07826,+,False
1646,27.4333,0.31766,0.26501,-0.05266,0.015,0.1291,0.04133,0.08778,+,False
1647,27.45,0.31791,0.26661,-0.05131,0.015,0.13703,0.04065,0.09638,+,False
1648,27.4667,0.31816,0.26826,-0.04991,0.015,0.13534,0.03995,0.09539,+,False
1649,27.4833,0.31841,0.26977,-0.04864,0.015,0.1218,0.03932,0.08248,+,False
1650,27.5,0.31866,0.27087,-0.04779,0.015,0.09055,0.0389,0.05165,+,False
1651,27.5167,0.31891,0.27139,-0.04752,0.015,0.05385,0.03876,0.01509,+,False
1652,27.5333,0.31916,0.27155,-0.04761,0.015,0.04013,0.03881,0.00132,+,False
1653,27.55,0.31941,0.27151,-0.0479,0.015,0.03117,0.03895,-0.00778,+,False
1654,27.5667,0.31966,0.2714,-0.04826,0.015,0.03342,0.03913,-0.00571,+,False
1655,27.5833,0.31991,0.27141,-0.04851,0.015,0.0391,0.03925,-0.00016,+,False
1656,27.6,0.32016,0.27152,-0.04864,0.015,0.04942,0.03932,0.0101,+,False
1657,27.6167,0.32041,0.27177,-0.04864,0.015,0.0545,0.03932,0.01518,+,False
1658,27.6333,0.32066,0.2721,-0.04857,0.015,0.05853,0.03928,0.01924,+,False
1659,27.65,0.32091,0.27235,-0.04857,0.015,0.0503,0.03928,0.01102,+,False
1660,27.6667,0.32116,0.27259,-0.04857,0.015,0.05407,0.03929,0.01478,+,False
1661,27.6833,0.32141,0.27304,-0.04837,0.015,0.06861,0.03919,0.02942,+,False
1662,27.7,0.32166,0.27332,-0.04834,0.015,0.04634,0.03917,0.00718,+,False
1663,27.7167,0.32191,0.27347,-0.04844,0.015,0.04436,0.03922,0.00514,+,False
1664,27.7333,0.32216,0.27365,-0.04851,0.015,0.04722,0.03926,0.00797,+,False
1665,27.75,0.32241,0.27389,-0.04852,0.015,0.05427,0.03926,0.01501,+,False
1666,27.7667,0.32266,0.27425,-0.04841,0.015,0.06088,0.03921,0.02167,+,False
1667,27.7833,0.32291,0.27479,-0.04812,0.015,0.0744,0.03906,0.03534,+,False
1668,27.8,0.32316,0.27546,-0.04771,0.015,0.07768,0.03885,0.03883,+,False
1669,27.8167,0.32341,0.27608,-0.04733,0.015,0.07067,0.03867,0.032,+,False
1670,27.8333,0.32366,0.27671,-0.04695,0.015,0.07578,0.03847,0.03731,+,False
1671,27.85,0.32391,0.27735,-0.04657,0.015,0.07263,0.03828,0.03434,+,False
1672,27.8667,0.32416,0.27789,-0.04627,0.015,0.06601,0.03814,0.02787,+,False
1673,27.8833,0.32441,0.2783,-0.04611,0.015,0.05695,0.03805,0.0189,+,False
1674,27.9,0.32466,0.2786,-0.04606,0.015,0.05208,0.03803,0.01405,+,False
1675,27.9167,0.32491,0.27883,-0.04608,0.015,0.04873,0.03804,0.01069,+,False
1676,27.9333,0.32516,0.27899,-0.04618,0.015,0.04461,0.03809,0.00652,+,False
1677,27.95,0.32541,0.2791,-0.04632,0.015,0.04182,0.03816,0.00367,+,False
1678,27.9667,0.32566,0.27918,-0.04648,0.015,0.04198,0.03824,0.00374,+,False
1679,27.9833,0.32591,0.27923,-0.04668,0.015,0.03865,0.03834,0.00031,+,False
1680,28.0,0.32616,0.27924,-0.04692,0.015,0.03575,0.03846,-0.00271,+,False
1681,28.0167,0.32641,0.27922,-0.0472,0.015,0.03484,0.0386,-0.00375,+,False
1682,28.0333,0.32666,0.27916,-0.04751,0.015,0.03219,0.03875,-0.00657,+,False
1683,28.05,0.32691,0.27907,-0.04785,0.015,0.03132,0.03892,-0.0076,+,False
1684,28.0667,0.32716,0.27894,-0.04822,0.015,0.03153,0.03911,-0.00758,+,False
1685,28.0833,0.32741,0.27893,-0.04848,0.015,0.03595,0.03924,-0.00328,+,False
1686,28.1,0.32766,0.27901,-0.04865,0.015,0.044,0.03933,0.00468,+,False
1687,28.1167,0.32791,0.27933,-0.04858,0.015,0.06269,0.03929,0.0234,+,False
1688,28.1333,0.32816,0.2797,-0.04846,0.015,0.05508,0.03923,0.01585,+,False
1689,28.15,0.32841,0.27995,-0.04846,0.015,0.04621,0.03923,0.00698,+,False
1690,28.1667,0.32866,0.28015,-0.04852,0.015,0.04842,0.03926,0.00916,+,False
1691,28.1833,0.32891,0.28046,-0.04845,0.015,0.05889,0.03923,0.01966,+,False
1692,28.2,0.32916,0.28083,-0.04833,0.015,0.05869,0.03916,0.01952,+,False
1693,28.2167,0.32941,0.28119,-0.04822,0.015,0.05361,0.03911,0.01449,+,False
1694,28.2333,0.32966,0.28138,-0.04828,0.015,0.04378,0.03914,0.00464,+,False
1695,28.25,0.32991,0.28159,-0.04833,0.015,0.04887,0.03916,0.0097,+,False
1696,28.2667,0.33016,0.28187,-0.04829,0.015,0.0543,0.03915,0.01515,+,False
1697,28.2833,0.33041,0.28212,-0.04829,0.015,0.04895,0.03915,0.0098,+,False
1698,28.3,0.33066,0.28223,-0.04843,0.015,0.03793,0.03922,-0.00129,+,False
1699,28.3167,0.33091,0.28215,-0.04876,0.015,0.02808,0.03938,-0.0113,+,False
1700,28.3333,0.33116,0.28198,-0.04919,0.015,0.02396,0.03959,-0.01563,+,False
1701,28.35,0.33141,0.28192,-0.0495,0.015,0.0377,0.03975,-0.00205,+,False
1702,28.3667,0.33166,0.2819,-0.04977,0.015,0.03365,0.03988,-0.00624,+,False
1703,28.3833,0.33191,0.28189,-0.05002,0.015,0.03612,0.04001,-0.00389,+,False
1704,28.4,0.33216,0.28189,-0.05027,0.015,0.03771,0.04013,-0.00242,+,False
1705,28.4167,0.33241,0.2819,-0.05051,0.015,0.03592,0.04026,-0.00434,+,False
1706,28.4333,0.33266,0.28191,-0.05075,0.015,0.03746,0.04038,-0.00292,+,False
1707,28.45,0.33291,0.28192,-0.051,0.015,0.03628,0.0405,-0.00422,+,False
1708,28.4667,0.33316,0.28191,-0.05126,0.015,0.03595,0.04063,-0.00467,+,False
1709,28.4833,0.33341,0.28191,-0.0515,0.015,0.03699,0.04075,-0.00376,+,False
1710,28.5,0.33366,0.28193,-0.05174,0.015,0.03817,0.04087,-0.00269,+,False
1711,28.5167,0.33391,0.28192,-0.05199,0.015,0.03383,0.041,-0.00717,+,False
1712,28.5333,0.33416,0.28193,-0.05224,0.015,0.03943,0.04112,-0.00168,+,False
1713,28.55,0.33441,0.28192,-0.05249,0.015,0.0343,0.04124,-0.00695,+,False
1714,28.5667,0.33466,0.28194,-0.05272,0.015,0.0383,0.04136,-0.00306,+,False
1715,28.5833,0.33491,0.28201,-0.05291,0.015,0.04091,0.04145,-0.00054,+,False
1716,28.6,0.33516,0.28218,-0.05299,0.015,0.05055,0.04149,0.00906,+,False
1717,28.6167,0.33541,0.28235,-0.05306,0.015,0.04441,0.04153,0.00288,+,False
1718,28.6333,0.33566,0.28243,-0.05324,0.015,0.0387,0.04162,-0.00292,+,False
1719,28.65,0.33591,0.28253,-0.05338,0.015,0.04429,0.04169,0.0026,+,False
1720,28.6667,0.33616,0.28259,-0.05357,0.015,0.03835,0.04179,-0.00343,+,False
1721,28.6833,0.33641,0.28269,-0.05372,0.015,0.04457,0.04186,0.00271,+,False
1722,28.7,0.33666,0.28286,-0.0538,0.015,0.04981,0.0419,0.00791,+,False
1723,28.7167,0.33691,0.283,-0.05392,0.015,0.04113,0.04196,-0.00082,+,False
1724,28.7333,0.33716,0.28308,-0.05408,0.015,0.04245,0.04204,0.00041,+,False
1725,28.75,0.33741,0.28303,-0.05438,0.015,0.02994,0.04219,-0.01225,+,False
1726,28.7667,0.33766,0.28299,-0.05467,0.015,0.03475,0.04233,-0.00759,+,False
1727,28.7833,0.33791,0.28297,-0.05494,0.015,0.03759,0.04247,-0.00488,+,False
1728,28.8,0.33816,0.28292,-0.05524,0.015,0.03229,0.04262,-0.01033,+,False
1729,28.8167,0.33841,0.28286,-0.05556,0.015,0.03409,0.04278,-0.00869,+,False
1730,28.8333,0.33866,0.28272,-0.05595,0.015,0.0263,0.04297,-0.01667,+,False
1731,28.85,0.33891,0.28254,-0.05637,0.015,0.02704,0.04318,-0.01614,+,False
1732,28.8667,0.33916,0.28242,-0.05675,0.015,0.03189,0.04337,-0.01148,+,False
1733,28.8833,0.33941,0.28238,-0.05703,0.015,0.03775,0.04351,-0.00577,+,False
1734,28.9,0.33966,0.28238,-0.05728,0.015,0.03797,0.04364,-0.00567,+,False
1735,28.9167,0.33991,0.28244,-0.05748,0.015,0.0414,0.04374,-0.00234,+,False
1736,28.9333,0.34016,0.2824,-0.05776,0.015,0.0315,0.04388,-0.01238,+,False
1737,28.95,0.34041,0.28231,-0.05811,0.015,0.03122,0.04405,-0.01284,+,False
1738,28.9667,0.34066,0.28229,-0.05837,0.015,0.03946,0.04419,-0.00473,+,False
1739,28.9833,0.34091,0.2823,-0.05861,0.015,0.03776,0.04431,-0.00655,+,False
1740,29.0,0.34116,0.28223,-0.05893,0.015,0.0301,0.04447,-0.01436,+,False
1741,29.0167,0.34141,0.28209,-0.05932,0.015,0.0279,0.04466,-0.01676,+,False
1742,29.0333,0.34166,0.28202,-0.05965,0.015,0.03457,0.04482,-0.01026,+,False
1743,29.05,0.34191,0.28203,-0.05988,0.015,0.04051,0.04494,-0.00443,+,False
1744,29.0667,0.34216,0.28209,-0.06007,0.015,0.0413,0.04504,-0.00374,+,False
1745,29.0833,0.34241,0.28212,-0.06029,0.015,0.03772,0.04515,-0.00742,+,False
1746,29.1,0.34266,0.28211,-0.06055,0.015,0.03516,0.04528,-0.01012,+,False
1747,29.1167,0.34291,0.28212,-0.06079,0.015,0.03879,0.0454,-0.0066,+,False
1748,29.1333,0.34316,0.28216,-0.06101,0.015,0.04001,0.0455,-0.00549,+,False
1749,29.15,0.34341,0.28222,-0.06119,0.015,0.04054,0.0456,-0.00506,+,False
1750,29.1667,0.34366,0.28222,-0.06144,0.015,0.0347,0.04572,-0.01102,+,False
1751,29.1833,0.34391,0.28224,-0.06167,0.015,0.03968,0.04583,-0.00615,+,False
1752,29.2,0.34416,0.28232,-0.06185,0.015,0.04234,0.04592,-0.00358,+,False
1753,29.2167,0.34441,0.28237,-0.06204,0.015,0.03901,0.04602,-0.00701,+,False
1754,29.2333,0.34466,0.28232,-0.06234,0.015,0.03079,0.04617,-0.01539,+,False
1755,29.25,0.34491,0.28224,-0.06267,0.015,0.03314,0.04633,-0.0132,+,False
1756,29.2667,0.34516,0.28225,-0.06292,0.015,0.03947,0.04646,-0.00699,+,False
1757,29.2833,0.34541,0.2823,-0.06311,0.015,0.04118,0.04656,-0.00538,+,False
1758,29.3,0.34566,0.28237,-0.0633,0.015,0.04075,0.04665,-0.0059,+,False
1759,29.3167,0.34591,0.28247,-0.06344,0.015,0.0452,0.04672,-0.00153,+,False
1760,29.3333,0.34616,0.28248,-0.06368,0.015,0.03249,0.04684,-0.01435,+,False
1761,29.35,0.34641,0.2824,-0.06401,0.015,0.03053,0.04701,-0.01647,+,False
1762,29.3667,0.34666,0.28233,-0.06434,0.015,0.03404,0.04717,-0.01312,+,False
1763,29.3833,0.34691,0.28235,-0.06456,0.015,0.04215,0.04728,-0.00513,+,False
1764,29.4,0.34716,0.28234,-0.06483,0.015,0.03233,0.04741,-0.01508,+,False
1765,29.4167,0.34741,0.28233,-0.06509,0.015,0.03833,0.04754,-0.00921,+,False
1766,29.4333,0.34766,0.28237,-0.06529,0.015,0.0406,0.04765,-0.00705,+,False
1767,29.45,0.34791,0.28243,-0.06549,0.015,0.03999,0.04774,-0.00775,+,False
1768,29.4667,0.34816,0.28246,-0.06571,0.015,0.03812,0.04785,-0.00973,+,False
1769,29.4833,0.34841,0.28246,-0.06595,0.015,0.03662,0.04798,-0.01135,+,False
1770,29.5,0.34866,0.28248,-0.06618,0.015,0.03785,0.04809,-0.01024,+,False
1771,29.5167,0.34891,0.28243,-0.06648,0.015,0.03276,0.04824,-0.01547,+,False
1772,29.5333,0.34916,0.28242,-0.06674,0.015,0.03743,0.04837,-0.01094,+,False
1773,29.55,0.34941,0.28244,-0.06698,0.015,0.03875,0.04849,-0.00974,+,False
1774,29.5667,0.34966,0.28246,-0.06721,0.015,0.03732,0.0486,-0.01129,+,False
1775,29.5833,0.34991,0.28245,-0.06746,0.015,0.03632,0.04873,-0.01241,+,False
1776,29.6,0.34984,0.28246,-0.06738,-0.015,0.03827,0.01869,0.01958,-,False
1777,29.6167,0.34959,0.2825,-0.06709,-0.015,0.03973,0.01854,0.02119,-,False
1778,29.6333,0.34934,0.28256,-0.06678,-0.015,0.04133,0.01839,0.02294,-,False
1779,29.65,0.34909,0.28261,-0.06648,-0.015,0.03773,0.01824,0.01949,-,False
1780,29.6667,0.34884,0.28257,-0.06627,-0.015,0.03236,0.01814,0.01422,-,False
1781,29.6833,0.34859,0.28256,-0.06603,-0.015,0.03802,0.01802,0.02001,-,False
1782,29.7,0.34834,0.28266,-0.06568,-0.015,0.04601,0.01784,0.02817,-,False
1783,29.7167,0.34809,0.28281,-0.06527,-0.015,0.04632,0.01764,0.02869,-,False
1784,29.7333,0.34784,0.28294,-0.0649,-0.015,0.04333,0.01745,0.02588,-,False
1785,29.75,0.34759,0.283,-0.06458,-0.015,0.03937,0.01729,0.02208,-,False
1786,29.7667,0.34734,0.28303,-0.06431,-0.015,0.03813,0.01715,0.02097,-,False
1787,29.7833,0.34709,0.28305,-0.06403,-0.015,0.0384,0.01702,0.02138,-,False
1788,29.8,0.34684,0.28309,-0.06375,-0.015,0.03965,0.01687,0.02278,-,False
1789,29.8167,0.34659,0.28312,-0.06347,-0.015,0.03795,0.01673,0.02122,-,False
1790,29.8333,0.34634,0.2831,-0.06323,-0.015,0.03531,0.01662,0.0187,-,False
1791,29.85,0.34609,0.28314,-0.06295,-0.015,0.04108,0.01647,0.02461,-,False
1792,29.8667,0.34584,0.28317,-0.06267,-0.015,0.03718,0.01633,0.02085,-,False
1793,29.8833,0.34559,0.28318,-0.06241,-0.015,0.03734,0.0162,0.02113,-,False
1794,29.9,0.34534,0.28319,-0.06215,-0.015,0.03744,0.01608,0.02137,-,False
1795,29.9167,0.34509,0.28318,-0.0619,-0.015,0.03615,0.01595,0.02019,-,False
1796,29.9333,0.34484,0.2832,-0.06164,-0.015,0.03801,0.01582,0.02219,-,False
1797,29.95,0.34459,0.28321,-0.06138,-0.015,0.03653,0.01569,0.02084,-,False
1798,29.9667,0.34434,0.28317,-0.06117,-0.015,0.0342,0.01558,0.01862,-,False
1799,29.9833,0.34409,0.28313,-0.06096,-0.015,0.03366,0.01548,0.01818,-,False
1800,30.0,0.34384,0.28307,-0.06077,-0.015,0.03345,0.01538,0.01806,-,False
1801,30.0167,0.34359,0.283,-0.06059,-0.015,0.03254,0.01529,0.01724,-,False
1802,30.0333,0.34334,0.28296,-0.06038,-0.015,0.0357,0.01519,0.02051,-,False
1803,30.05,0.34309,0.28295,-0.06013,-0.015,0.0377,0.01507,0.02263,-,False
1804,30.0667,0.34284,0.28296,-0.05987,-0.015,0.03755,0.01494,0.02261,-,False
1805,30.0833,0.34259,0.28294,-0.05965,-0.015,0.0344,0.01482,0.01958,-,False
1806,30.1,0.34234,0.28297,-0.05937,-0.015,0.04112,0.01468,0.02644,-,False
1807,30.1167,0.34209,0.28303,-0.05906,-0.015,0.03958,0.01453,0.02505,-,False
1808,30.1333,0.34184,0.28312,-0.05871,-0.015,0.04411,0.01436,0.02976,-,False
1809,30.15,0.34159,0.28322,-0.05837,-0.015,0.04121,0.01419,0.02703,-,False
1810,30.1667,0.34134,0.28315,-0.05819,-0.015,0.02742,0.0141,0.01332,-,False
1811,30.1833,0.34109,0.28309,-0.058,-0.015,0.03623,0.014,0.02223,-,False
1812,30.2,0.34084,0.28312,-0.05771,-0.015,0.04028,0.01386,0.02643,-,False
1813,30.2167,0.34059,0.28316,-0.05743,-0.015,0.03853,0.01371,0.02482,-,False
1814,30.2333,0.34034,0.28317,-0.05717,-0.015,0.03617,0.01359,0.02258,-,False
1815,30.25,0.34009,0.28311,-0.05698,-0.015,0.03179,0.01349,0.0183,-,False
1816,30.2667,0.33984,0.28301,-0.05683,-0.015,0.0303,0.01342,0.01688,-,False
1817,30.2833,0.33959,0.28292,-0.05667,-0.015,0.0322,0.01334,0.01886,-,False
1818,30.3,0.33934,0.28285,-0.05648,-0.015,0.03393,0.01324,0.02069,-,False
1819,30.3167,0.33909,0.28285,-0.05624,-0.015,0.03855,0.01312,0.02544,-,False
1820,30.3333,0.33884,0.28286,-0.05598,-0.015,0.03715,0.01299,0.02417,-,False
1821,30.35,0.33859,0.2829,-0.05569,-0.015,0.04028,0.01284,0.02744,-,False
1822,30.3667,0.33834,0.28286,-0.05548,-0.015,0.03158,0.01274,0.01884,-,False
1823,30.3833,0.33809,0.28277,-0.05532,-0.015,0.03144,0.01266,0.01879,-,False
1824,30.4,0.33784,0.28279,-0.05505,-0.015,0.04097,0.01253,0.02845,-,False
1825,30.4167,0.33759,0.28288,-0.05471,-0.015,0.04327,0.01235,0.03092,-,False
1826,30.4333,0.33734,0.28301,-0.05433,-0.015,0.04532,0.01217,0.03315,-,False
1827,30.45,0.33709,0.28311,-0.05397,-0.015,0.04188,0.01199,0.02989,-,False
1828,30.4667,0.33684,0.28319,-0.05365,-0.015,0.04009,0.01183,0.02826,-,False
1829,30.4833,0.33659,0.28324,-0.05334,-0.015,0.0407,0.01167,0.02902,-,False
1830,30.5,0.33634,0.28326,-0.05308,-0.015,0.03616,0.01154,0.02462,-,False
1831,30.5167,0.33609,0.28327,-0.05282,-0.015,0.03753,0.01141,0.02612,-,False
1832,30.5333,0.33584,0.28328,-0.05256,-0.015,0.03723,0.01128,0.02595,-,False
1833,30.55,0.33559,0.28329,-0.05229,-0.015,0.03862,0.01115,0.02747,-,False
1834,30.5667,0.33534,0.28333,-0.05201,-0.015,0.03892,0.01101,0.02791,-,False
1835,30.5833,0.33509,0.28333,-0.05176,-0.015,0.03621,0.01088,0.02534,-,False
1836,30.6,0.33484,0.28334,-0.0515,-0.015,0.0361,0.01075,0.02535,-,False
1837,30.6167,0.33459,0.28329,-0.0513,-0.015,0.03309,0.01065,0.02244,-,False
1838,30.6333,0.33434,0.28313,-0.0512,-0.015,0.02501,0.0106,0.01441,-,False
1839,30.65,0.33409,0.28298,-0.05111,-0.015,0.02929,0.01055,0.01873,-,False
1840,30.6667,0.33384,0.28286,-0.05098,-0.015,0.02997,0.01049,0.01948,-,False
1841,30.6833,0.33359,0.28279,-0.05079,-0.015,0.03524,0.0104,0.02484,-,False
1842,30.7,0.33334,0.28281,-0.05053,-0.015,0.03856,0.01026,0.0283,-,False
1843,30.7167,0.33309,0.28282,-0.05026,-0.015,0.03781,0.01013,0.02768,-,False
1844,30.7333,0.33284,0.2829,-0.04994,-0.015,0.04378,0.00997,0.03381,-,False
1845,30.75,0.33259,0.28304,-0.04955,-0.015,0.0449,0.00978,0.03513,-,False
1846,30.7667,0.33234,0.28312,-0.04922,-0.015,0.04045,0.00961,0.03084,-,False
1847,30.7833,0.33209,0.28316,-0.04893,-0.015,0.03864,0.00946,0.02918,-,False
1848,30.8,0.33184,0.28315,-0.04869,-0.015,0.03428,0.00934,0.02493,-,False
1849,30.8167,0.33159,0.28319,-0.04839,-0.015,0.04286,0.0092,0.03367,-,False
1850,30.8333,0.33134,0.28329,-0.04805,-0.015,0.04101,0.00902,0.03199,-,False
1851,30.85,0.33109,0.28327,-0.04781,-0.015,0.03306,0.00891,0.02415,-,False
1852,30.8667,0.33084,0.28323,-0.04761,-0.015,0.03418,0.00881,0.02537,-,False
1853,30.8833,0.33059,0.28321,-0.04737,-0.015,0.03757,0.00869,0.02888,-,False
1854,30.9,0.33034,0.28319,-0.04715,-0.015,0.0351,0.00857,0.02652,-,False
1855,30.9167,0.33009,0.28313,-0.04696,-0.015,0.03206,0.00848,0.02358,-,False
1856,30.9333,0.32984,0.28308,-0.04676,-0.015,0.03514,0.00838,0.02676,-,False
1857,30.95,0.32959,0.28305,-0.04654,-0.015,0.03541,0.00827,0.02714,-,False
1858,30.9667,0.32934,0.28293,-0.04641,-0.015,0.02699,0.0082,0.01879,-,False
1859,30.9833,0.32909,0.28281,-0.04627,-0.015,0.03162,0.00814,0.02348,-,False
1860,31.0,0.32884,0.28275,-0.04609,-0.015,0.03491,0.00804,0.02687,-,False
1861,31.0167,0.32859,0.2827,-0.04589,-0.015,0.03345,0.00794,0.0255,-,False
1862,31.0333,0.32834,0.28262,-0.04571,-0.015,0.03256,0.00786,0.02471,-,False
1863,31.05,0.32809,0.28262,-0.04547,-0.015,0.03848,0.00773,0.03074,-,False
1864,31.0667,0.32784,0.28264,-0.04519,-0.015,0.03895,0.0076,0.03136,-,False
1865,31.0833,0.32759,0.2827,-0.04488,-0.015,0.04144,0.00744,0.034,-,False
1866,31.1,0.32734,0.28269,-0.04465,-0.015,0.03349,0.00732,0.02617,-,False
1867,31.1167,0.32709,0.28268,-0.04441,-0.015,0.03644,0.0072,0.02924,-,False
1868,31.1333,0.32684,0.28274,-0.0441,-0.015,0.04325,0.00705,0.0362,-,False
1869,31.15,0.32659,0.28287,-0.04371,-0.015,0.04613,0.00686,0.03927,-,False
1870,31.1667,0.32634,0.28298,-0.04336,-0.015,0.04119,0.00668,0.03451,-,False
1871,31.1833,0.32609,0.28304,-0.04305,-0.015,0.03919,0.00652,0.03267,-,False
1872,31.2,0.32584,0.28301,-0.04282,-0.015,0.03198,0.00641,0.02557,-,False
1873,31.2167,0.32559,0.2829,-0.04269,-0.015,0.02875,0.00635,0.0224,-,False
1874,31.2333,0.32534,0.28279,-0.04255,-0.015,0.03113,0.00627,0.02486,-,False
1875,31.25,0.32509,0.28274,-0.04235,-0.015,0.03616,0.00617,0.02998,-,False
1876,31.2667,0.32484,0.28271,-0.04213,-0.015,0.03432,0.00607,0.02825,-,False
1877,31.2833,0.32459,0.28268,-0.04191,-0.015,0.03564,0.00596,0.02968,-,False
1878,31.3,0.32434,0.28267,-0.04166,-0.015,0.03806,0.00583,0.03223,-,False
1879,31.3167,0.32409,0.28264,-0.04145,-0.015,0.03373,0.00572,0.02801,-,False
1880,31.3333,0.32384,0.28259,-0.04125,-0.015,0.03378,0.00562,0.02816,-,False
1881,31.35,0.32359,0.28248,-0.04111,-0.015,0.0287,0.00555,0.02314,-,False
1882,31.3667,0.32334,0.28237,-0.04096,-0.015,0.03133,0.00548,0.02585,-,False
1883,31.3833,0.32309,0.28234,-0.04075,-0.015,0.03675,0.00537,0.03138,-,False
1884,31.4,0.32284,0.28238,-0.04045,-0.015,0.04141,0.00523,0.03619,-,False
1885,31.4167,0.32259,0.28246,-0.04012,-0.015,0.04201,0.00506,0.03694,-,False
1886,31.4333,0.32234,0.28254,-0.0398,-0.015,0.04058,0.0049,0.03568,-,False
1887,31.45,0.32209,0.2826,-0.03949,-0.015,0.04045,0.00475,0.0357,-,False
1888,31.4667,0.32184,0.28262,-0.03922,-0.015,0.03669,0.00461,0.03208,-,False
1889,31.4833,0.32159,0.2826,-0.03898,-0.015,0.03492,0.00449,0.03043,-,False
1890,31.5,0.32134,0.28262,-0.03872,-0.015,0.03964,0.00436,0.03528,-,False
1891,31.5167,0.32109,0.28261,-0.03847,-0.015,0.03442,0.00424,0.03018,-,False
1892,31.5333,0.32084,0.28261,-0.03822,-0.015,0.03725,0.00411,0.03313,-,False
1893,31.55,0.32059,0.2827,-0.03789,-0.015,0.04471,0.00395,0.04076,-,False
1894,31.5667,0.32034,0.28278,-0.03756,-0.015,0.0395,0.00378,0.03572,-,False
1895,31.5833,0.32009,0.28282,-0.03727,-0.015,0.03879,0.00364,0.03515,-,False
1896,31.6,0.31984,0.28291,-0.03692,-0.015,0.04456,0.00346,0.0411,-,False
1897,31.6167,0.31959,0.28304,-0.03655,-0.015,0.04473,0.00327,0.04146,-,False
1898,31.6333,0.31934,0.28314,-0.0362,-0.015,0.0409,0.0031,0.0378,-,False
1899,31.65,0.31909,0.28313,-0.03595,-0.015,0.03384,0.00298,0.03086,-,False
1900,31.6667,0.31884,0.28313,-0.03571,-0.015,0.03701,0.00286,0.03416,-,False
1901,31.6833,0.31859,0.28316,-0.03542,-0.015,0.04101,0.00271,0.03829,-,False
1902,31.7,0.31834,0.28321,-0.03513,-0.015,0.03876,0.00256,0.0362,-,False
1903,31.7167,0.31809,0.28321,-0.03488,-0.015,0.03523,0.00244,0.03279,-,False
1904,31.7333,0.31784,0.28318,-0.03466,-0.015,0.0353,0.00233,0.03297,-,False
1905,31.75,0.31759,0.28319,-0.03439,-0.015,0.03759,0.0022,0.03539,-,False
1906,31.7667,0.31734,0.28315,-0.03418,-0.015,0.03389,0.00209,0.0318,-,False
1907,31.7833,0.31709,0.28311,-0.03398,-0.015,0.03431,0.00199,0.03232,-,False
1908,31.8,0.31684,0.28304,-0.0338,-0.015,0.03188,0.0019,0.02998,-,False
1909,31.8167,0.31659,0.28295,-0.03364,-0.015,0.03092,0.00182,0.0291,-,False
1910,31.8333,0.31634,0.2829,-0.03343,-0.015,0.03693,0.00172,0.03521,-,False
1911,31.85,0.31609,0.28291,-0.03318,-0.015,0.03803,0.00159,0.03644,-,False
1912,31.8667,0.31584,0.28288,-0.03295,-0.015,0.03393,0.00148,0.03246,-,False
1913,31.8833,0.31559,0.28278,-0.03281,-0.015,0.02836,0.0014,0.02696,-,False
1914,31.9,0.31534,0.28267,-0.03267,-0.015,0.03083,0.00133,0.02949,-,False
1915,31.9167,0.31509,0.28261,-0.03248,-0.015,0.03557,0.00124,0.03433,-,False
1916,31.9333,0.31484,0.28258,-0.03226,-0.015,0.03517,0.00113,0.03404,-,False
1917,31.95,0.31459,0.28254,-0.03204,-0.015,0.03508,0.00102,0.03406,-,False
1918,31.9667,0.31434,0.28255,-0.03179,-0.015,0.03735,0.0009,0.03646,-,False
1919,31.9833,0.31409,0.2826,-0.03149,-0.015,0.04184,0.00075,0.04109,-,False
1920,32.0,0.31384,0.28269,-0.03115,-0.015,0.04247,0.00057,0.0419,-,False
1921,32.0167,0.31359,0.28277,-0.03082,-0.015,0.04096,0.00041,0.04055,-,False
1922,32.0333,0.31334,0.2828,-0.03054,-0.015,0.03766,0.00027,0.03739,-,False
1923,32.05,0.31309,0.28282,-0.03027,-0.015,0.03748,0.00013,0.03734,-,False
1924,32.0667,0.31284,0.28283,-0.03001,-0.015,0.03724,0.0,0.03724,-,False
1925,32.0833,0.31259,0.28293,-0.02966,-0.015,0.04437,-0.00017,0.04454,-,False
1926,32.1,0.31234,0.28303,-0.0293,-0.015,0.04208,-0.00035,0.04243,-,False
1927,32.1167,0.31209,0.28303,-0.02905,-0.015,0.03325,-0.00047,0.03373,-,False
1928,32.1333,0.31184,0.28298,-0.02886,-0.015,0.03362,-0.00057,0.03419,-,False
1929,32.15,0.31159,0.28302,-0.02856,-0.015,0.04356,-0.00072,0.04428,-,False
1930,32.1667,0.31134,0.2831,-0.02824,-0.015,0.04052,-0.00088,0.0414,-,False
1931,32.1833,0.31109,0.28312,-0.02797,-0.015,0.03651,-0.00102,0.03753,-,False
1932,32.2,0.31084,0.28307,-0.02776,-0.015,0.03225,-0.00112,0.03336,-,False
1933,32.2167,0.31059,0.28301,-0.02758,-0.015,0.03366,-0.00121,0.03487,-,False
1934,32.2333,0.31034,0.28298,-0.02735,-0.015,0.03573,-0.00132,0.03705,-,False
1935,32.25,0.31009,0.28297,-0.02712,-0.015,0.03689,-0.00144,0.03833,-,False
1936,32.2667,0.30984,0.28294,-0.0269,-0.015,0.03428,-0.00155,0.03584,-,False
1937,32.2833,0.30959,0.28288,-0.02671,-0.015,0.0326,-0.00164,0.03425,-,False
1938,32.3,0.30934,0.28284,-0.0265,-0.015,0.03555,-0.00175,0.0373,-,False
1939,32.3167,0.30909,0.28284,-0.02625,-0.015,0.03799,-0.00187,0.03987,-,False
1940,32.3333,0.30884,0.28291,-0.02592,-0.015,0.04356,-0.00204,0.04559,-,False
1941,32.35,0.30859,0.28298,-0.02561,-0.015,0.03887,-0.00219,0.04107,-,False
1942,32.3667,0.30834,0.28302,-0.02532,-0.015,0.03928,-0.00234,0.04162,-,False
1943,32.3833,0.30809,0.28307,-0.02502,-0.015,0.04054,-0.00249,0.04303,-,False
1944,32.4,0.30784,0.28314,-0.02469,-0.015,0.04261,-0.00265,0.04526,-,False
1945,32.4167,0.30759,0.28322,-0.02436,-0.015,0.04085,-0.00282,0.04367,-,False
1946,32.4333,0.30734,0.28333,-0.02401,-0.015,0.04555,-0.003,0.04855,-,False
1947,32.45,0.30709,0.2834,-0.02369,-0.015,0.03787,-0.00316,0.04102,-,False
1948,32.4667,0.30684,0.28344,-0.0234,-0.015,0.04043,-0.0033,0.04373,-,False
1949,32.4833,0.30659,0.2834,-0.02319,-0.015,0.03091,-0.00341,0.03432,-,False
1950,32.5,0.30634,0.28335,-0.02299,-0.015,0.03513,-0.0035,0.03864,-,False
1951,32.5167,0.30609,0.28333,-0.02275,-0.015,0.03664,-0.00362,0.04027,-,False
1952,32.5333,0.30584,0.28328,-0.02256,-0.015,0.03258,-0.00372,0.0363,-,False
1953,32.55,0.30559,0.28317,-0.02242,-0.015,0.02906,-0.00379,0.03285,-,False
1954,32.5667,0.30534,0.28304,-0.0223,-0.015,0.02983,-0.00385,0.03368,-,False
1955,32.5833,0.30509,0.28291,-0.02217,-0.015,0.02961,-0.00391,0.03352,-,False
1956,32.6,0.30484,0.28279,-0.02204,-0.015,0.03018,-0.00398,0.03416,-,False
1957,32.6167,0.30459,0.28268,-0.02191,-0.015,0.03031,-0.00404,0.03436,-,False
1958,32.6333,0.30434,0.28258,-0.02176,-0.015,0.03182,-0.00412,0.03594,-,False
1959,32.65,0.30409,0.2825,-0.02158,-0.015,0.03333,-0.00421,0.03754,-,False
1960,32.6667,0.30384,0.28246,-0.02138,-0.015,0.03465,-0.00431,0.03896,-,False
1961,32.6833,0.30359,0.28243,-0.02116,-0.015,0.03541,-0.00442,0.03983,-,False
1962,32.7,0.30334,0.28241,-0.02093,-0.015,0.0361,-0.00454,0.04063,-,False
1963,32.7167,0.30309,0.28238,-0.02071,-0.015,0.0346,-0.00465,0.03924,-,False
1964,32.7333,0.30284,0.28234,-0.0205,-0.015,0.03423,-0.00475,0.03899,-,False
1965,32.75,0.30259,0.28233,-0.02026,-0.015,0.03762,-0.00487,0.04249,-,False
1966,32.7667,0.30234,0.28237,-0.01997,-0.015,0.04019,-0.00501,0.04521,-,False
1967,32.7833,0.30209,0.28239,-0.0197,-0.015,0.03683,-0.00515,0.04198,-,False
1968,32.8,0.30184,0.28243,-0.01941,-0.015,0.04021,-0.0053,0.0455,-,False
1969,32.8167,0.30159,0.28251,-0.01908,-0.015,0.04276,-0.00546,0.04822,-,False
1970,32.8333,0.30134,0.2826,-0.01874,-0.015,0.0414,-0.00563,0.04703,-,False
1971,32.85,0.30109,0.28269,-0.0184,-0.015,0.04126,-0.0058,0.04706,-,False
1972,32.8667,0.30084,0.28278,-0.01805,-0.015,0.04299,-0.00597,0.04896,-,False
1973,32.8833,0.30059,0.28286,-0.01772,-0.015,0.04062,-0.00614,0.04676,-,False
1974,32.9,0.30034,0.28291,-0.01742,-0.015,0.03857,-0.00629,0.04486,-,False
1975,32.9167,0.30009,0.28293,-0.01715,-0.015,0.03757,-0.00642,0.04399,-,False
1976,32.9333,0.29984,0.28299,-0.01685,-0.015,0.04217,-0.00658,0.04875,-,False
1977,32.95,0.29959,0.28298,-0.01661,-0.015,0.03292,-0.0067,0.03962,-,False
1978,32.9667,0.29934,0.2829,-0.01644,-0.015,0.0303,-0.00678,0.03708,-,False
1979,32.9833,0.29909,0.28285,-0.01623,-0.015,0.03667,-0.00688,0.04355,-,False
1980,33.0,0.29884,0.2829,-0.01594,-0.015,0.04159,-0.00703,0.04862,-,False
1981,33.0167,0.29859,0.28293,-0.01565,-0.015,0.03718,-0.00717,0.04435,-,False
1982,33.0333,0.29834,0.28296,-0.01538,-0.015,0.04004,-0.00731,0.04736,-,False
1983,33.05,0.29809,0.28291,-0.01518,-0.015,0.02955,-0.00741,0.03696,-,False
1984,33.0667,0.29784,0.28281,-0.01503,-0.015,0.03204,-0.00749,0.03953,-,False
1985,33.0833,0.29759,0.28272,-0.01486,-0.015,0.03199,-0.00757,0.03956,-,False
1986,33.1,0.29734,0.28266,-0.01468,-0.015,0.03366,-0.00766,0.04132,-,False
1987,33.1167,0.29709,0.28267,-0.01441,-0.015,0.03997,-0.00779,0.04776,-,False
1988,33.1333,0.29684,0.28274,-0.0141,-0.015,0.04224,-0.00795,0.05019,-,False
1989,33.15,0.29659,0.28276,-0.01383,-0.015,0.0358,-0.00809,0.04389,-,False
1990,33.1667,0.29634,0.28275,-0.01359,-0.015,0.03674,-0.00821,0.04495,-,False
1991,33.1833,0.29609,0.2827,-0.01339,-0.015,0.03327,-0.00831,0.04157,-,False
1992,33.2,0.29584,0.28255,-0.01328,-0.015,0.02573,-0.00836,0.03408,-,False
1993,33.2167,0.29559,0.28239,-0.01319,-0.015,0.0277,-0.0084,0.0361,-,False
1994,33.2333,0.29534,0.28231,-0.01302,-0.015,0.03565,-0.00849,0.04414,-,False
1995,33.25,0.29509,0.28231,-0.01278,-0.015,0.03749,-0.00861,0.0461,-,False
1996,33.2667,0.29484,0.2823,-0.01254,-0.015,0.03619,-0.00873,0.04492,-,False
1997,33.2833,0.29459,0.28231,-0.01228,-0.015,0.03766,-0.00886,0.04652,-,False
1998,33.3,0.29434,0.28231,-0.01203,-0.015,0.03724,-0.00899,0.04623,-,False
1999,33.3167,0.29409,0.28232,-0.01176,-0.015,0.03796,-0.00912,0.04707,-,False
2000,33.3333,0.29384,0.28235,-0.01148,-0.015,0.0393,-0.00926,0.04856,-,False
2001,33.35,0.29359,0.2824,-0.01119,-0.015,0.03942,-0.0094,0.04882,-,False
2002,33.3667,0.29334,0.28244,-0.0109,-0.015,0.03985,-0.00955,0.0494,-,False
2003,33.3833,0.29309,0.2825,-0.01059,-0.015,0.04031,-0.0097,0.05002,-,False
2004,33.4,0.29284,0.28255,-0.01029,-0.015,0.04009,-0.00986,0.04995,-,False
2005,33.4167,0.29259,0.28261,-0.00998,-0.015,0.04058,-0.01001,0.05059,-,False
2006,33.4333,0.29234,0.28266,-0.00968,-0.015,0.0394,-0.01016,0.04956,-,False
2007,33.45,0.29209,0.28268,-0.0094,-0.015,0.03727,-0.0103,0.04756,-,False
2008,33.4667,0.29184,0.28268,-0.00916,-0.015,0.03612,-0.01042,0.04654,-,False
2009,33.4833,0.29159,0.28266,-0.00893,-0.015,0.0351,-0.01054,0.04564,-,False
2010,33.5,0.29134,0.28261,-0.00872,-0.015,0.03375,-0.01064,0.04439,-,False
2011,33.5167,0.29109,0.28254,-0.00854,-0.015,0.03167,-0.01073,0.0424,-,False
2012,33.5333,0.29084,0.28246,-0.00837,-0.015,0.03239,-0.01081,0.0432,-,False
2013,33.55,0.29059,0.28238,-0.0082,-0.015,0.03175,-0.0109,0.04265,-,False
2014,33.5667,0.29034,0.28231,-0.00803,-0.015,0.03347,-0.01099,0.04446,-,False
2015,33.5833,0.29009,0.28224,-0.00785,-0.015,0.03049,-0.01108,0.04157,-,False
2016,33.6,0.28984,0.28219,-0.00765,-0.015,0.03566,-0.01117,0.04683,-,False
2017,33.6167,0.28959,0.28226,-0.00733,-0.015,0.04403,-0.01133,0.05536,-,False
2018,33.6333,0.28934,0.2824,-0.00694,-0.015,0.04645,-0.01153,0.05798,-,False
2019,33.65,0.28909,0.28256,-0.00652,-0.015,0.04494,-0.01174,0.05667,-,False
2020,33.6667,0.28884,0.28265,-0.00619,-0.015,0.04039,-0.0119,0.05229,-,False
2021,33.6833,0.28859,0.2827,-0.00588,-0.015,0.03966,-0.01206,0.05172,-,False
2022,33.7,0.28834,0.28277,-0.00557,-0.015,0.03905,-0.01222,0.05126,-,False
2023,33.7167,0.28809,0.28279,-0.0053,-0.015,0.03836,-0.01235,0.05071,-,False
2024,33.7333,0.28784,0.28277,-0.00507,-0.015,0.03408,-0.01247,0.04654,-,False
2025,33.75,0.28759,0.28273,-0.00486,-0.015,0.03461,-0.01257,0.04718,-,False
2026,33.7667,0.28734,0.28271,-0.00462,-0.015,0.03654,-0.01269,0.04923,-,False
2027,33.7833,0.28709,0.28271,-0.00438,-0.015,0.0368,-0.01281,0.04961,-,False
2028,33.8,0.28684,0.2827,-0.00414,-0.015,0.03629,-0.01293,0.04922,-,False
2029,33.8167,0.28659,0.28265,-0.00393,-0.015,0.03316,-0.01303,0.04619,-,False
2030,33.8333,0.28634,0.28256,-0.00377,-0.015,0.03051,-0.01311,0.04362,-,False
2031,33.85,0.28609,0.28251,-0.00358,-0.015,0.03586,-0.01321,0.04907,-,False
2032,33.8667,0.28584,0.28253,-0.00331,-0.015,0.03986,-0.01335,0.05321,-,False
2033,33.8833,0.28559,0.28254,-0.00305,-0.015,0.03655,-0.01348,0.05003,-,False
2034,33.9,0.28534,0.28251,-0.00283,-0.015,0.0345,-0.01359,0.04809,-,False
2035,33.9167,0.28509,0.28253,-0.00256,-0.015,0.03918,-0.01372,0.05289,-,False
2036,33.9333,0.28484,0.28265,-0.00219,-0.015,0.04756,-0.0139,0.06147,-,False
2037,33.95,0.28459,0.28281,-0.00178,-0.015,0.04561,-0.01411,0.05972,-,False
2038,33.9667,0.28434,0.28286,-0.00148,-0.015,0.03667,-0.01426,0.05093,-,False
2039,33.9833,0.28409,0.28286,-0.00122,-0.015,0.03673,-0.01439,0.05112,-,False
2040,34.0,0.28384,0.28289,-0.00095,-0.015,0.03779,-0.01452,0.05232,-,False
2041,34.0167,0.28359,0.28289,-0.0007,-0.015,0.03681,-0.01465,0.05146,-,False
2042,34.0333,0.28334,0.28287,-0.00047,-0.015,0.03522,-0.01477,0.04999,-,False
2043,34.05,0.28309,0.28285,-0.00024,-0.015,0.03569,-0.01488,0.05057,-,False
2044,34.0667,0.28284,0.28283,-1e-05,-0.015,0.03586,-0.015,0.05086,-,False
2045,34.0833,0.28259,0.2828,0.00021,-0.015,0.03518,-0.01511,0.05029,-,False
2046,34.1,0.28234,0.28277,0.00043,-0.015,0.03501,-0.01522,0.05023,-,False
2047,34.1167,0.28209,0.28271,0.00062,-0.015,0.03307,-0.01531,0.04838,-,False
2048,34.1333,0.28184,0.28264,0.00081,-0.015,0.03318,-0.0154,0.04858,-,False
2049,34.15,0.28159,0.28261,0.00102,-0.015,0.03643,-0.01551,0.05194,-,False
2050,34.1667,0.28134,0.28259,0.00126,-0.015,0.03573,-0.01563,0.05135,-,False
2051,34.1833,0.28109,0.28258,0.00149,-0.015,0.03607,-0.01575,0.05182,-,False
2052,34.2,0.28084,0.28259,0.00176,-0.015,0.03832,-0.01588,0.0542,-,False
2053,34.2167,0.28059,0.28259,0.002,-0.015,0.0357,-0.016,0.0517,-,False
2054,34.2333,0.28034,0.28252,0.00218,-0.015,0.03174,-0.01609,0.04783,-,False
2055,34.25,0.28009,0.28242,0.00233,-0.015,0.02943,-0.01616,0.0456,-,False
2056,34.2667,0.27984,0.28239,0.00255,-0.015,0.03874,-0.01628,0.05501,-,False
2057,34.2833,0.27959,0.28243,0.00284,-0.015,0.04006,-0.01642,0.05648,-,False
2058,34.3,0.27934,0.28248,0.00314,-0.015,0.03999,-0.01657,0.05656,-,False
2059,34.3167,0.27909,0.2826,0.00351,-0.015,0.04669,-0.01676,0.06345,-,False
2060,34.3333,0.27884,0.28276,0.00392,-0.015,0.04605,-0.01696,0.063,-,False
2061,34.35,0.27859,0.28283,0.00425,-0.015,0.03862,-0.01712,0.05575,-,False
2062,34.3667,0.27834,0.28284,0.0045,-0.015,0.03638,-0.01725,0.05363,-,False
2063,34.3833,0.27809,0.28286,0.00477,-0.015,0.03686,-0.01739,0.05425,-,False
2064,34.4,0.27784,0.28284,0.005,-0.015,0.03526,-0.0175,0.05276,-,False
2065,34.4167,0.27759,0.28283,0.00524,-0.015,0.03661,-0.01762,0.05423,-,False
2066,34.4333,0.27734,0.28278,0.00545,-0.015,0.03364,-0.01772,0.05136,-,False
2067,34.45,0.27709,0.28271,0.00563,-0.015,0.03182,-0.01781,0.04963,-,False
2068,34.4667,0.27684,0.28261,0.00578,-0.015,0.0312,-0.01789,0.04909,-,False
2069,34.4833,0.27659,0.28255,0.00596,-0.015,0.03385,-0.01798,0.05183,-,False
2070,34.5,0.27634,0.28249,0.00615,-0.015,0.03404,-0.01808,0.05212,-,False
2071,34.5167,0.27609,0.28243,0.00634,-0.015,0.0325,-0.01817,0.05066,-,False
2072,34.5333,0.27584,0.28236,0.00652,-0.015,0.03364,-0.01826,0.0519,-,False
2073,34.55,0.27559,0.2823,0.00671,-0.015,0.03361,-0.01836,0.05197,-,False
2074,34.5667,0.27534,0.28228,0.00694,-0.015,0.03701,-0.01847,0.05548,-,False
2075,34.5833,0.27509,0.28232,0.00723,-0.015,0.04056,-0.01862,0.05917,-,False
2076,34.6,0.27484,0.28237,0.00754,-0.015,0.03966,-0.01877,0.05843,-,False
2077,34.6167,0.27459,0.28244,0.00786,-0.015,0.04177,-0.01893,0.0607,-,False
2078,34.6333,0.27434,0.2824,0.00806,-0.015,0.03041,-0.01903,0.04944,-,False
2079,34.65,0.27409,0.2823,0.00821,-0.015,0.03053,-0.01911,0.04964,-,False
2080,34.6667,0.27384,0.28229,0.00845,-0.015,0.03813,-0.01923,0.05735,-,False
2081,34.6833,0.27359,0.28232,0.00874,-0.015,0.04011,-0.01937,0.05947,-,False
2082,34.7,0.27334,0.28237,0.00903,-0.015,0.03874,-0.01951,0.05826,-,False
2083,34.7167,0.27309,0.28241,0.00932,-0.015,0.04041,-0.01966,0.06007,-,False
2084,34.7333,0.27284,0.28238,0.00954,-0.015,0.03137,-0.01977,0.05114,-,False
2085,34.75,0.27259,0.28233,0.00975,-0.015,0.03579,-0.01987,0.05567,-,False
2086,34.7667,0.27234,0.28236,0.01003,-0.015,0.04093,-0.02001,0.06094,-,False
2087,34.7833,0.27209,0.2824,0.01032,-0.015,0.03834,-0.02016,0.0585,-,False
2088,34.8,0.27184,0.28241,0.01058,-0.015,0.03715,-0.02029,0.05744,-,False
2089,34.8167,0.27159,0.2824,0.01081,-0.015,0.0355,-0.02041,0.0559,-,False
2090,34.8333,0.27134,0.2824,0.01107,-0.015,0.03779,-0.02053,0.05833,-,False
2091,34.85,0.27109,0.28248,0.0114,-0.015,0.044,-0.0207,0.0647,-,False
2092,34.8667,0.27084,0.28248,0.01164,-0.015,0.03296,-0.02082,0.05378,-,False
2093,34.8833,0.27059,0.28245,0.01186,-0.015,0.03577,-0.02093,0.0567,-,False
2094,34.9,0.27034,0.28245,0.01212,-0.015,0.03695,-0.02106,0.05801,-,False
2095,34.9167,0.27009,0.28244,0.01236,-0.015,0.03675,-0.02118,0.05793,-,False
2096,34.9333,0.27016,0.28243,0.01227,0.015,0.03546,0.00886,0.0266,+,False
2097,34.95,0.27041,0.28241,0.012,0.015,0.03605,0.009,0.02705,+,False
2098,34.9667,0.27066,0.28239,0.01173,0.015,0.03586,0.00914,0.02673,+,False
2099,34.9833,0.27091,0.28237,0.01145,0.015,0.03581,0.00927,0.02654,+,False
2100,35.0,0.27116,0.28235,0.01119,0.015,0.03648,0.0094,0.02708,+,False
2101,35.0167,0.27141,0.28233,0.01091,0.015,0.03474,0.00954,0.0252,+,False
2102,35.0333,0.27166,0.2823,0.01063,0.015,0.03543,0.00968,0.02575,+,False
2103,35.05,0.27191,0.28228,0.01037,0.015,0.03667,0.00982,0.02686,+,False
2104,35.0667,0.27216,0.28229,0.01013,0.015,0.03763,0.00994,0.02769,+,False
2105,35.0833,0.27241,0.28229,0.00987,0.015,0.03653,0.01006,0.02647,+,False
2106,35.1,0.27266,0.28226,0.0096,0.015,0.03324,0.0102,0.02304,+,False
2107,35.1167,0.27291,0.28218,0.00926,0.015,0.0315,0.01037,0.02113,+,False
2108,35.1333,0.27316,0.28211,0.00895,0.015,0.03385,0.01053,0.02332,+,False
2109,35.15,0.27341,0.28205,0.00864,0.015,0.03313,0.01068,0.02245,+,False
2110,35.1667,0.27366,0.28201,0.00834,0.015,0.03399,0.01083,0.02316,+,False
2111,35.1833,0.27391,0.28194,0.00802,0.015,0.03318,0.01099,0.02219,+,False
2112,35.2,0.27416,0.28182,0.00766,0.015,0.02727,0.01117,0.0161,+,False
2113,35.2167,0.27441,0.28171,0.0073,0.015,0.03234,0.01135,0.02099,+,False
2114,35.2333,0.27466,0.28164,0.00697,0.015,0.03267,0.01151,0.02115,+,False
2115,35.25,0.27491,0.2816,0.00668,0.015,0.03518,0.01166,0.02352,+,False
2116,35.2667,0.27516,0.28161,0.00645,0.015,0.04063,0.01177,0.02885,+,False
2117,35.2833,0.27541,0.28164,0.00623,0.015,0.03768,0.01189,0.02579,+,False
2118,35.3,0.27566,0.28165,0.00599,0.015,0.03614,0.01201,0.02413,+,False
2119,35.3167,0.27591,0.28172,0.0058,0.015,0.04323,0.0121,0.03114,+,False
2120,35.3333,0.27616,0.28186,0.0057,0.015,0.04719,0.01215,0.03504,+,False
2121,35.35,0.27641,0.28203,0.00562,0.015,0.04703,0.01219,0.03484,+,False
2122,35.3667,0.27666,0.28213,0.00547,0.015,0.03993,0.01226,0.02766,+,False
2123,35.3833,0.27691,0.28217,0.00526,0.015,0.03671,0.01237,0.02434,+,False
2124,35.4,0.27716,0.28217,0.005,0.015,0.03716,0.0125,0.02466,+,False
2125,35.4167,0.27741,0.2822,0.00479,0.015,0.0396,0.01261,0.02699,+,False
2126,35.4333,0.27766,0.28224,0.00458,0.015,0.03826,0.01271,0.02555,+,False
2127,35.45,0.27791,0.28222,0.00431,0.015,0.03353,0.01285,0.02068,+,False
2128,35.4667,0.27816,0.28216,0.004,0.015,0.0335,0.013,0.0205,+,False
2129,35.4833,0.27841,0.28214,0.00372,0.015,0.03679,0.01314,0.02365,+,False
2130,35.5,0.27866,0.28211,0.00345,0.015,0.0353,0.01328,0.02203,+,False
2131,35.5167,0.27891,0.28206,0.00315,0.015,0.03305,0.01343,0.01962,+,False
2132,35.5333,0.27916,0.28204,0.00288,0.015,0.03761,0.01356,0.02405,+,False
2133,35.55,0.27941,0.28209,0.00268,0.015,0.04141,0.01366,0.02775,+,False
2134,35.5667,0.27966,0.28211,0.00245,0.015,0.03687,0.01378,0.02309,+,False
2135,35.5833,0.27991,0.28205,0.00214,0.015,0.03055,0.01393,0.01662,+,False
2136,35.6,0.28016,0.28201,0.00185,0.015,0.03739,0.01407,0.02332,+,False
2137,35.6167,0.28041,0.28205,0.00164,0.015,0.04024,0.01418,0.02605,+,False
2138,35.6333,0.28066,0.28213,0.00147,0.015,0.04249,0.01427,0.02822,+,False
2139,35.65,0.28091,0.2822,0.00129,0.015,0.04066,0.01436,0.0263,+,False
2140,35.6667,0.28116,0.28226,0.0011,0.015,0.04019,0.01445,0.02574,+,False
2141,35.6833,0.28141,0.28234,0.00093,0.015,0.04244,0.01454,0.02791,+,False
2142,35.7,0.28166,0.28241,0.00075,0.015,0.04038,0.01463,0.02576,+,False
2143,35.7167,0.28191,0.28245,0.00054,0.015,0.03879,0.01473,0.02406,+,False
2144,35.7333,0.28216,0.28244,0.00028,0.015,0.03462,0.01486,0.01976,+,False
2145,35.75,0.28241,0.2824,-2e-05,0.015,0.03409,0.01501,0.01908,+,False
2146,35.7667,0.28266,0.28239,-0.00027,0.015,0.03852,0.01513,0.02339,+,False
2147,35.7833,0.28291,0.28237,-0.00054,0.015,0.03441,0.01527,0.01914,+,False
2148,35.8,0.28316,0.28231,-0.00086,0.015,0.03261,0.01543,0.01718,+,False
2149,35.8167,0.28341,0.28221,-0.0012,0.015,0.03062,0.0156,0.01502,+,False
2150,35.8333,0.28366,0.28213,-0.00153,0.015,0.03329,0.01576,0.01753,+,False
2151,35.85,0.28391,0.28207,-0.00184,0.015,0.03327,0.01592,0.01735,+,False
2152,35.8667,0.28416,0.28205,-0.00211,0.015,0.03694,0.01606,0.02089,+,False
2153,35.8833,0.28441,0.28209,-0.00232,0.015,0.04082,0.01616,0.02466,+,False
2154,35.9,0.28466,0.28216,-0.0025,0.015,0.04176,0.01625,0.02551,+,False
2155,35.9167,0.28491,0.28221,-0.00271,0.015,0.03848,0.01635,0.02213,+,False
2156,35.9333,0.28516,0.28221,-0.00295,0.015,0.03619,0.01648,0.01972,+,False
2157,35.95,0.28541,0.28227,-0.00314,0.015,0.04298,0.01657,0.02641,+,False
2158,35.9667,0.28566,0.2824,-0.00326,0.015,0.04541,0.01663,0.02878,+,False
2159,35.9833,0.28591,0.28252,-0.00339,0.015,0.04285,0.0167,0.02615,+,False
2160,36.0,0.28616,0.28255,-0.00362,0.015,0.03517,0.01681,0.01836,+,False
2161,36.0167,0.28641,0.28251,-0.00391,0.015,0.03297,0.01695,0.01602,+,False
2162,36.0333,0.28666,0.28247,-0.00419,0.015,0.03497,0.0171,0.01787,+,False
2163,36.05,0.28691,0.28243,-0.00448,0.015,0.03463,0.01724,0.01739,+,False
2164,36.0667,0.28716,0.28244,-0.00472,0.015,0.03889,0.01736,0.02153,+,False
2165,36.0833,0.28741,0.28247,-0.00495,0.015,0.03811,0.01747,0.02063,+,False
2166,36.1,0.28766,0.28247,-0.00519,0.015,0.0369,0.01759,0.0193,+,False
2167,36.1167,0.28791,0.28244,-0.00547,0.015,0.0337,0.01774,0.01596,+,False
2168,36.1333,0.28816,0.2824,-0.00577,0.015,0.03474,0.01788,0.01685,+,False
2169,36.15,0.28841,0.28239,-0.00602,0.015,0.03757,0.01801,0.01956,+,False
2170,36.1667,0.28866,0.28237,-0.00629,0.015,0.03509,0.01814,0.01695,+,False
2171,36.1833,0.28891,0.28235,-0.00656,0.015,0.03574,0.01828,0.01746,+,False
2172,36.2,0.28916,0.28235,-0.00682,0.015,0.03714,0.01841,0.01873,+,False
2173,36.2167,0.28941,0.28234,-0.00707,0.015,0.03655,0.01853,0.01801,+,False
2174,36.2333,0.28966,0.28233,-0.00733,0.015,0.03577,0.01867,0.01711,+,False
2175,36.25,0.28991,0.28233,-0.00758,0.015,0.03765,0.01879,0.01887,+,False
2176,36.2667,0.29016,0.28237,-0.00779,0.015,0.03973,0.01889,0.02084,+,False
2177,36.2833,0.29041,0.28242,-0.00799,0.015,0.03944,0.019,0.02044,+,False
2178,36.3,0.29066,0.28246,-0.0082,0.015,0.03866,0.0191,0.01956,+,False
2179,36.3167,0.29091,0.28248,-0.00843,0.015,0.03776,0.01922,0.01855,+,False
2180,36.3333,0.29116,0.28248,-0.00868,0.015,0.0365,0.01934,0.01716,+,False
2181,36.35,0.29141,0.28242,-0.00899,0.015,0.03124,0.0195,0.01174,+,False
2182,36.3667,0.29166,0.2823,-0.00936,0.015,0.02888,0.01968,0.00919,+,False
2183,36.3833,0.29191,0.28222,-0.0097,0.015,0.03365,0.01985,0.01381,+,False
2184,36.4,0.29216,0.28223,-0.00994,0.015,0.03909,0.01997,0.01912,+,False
2185,36.4167,0.29241,0.28224,-0.01017,0.015,0.03728,0.02008,0.01719,+,False
2186,36.4333,0.29266,0.28229,-0.01038,0.015,0.04021,0.02019,0.02002,+,False
2187,36.45,0.29291,0.28237,-0.01054,0.015,0.04314,0.02027,0.02286,+,False
2188,36.4667,0.29316,0.28244,-0.01072,0.015,0.03935,0.02036,0.01899,+,False
2189,36.4833,0.29341,0.28244,-0.01097,0.015,0.03483,0.02049,0.01434,+,False
2190,36.5,0.29366,0.28244,-0.01122,0.015,0.03637,0.02061,0.01576,+,False
2191,36.5167,0.29391,0.28244,-0.01148,0.015,0.03765,0.02074,0.01691,+,False
2192,36.5333,0.29416,0.28243,-0.01173,0.015,0.03438,0.02087,0.01352,+,False
2193,36.55,0.29441,0.28245,-0.01197,0.015,0.03976,0.02098,0.01878,+,False
2194,36.5667,0.29466,0.28249,-0.01217,0.015,0.03908,0.02109,0.01799,+,False
2195,36.5833,0.29491,0.28252,-0.0124,0.015,0.03814,0.0212,0.01695,+,False
2196,36.6,0.29516,0.28252,-0.01264,0.015,0.03702,0.02132,0.0157,+,False
2197,36.6167,0.29541,0.2825,-0.01292,0.015,0.03373,0.02146,0.01227,+,False
2198,36.6333,0.29566,0.28244,-0.01323,0.015,0.03321,0.02161,0.01159,+,False
2199,36.65,0.29591,0.28242,-0.01349,0.015,0.03721,0.02174,0.01547,+,False
2200,36.6667,0.29616,0.28243,-0.01373,0.015,0.03754,0.02187,0.01567,+,False
2201,36.6833,0.29641,0.28245,-0.01397,0.015,0.03795,0.02198,0.01596,+,False
2202,36.7,0.29666,0.28246,-0.01421,0.015,0.03732,0.0221,0.01522,+,False
2203,36.7167,0.29691,0.28245,-0.01446,0.015,0.03634,0.02223,0.01411,+,False
2204,36.7333,0.29716,0.28244,-0.01472,0.015,0.03635,0.02236,0.01398,+,False
2205,36.75,0.29741,0.28243,-0.01499,0.015,0.03562,0.02249,0.01313,+,False
2206,36.7667,0.29766,0.28242,-0.01525,0.015,0.03704,0.02262,0.01442,+,False
2207,36.7833,0.29791,0.28245,-0.01547,0.015,0.03971,0.02273,0.01697,+,False
2208,36.8,0.29816,0.28248,-0.01568,0.015,0.03866,0.02284,0.01582,+,False
2209,36.8167,0.29841,0.28249,-0.01592,0.015,0.03648,0.02296,0.01351,+,False
2210,36.8333,0.29866,0.28249,-0.01618,0.015,0.03698,0.02309,0.0139,+,False
2211,36.85,0.29891,0.28252,-0.01639,0.015,0.04047,0.02319,0.01728,+,False
2212,36.8667,0.29916,0.28255,-0.01661,0.015,0.03684,0.02331,0.01353,+,False
2213,36.8833,0.29941,0.28255,-0.01686,0.015,0.03662,0.02343,0.01319,+,False
2214,36.9,0.29966,0.28256,-0.0171,0.015,0.03766,0.02355,0.0141,+,False
2215,36.9167,0.29991,0.28256,-0.01735,0.015,0.03563,0.02368,0.01195,+,False
2216,36.9333,0.30016,0.28258,-0.01758,0.015,0.03831,0.02379,0.01452,+,False
2217,36.95,0.30041,0.28256,-0.01786,0.015,0.03396,0.02393,0.01003,+,False
2218,36.9667,0.30066,0.28251,-0.01815,0.015,0.03513,0.02408,0.01105,+,False
2219,36.9833,0.30091,0.28246,-0.01846,0.015,0.03239,0.02423,0.00816,+,False
2220,37.0,0.30116,0.28238,-0.01878,0.015,0.0322,0.02439,0.00781,+,False
2221,37.0167,0.30141,0.28238,-0.01903,0.015,0.03819,0.02452,0.01367,+,False
2222,37.0333,0.30166,0.28242,-0.01924,0.015,0.03918,0.02462,0.01456,+,False
2223,37.05,0.30191,0.28247,-0.01944,0.015,0.04086,0.02472,0.01614,+,False
2224,37.0667,0.30216,0.28243,-0.01973,0.015,0.03127,0.02486,0.0064,+,False
2225,37.0833,0.30241,0.28243,-0.01999,0.015,0.03748,0.02499,0.01248,+,False
2226,37.1,0.30266,0.28243,-0.02023,0.015,0.03776,0.02512,0.01264,+,False
2227,37.1167,0.30291,0.28249,-0.02042,0.015,0.04137,0.02521,0.01616,+,False
2228,37.1333,0.30316,0.28253,-0.02064,0.015,0.03796,0.02532,0.01264,+,False
2229,37.15,0.30341,0.28249,-0.02093,0.015,0.03236,0.02546,0.00689,+,False
2230,37.1667,0.30366,0.28245,-0.02122,0.015,0.03545,0.02561,0.00985,+,False
2231,37.1833,0.30391,0.28244,-0.02147,0.015,0.03771,0.02574,0.01198,+,False
2232,37.2,0.30416,0.28246,-0.02171,0.015,0.03749,0.02585,0.01164,+,False
2233,37.2167,0.30441,0.28243,-0.02199,0.015,0.03393,0.02599,0.00794,+,False
2234,37.2333,0.30466,0.28236,-0.0223,0.015,0.03237,0.02615,0.00622,+,False
2235,37.25,0.30491,0.2823,-0.02262,0.015,0.03336,0.02631,0.00705,+,False
2236,37.2667,0.30516,0.28227,-0.0229,0.015,0.03629,0.02645,0.00984,+,False
2237,37.2833,0.30541,0.28227,-0.02314,0.015,0.03835,0.02657,0.01179,+,False
2238,37.3,0.30566,0.2823,-0.02336,0.015,0.03846,0.02668,0.01178,+,False
2239,37.3167,0.30591,0.28231,-0.02361,0.015,0.0365,0.0268,0.00969,+,False
2240,37.3333,0.30616,0.2823,-0.02386,0.015,0.0365,0.02693,0.00957,+,False
2241,37.35,0.30641,0.28233,-0.02409,0.015,0.03865,0.02704,0.01161,+,False
2242,37.3667,0.30666,0.28234,-0.02432,0.015,0.03709,0.02716,0.00993,+,False
2243,37.3833,0.30691,0.28238,-0.02454,0.015,0.03982,0.02727,0.01255,+,False
2244,37.4,0.30716,0.2824,-0.02476,0.015,0.03815,0.02738,0.01077,+,False
2245,37.4167,0.30741,0.2824,-0.02501,0.015,0.03533,0.02751,0.00783,+,False
2246,37.4333,0.30766,0.28231,-0.02535,0.015,0.02943,0.02767,0.00175,+,False
2247,37.45,0.30791,0.28227,-0.02564,0.015,0.03676,0.02782,0.00894,+,False
2248,37.4667,0.30816,0.28219,-0.02597,0.015,0.02919,0.02799,0.0012,+,False
2249,37.4833,0.30841,0.28209,-0.02632,0.015,0.03164,0.02816,0.00348,+,False
2250,37.5,0.30866,0.28204,-0.02663,0.015,0.03523,0.02831,0.00691,+,False
2251,37.5167,0.30891,0.28204,-0.02688,0.015,0.03784,0.02844,0.0094,+,False
2252,37.5333,0.30916,0.28206,-0.02711,0.015,0.03683,0.02855,0.00828,+,False
2253,37.55,0.30941,0.28204,-0.02737,0.015,0.03579,0.02869,0.0071,+,False
2254,37.5667,0.30966,0.28205,-0.02762,0.015,0.0383,0.02881,0.00949,+,False
2255,37.5833,0.30991,0.28207,-0.02785,0.015,0.03787,0.02892,0.00895,+,False
2256,37.6,0.31016,0.28209,-0.02807,0.015,0.03872,0.02904,0.00968,+,False
2257,37.6167,0.31041,0.28215,-0.02826,0.015,0.04125,0.02913,0.01212,+,False
2258,37.6333,0.31066,0.28224,-0.02842,0.015,0.0431,0.02921,0.01389,+,False
2259,37.65,0.31091,0.28233,-0.02858,0.015,0.04133,0.02929,0.01204,+,False
2260,37.6667,0.31116,0.28234,-0.02882,0.015,0.03494,0.02941,0.00553,+,False
2261,37.6833,0.31141,0.28233,-0.02908,0.015,0.03632,0.02954,0.00678,+,False
2262,37.7,0.31166,0.28232,-0.02934,0.015,0.03646,0.02967,0.00679,+,False
2263,37.7167,0.31191,0.28232,-0.0296,0.015,0.0366,0.0298,0.0068,+,False
2264,37.7333,0.31216,0.28231,-0.02985,0.015,0.03627,0.02993,0.00634,+,False
2265,37.75,0.31241,0.2823,-0.03011,0.015,0.03625,0.03006,0.00619,+,False
2266,37.7667,0.31266,0.28228,-0.03038,0.015,0.03589,0.03019,0.0057,+,False
2267,37.7833,0.31291,0.28227,-0.03064,0.015,0.03651,0.03032,0.00619,+,False
2268,37.8,0.31316,0.28228,-0.03088,0.015,0.03768,0.03044,0.00724,+,False
2269,37.8167,0.31341,0.28228,-0.03113,0.015,0.03655,0.03056,0.00599,+,False
2270,37.8333,0.31366,0.28225,-0.03141,0.015,0.03386,0.03071,0.00315,+,False
2271,37.85,0.31391,0.28214,-0.03177,0.015,0.02879,0.03089,-0.00209,+,False
2272,37.8667,0.31416,0.28206,-0.03211,0.015,0.03285,0.03105,0.0018,+,False
2273,37.8833,0.31441,0.28206,-0.03235,0.015,0.03966,0.03118,0.00848,+,False
2274,37.9,0.31466,0.28212,-0.03254,0.015,0.04154,0.03127,0.01027,+,False
2275,37.9167,0.31491,0.28217,-0.03275,0.015,0.03856,0.03137,0.00719,+,False
2276,37.9333,0.31516,0.28216,-0.033,0.015,0.03551,0.0315,0.00401,+,False
2277,37.95,0.31541,0.28217,-0.03325,0.015,0.03793,0.03162,0.00631,+,False
2278,37.9667,0.31566,0.28219,-0.03347,0.015,0.03866,0.03174,0.00693,+,False
2279,37.9833,0.31591,0.28226,-0.03365,0.015,0.04241,0.03183,0.01058,+,False
2280,38.0,0.31616,0.28232,-0.03384,0.015,0.03953,0.03192,0.00761,+,False
2281,38.0167,0.31641,0.28235,-0.03406,0.015,0.03795,0.03203,0.00592,+,False
2282,38.0333,0.31666,0.28237,-0.0343,0.015,0.03773,0.03215,0.00558,+,False
2283,38.05,0.31691,0.28237,-0.03454,0.015,0.03766,0.03227,0.00539,+,False
2284,38.0667,0.31716,0.28241,-0.03475,0.015,0.04029,0.03237,0.00792,+,False
2285,38.0833,0.31741,0.28247,-0.03495,0.015,0.03857,0.03247,0.0061,+,False
2286,38.1,0.31766,0.28249,-0.03517,0.015,0.0387,0.03258,0.00612,+,False
2287,38.1167,0.31791,0.2825,-0.03542,0.015,0.03625,0.03271,0.00355,+,False
2288,38.1333,0.31816,0.28247,-0.0357,0.015,0.03405,0.03285,0.0012,+,False
2289,38.15,0.31841,0.28242,-0.036,0.015,0.03426,0.033,0.00126,+,False
2290,38.1667,0.31866,0.28237,-0.03629,0.015,0.0345,0.03314,0.00135,+,False
2291,38.1833,0.31891,0.28235,-0.03657,0.015,0.03638,0.03328,0.0031,+,False
2292,38.2,0.31916,0.28231,-0.03685,0.015,0.03402,0.03343,0.00059,+,False
2293,38.2167,0.31941,0.28229,-0.03713,0.015,0.03603,0.03356,0.00247,+,False
2294,38.2333,0.31966,0.28233,-0.03734,0.015,0.0411,0.03367,0.00743,+,False
2295,38.25,0.31991,0.28242,-0.03749,0.015,0.04415,0.03375,0.0104,+,False
2296,38.2667,0.32016,0.28247,-0.03769,0.015,0.0376,0.03385,0.00375,+,False
2297,38.2833,0.32041,0.28242,-0.03799,0.015,0.03038,0.034,-0.00361,+,False
2298,38.3,0.32066,0.28238,-0.03828,0.015,0.03771,0.03414,0.00357,+,False
2299,38.3167,0.32091,0.28232,-0.03859,0.015,0.03022,0.0343,-0.00407,+,False
2300,38.3333,0.32116,0.2823,-0.03886,0.015,0.03742,0.03443,0.00299,+,False
2301,38.35,0.32141,0.2823,-0.03911,0.015,0.03803,0.03455,0.00347,+,False
2302,38.3667,0.32166,0.28231,-0.03935,0.015,0.03677,0.03468,0.00209,+,False
2303,38.3833,0.32191,0.28224,-0.03967,0.015,0.03047,0.03484,-0.00437,+,False
2304,38.4,0.32216,0.28217,-0.03999,0.015,0.03346,0.035,-0.00153,+,False
2305,38.4167,0.32241,0.28218,-0.04024,0.015,0.03902,0.03512,0.0039,+,False
2306,38.4333,0.32266,0.28225,-0.04041,0.015,0.04331,0.03521,0.00811,+,False
2307,38.45,0.32291,0.28236,-0.04056,0.015,0.04241,0.03528,0.00713,+,False
2308,38.4667,0.32316,0.28241,-0.04075,0.015,0.03915,0.03537,0.00377,+,False
2309,38.4833,0.32341,0.28248,-0.04093,0.015,0.04186,0.03547,0.00639,+,False
2310,38.5,0.32366,0.2825,-0.04116,0.015,0.03564,0.03558,6e-05,+,False
2311,38.5167,0.32391,0.28249,-0.04142,0.015,0.03641,0.03571,0.0007,+,False
2312,38.5333,0.32416,0.2825,-0.04166,0.015,0.03697,0.03583,0.00114,+,False
2313,38.55,0.32441,0.28248,-0.04193,0.015,0.0348,0.03596,-0.00116,+,False
2314,38.5667,0.32466,0.28244,-0.04222,0.015,0.03393,0.03611,-0.00218,+,False
2315,38.5833,0.32491,0.28237,-0.04254,0.015,0.03257,0.03627,-0.0037,+,False
2316,38.6,0.32516,0.28236,-0.0428,0.015,0.0379,0.0364,0.0015,+,False
2317,38.6167,0.32541,0.28237,-0.04304,0.015,0.03817,0.03652,0.00165,+,False
2318,38.6333,0.32566,0.28237,-0.0433,0.015,0.03526,0.03665,-0.00139,+,False
2319,38.65,0.32591,0.2823,-0.04362,0.015,0.03122,0.03681,-0.00559,+,False
2320,38.6667,0.32616,0.28227,-0.04389,0.015,0.03782,0.03695,0.00088,+,False
2321,38.6833,0.32641,0.28234,-0.04407,0.015,0.04332,0.03703,0.00629,+,False
2322,38.7,0.32666,0.28244,-0.04422,0.015,0.04245,0.03711,0.00534,+,False
2323,38.7167,0.32691,0.28251,-0.0444,0.015,0.04007,0.0372,0.00287,+,False
2324,38.7333,0.32716,0.28255,-0.04461,0.015,0.03937,0.0373,0.00207,+,False
2325,38.75,0.32741,0.28259,-0.04482,0.015,0.03828,0.03741,0.00087,+,False
2326,38.7667,0.32766,0.28262,-0.04504,0.015,0.04003,0.03752,0.00251,+,False
2327,38.7833,0.32791,0.28264,-0.04528,0.015,0.03604,0.03764,-0.0016,+,False
2328,38.8,0.32816,0.28256,-0.0456,0.015,0.02993,0.0378,-0.00787,+,False
2329,38.8167,0.32841,0.2825,-0.04591,0.015,0.03462,0.03796,-0.00334,+,False
2330,38.8333,0.32866,0.28249,-0.04618,0.015,0.03678,0.03809,-0.00131,+,False
2331,38.85,0.32891,0.2825,-0.04641,0.015,0.0388,0.0382,0.0006,+,False
2332,38.8667,0.32916,0.28254,-0.04662,0.015,0.03958,0.03831,0.00127,+,False
2333,38.8833,0.32941,0.28258,-0.04684,0.015,0.03781,0.03842,-0.00061,+,False
2334,38.9,0.32966,0.2826,-0.04707,0.015,0.03848,0.03853,-6e-05,+,False
2335,38.9167,0.32991,0.28262,-0.0473,0.015,0.03651,0.03865,-0.00213,+,False
2336,38.9333,0.33016,0.28259,-0.04758,0.015,0.03543,0.03879,-0.00336,+,False
2337,38.95,0.33041,0.28252,-0.04789,0.015,0.0304,0.03895,-0.00855,+,False
2338,38.9667,0.33066,0.28247,-0.0482,0.015,0.03567,0.0391,-0.00343,+,False
2339,38.9833,0.33091,0.28251,-0.0484,0.015,0.04175,0.0392,0.00255,+,False
2340,39.0,0.33116,0.28258,-0.04858,0.015,0.04067,0.03929,0.00138,+,False
2341,39.0167,0.33141,0.28262,-0.0488,0.015,0.0381,0.0394,-0.0013,+,False
2342,39.0333,0.33166,0.28262,-0.04904,0.015,0.03555,0.03952,-0.00397,+,False
2343,39.05,0.33191,0.28256,-0.04935,0.015,0.03239,0.03968,-0.00729,+,False
2344,39.0667,0.33216,0.2825,-0.04967,0.015,0.03343,0.03983,-0.0064,+,False
2345,39.0833,0.33241,0.28251,-0.04991,0.015,0.03963,0.03995,-0.00033,+,False
2346,39.1,0.33266,0.28256,-0.0501,0.015,0.04054,0.04005,0.00048,+,False
2347,39.1167,0.33291,0.28261,-0.0503,0.015,0.03962,0.04015,-0.00053,+,False
2348,39.1333,0.33316,0.2826,-0.05056,0.015,0.03398,0.04028,-0.0063,+,False
2349,39.15,0.33341,0.28253,-0.05089,0.015,0.03178,0.04044,-0.00867,+,False
2350,39.1667,0.33366,0.28251,-0.05116,0.015,0.03791,0.04058,-0.00267,+,False
2351,39.1833,0.33391,0.28246,-0.05145,0.015,0.03219,0.04073,-0.00854,+,False
2352,39.2,0.33416,0.28242,-0.05174,0.015,0.0359,0.04087,-0.00497,+,False
2353,39.2167,0.33441,0.28246,-0.05195,0.015,0.0415,0.04097,0.00053,+,False
2354,39.2333,0.33466,0.28254,-0.05213,0.015,0.04137,0.04106,0.00031,+,False
2355,39.25,0.33491,0.28259,-0.05232,0.015,0.0389,0.04116,-0.00226,+,False
2356,39.2667,0.33516,0.2826,-0.05256,0.015,0.03674,0.04128,-0.00454,+,False
2357,39.2833,0.33541,0.28259,-0.05282,0.015,0.03605,0.04141,-0.00536,+,False
2358,39.3,0.33566,0.28258,-0.05308,0.015,0.03648,0.04154,-0.00506,+,False
2359,39.3167,0.33591,0.28258,-0.05333,0.015,0.03684,0.04167,-0.00483,+,False
2360,39.3333,0.33616,0.28257,-0.05359,0.015,0.03549,0.0418,-0.00631,+,False
2361,39.35,0.33641,0.28254,-0.05387,0.015,0.03352,0.04194,-0.00842,+,False
2362,39.3667,0.33666,0.28245,-0.05421,0.015,0.03093,0.04211,-0.01118,+,False
2363,39.3833,0.33691,0.28237,-0.05454,0.015,0.03277,0.04227,-0.00951,+,False
2364,39.4,0.33716,0.28233,-0.05484,0.015,0.03559,0.04242,-0.00683,+,False
2365,39.4167,0.33741,0.28232,-0.05509,0.015,0.03702,0.04255,-0.00553,+,False
2366,39.4333,0.33766,0.28232,-0.05534,0.015,0.03685,0.04267,-0.00582,+,False
2367,39.45,0.33791,0.28233,-0.05559,0.015,0.03705,0.04279,-0.00574,+,False
2368,39.4667,0.33816,0.28234,-0.05582,0.015,0.03798,0.04291,-0.00493,+,False
2369,39.4833,0.33841,0.28238,-0.05604,0.015,0.03922,0.04302,-0.0038,+,False
2370,39.5,0.33866,0.28243,-0.05623,0.015,0.04115,0.04312,-0.00196,+,False
2371,39.5167,0.33891,0.28244,-0.05647,0.015,0.03478,0.04324,-0.00845,+,False
2372,39.5333,0.33916,0.28246,-0.05671,0.015,0.03729,0.04335,-0.00607,+,False
2373,39.55,0.33941,0.28249,-0.05692,0.015,0.03916,0.04346,-0.0043,+,False
2374,39.5667,0.33966,0.28254,-0.05713,0.015,0.04069,0.04356,-0.00288,+,False
2375,39.5833,0.33991,0.28256,-0.05736,0.015,0.03543,0.04368,-0.00825,+,False
2376,39.6,0.34016,0.28257,-0.0576,0.015,0.0386,0.0438,-0.0052,+,False
2377,39.6167,0.34041,0.2826,-0.05782,0.015,0.03827,0.04391,-0.00563,+,False
2378,39.6333,0.34066,0.28264,-0.05803,0.015,0.03863,0.04401,-0.00539,+,False
2379,39.65,0.34091,0.28261,-0.0583,0.015,0.03414,0.04415,-0.01001,+,False
2380,39.6667,0.34116,0.28252,-0.05865,0.015,0.02876,0.04432,-0.01556,+,False
2381,39.6833,0.34141,0.28243,-0.05899,0.015,0.03289,0.04449,-0.0116,+,False
2382,39.7,0.34166,0.28239,-0.05927,0.015,0.03657,0.04463,-0.00807,+,False
2383,39.7167,0.34191,0.28237,-0.05954,0.015,0.03547,0.04477,-0.0093,+,False
2384,39.7333,0.34216,0.28233,-0.05984,0.015,0.03313,0.04492,-0.01179,+,False
2385,39.75,0.34241,0.28232,-0.0601,0.015,0.03838,0.04505,-0.00667,+,False
2386,39.7667,0.34266,0.28236,-0.0603,0.015,0.04024,0.04515,-0.00491,+,False
2387,39.7833,0.34291,0.28243,-0.06048,0.015,0.0421,0.04524,-0.00314,+,False
2388,39.8,0.34316,0.28248,-0.06068,0.015,0.03807,0.04534,-0.00727,+,False
2389,39.8167,0.34341,0.28258,-0.06083,0.015,0.04624,0.04542,0.00082,+,False
2390,39.8333,0.34366,0.28271,-0.06096,0.015,0.04334,0.04548,-0.00214,+,False
2391,39.85,0.34391,0.28277,-0.06114,0.015,0.03984,0.04557,-0.00573,+,False
2392,39.8667,0.34416,0.28277,-0.0614,0.015,0.03343,0.0457,-0.01227,+,False
2393,39.8833,0.34441,0.28276,-0.06165,0.015,0.03737,0.04582,-0.00846,+,False
2394,39.9,0.34466,0.28283,-0.06183,0.015,0.04318,0.04591,-0.00274,+,False
2395,39.9167,0.34491,0.28291,-0.062,0.015,0.0409,0.046,-0.0051,+,False
2396,39.9333,0.34516,0.28299,-0.06218,0.015,0.04121,0.04609,-0.00488,+,False
2397,39.95,0.34541,0.283,-0.06242,0.015,0.03574,0.04621,-0.01047,+,False
2398,39.9667,0.34566,0.28298,-0.06268,0.015,0.03594,0.04634,-0.0104,+,False
2399,39.9833,0.34591,0.28296,-0.06295,0.015,0.03626,0.04647,-0.01022,+,False
