step,t,cmd_z,z,z_err,cmd_vz,vz,desired_vz,vz_err,phase,done
0,0.0,0.34581,0.2939,-0.05191,-0.015,-0.16781,0.01095,-0.17876,-,False
1,0.0167,0.34556,0.28896,-0.0566,-0.015,-0.34181,0.0133,-0.35511,-,False
2,0.0333,0.34531,0.28129,-0.06402,-0.015,-0.47279,0.01701,-0.4898,-,False
3,0.05,0.34506,0.27266,-0.0724,-0.015,-0.45989,0.0212,-0.48109,-,False
4,0.0667,0.34481,0.26547,-0.07934,-0.015,-0.34246,0.02467,-0.36713,-,False
5,0.0833,0.34456,0.26031,-0.08425,-0.015,-0.21214,0.02713,-0.23926,-,False
6,0.1,0.34431,0.2573,-0.08701,-0.015,-0.08703,0.02851,-0.11553,-,False
7,0.1167,0.34406,0.25595,-0.08811,-0.015,-0.00206,0.02905,-0.03111,-,False
8,0.1333,0.34381,0.25554,-0.08826,-0.015,0.03556,0.02913,0.00642,-,False
9,0.15,0.34356,0.2556,-0.08796,-0.015,0.05212,0.02898,0.02314,-,False
10,0.1667,0.34331,0.25612,-0.08719,-0.015,0.08775,0.02859,0.05916,-,False
11,0.1833,0.34306,0.25734,-0.08572,-0.015,0.12777,0.02786,0.09991,-,False
12,0.2,0.34281,0.25899,-0.08382,-0.015,0.14532,0.02691,0.11842,-,False
13,0.2167,0.34256,0.26079,-0.08177,-0.015,0.14684,0.02589,0.12095,-,False
14,0.2333,0.34231,0.26255,-0.07976,-0.015,0.14054,0.02488,0.11567,-,False
15,0.25,0.34206,0.26416,-0.0779,-0.015,0.12701,0.02395,0.10306,-,False
16,0.2667,0.34181,0.26548,-0.07633,-0.015,0.10964,0.02317,0.08648,-,False
17,0.2833,0.34156,0.2664,-0.07516,-0.015,0.07904,0.02258,0.05645,-,False
18,0.3,0.34131,0.26684,-0.07447,-0.015,0.05249,0.02223,0.03025,-,False
19,0.3167,0.34106,0.26693,-0.07413,-0.015,0.03431,0.02207,0.01224,-,False
20,0.3333,0.34081,0.26678,-0.07403,-0.015,0.02484,0.02201,0.00283,-,False
21,0.35,0.34056,0.26662,-0.07394,-0.015,0.0297,0.02197,0.00773,-,False
22,0.3667,0.34031,0.26651,-0.0738,-0.015,0.03199,0.0219,0.01009,-,False
23,0.3833,0.34006,0.26646,-0.0736,-0.015,0.03717,0.0218,0.01538,-,False
24,0.4,0.33981,0.2665,-0.07331,-0.015,0.04473,0.02165,0.02308,-,False
25,0.4167,0.33956,0.26688,-0.07268,-0.015,0.0699,0.02134,0.04857,-,False
26,0.4333,0.33931,0.26746,-0.07185,-0.015,0.07534,0.02093,0.05442,-,False
27,0.45,0.33906,0.26805,-0.07101,-0.015,0.07094,0.0205,0.05044,-,False
28,0.4667,0.33881,0.26846,-0.07035,-0.015,0.05722,0.02017,0.03705,-,False
29,0.4833,0.33856,0.2688,-0.06976,-0.015,0.058,0.01988,0.03812,-,False
30,0.5,0.33831,0.26912,-0.06919,-0.015,0.0553,0.0196,0.0357,-,False
31,0.5167,0.33806,0.26937,-0.06869,-0.015,0.05275,0.01934,0.03341,-,False
32,0.5333,0.33781,0.26956,-0.06825,-0.015,0.04667,0.01913,0.02755,-,False
33,0.55,0.33756,0.26971,-0.06785,-0.015,0.04707,0.01892,0.02815,-,False
34,0.5667,0.33731,0.26982,-0.06749,-0.015,0.04235,0.01875,0.0236,-,False
35,0.5833,0.33706,0.2699,-0.06716,-0.015,0.04331,0.01858,0.02473,-,False
36,0.6,0.33681,0.26994,-0.06687,-0.015,0.0369,0.01844,0.01847,-,False
37,0.6167,0.33656,0.26988,-0.06668,-0.015,0.03425,0.01834,0.01591,-,False
38,0.6333,0.33631,0.26989,-0.06642,-0.015,0.04041,0.01821,0.0222,-,False
39,0.65,0.33606,0.27002,-0.06604,-0.015,0.0475,0.01802,0.02948,-,False
40,0.6667,0.33581,0.2701,-0.06571,-0.015,0.03774,0.01785,0.01989,-,False
41,0.6833,0.33556,0.27003,-0.06553,-0.015,0.03027,0.01776,0.0125,-,False
42,0.7,0.33531,0.26995,-0.06536,-0.015,0.03339,0.01768,0.01571,-,False
43,0.7167,0.33506,0.26994,-0.06512,-0.015,0.03742,0.01756,0.01986,-,False
44,0.7333,0.33481,0.27001,-0.0648,-0.015,0.0441,0.0174,0.0267,-,False
45,0.75,0.33456,0.27017,-0.06439,-0.015,0.04917,0.01719,0.03197,-,False
46,0.7667,0.33431,0.2704,-0.06391,-0.015,0.04963,0.01696,0.03267,-,False
47,0.7833,0.33406,0.27059,-0.06347,-0.015,0.04787,0.01674,0.03113,-,False
48,0.8,0.33381,0.27082,-0.06299,-0.015,0.05222,0.01649,0.03572,-,False
49,0.8167,0.33356,0.27105,-0.06251,-0.015,0.04974,0.01625,0.03348,-,False
50,0.8333,0.33331,0.27123,-0.06208,-0.015,0.04449,0.01604,0.02845,-,False
51,0.85,0.33306,0.27128,-0.06178,-0.015,0.03787,0.01589,0.02198,-,False
52,0.8667,0.33281,0.27134,-0.06147,-0.015,0.03889,0.01574,0.02315,-,False
53,0.8833,0.33256,0.2714,-0.06116,-0.015,0.04129,0.01558,0.02571,-,False
54,0.9,0.33231,0.27147,-0.06084,-0.015,0.0422,0.01542,0.02678,-,False
55,0.9167,0.33206,0.27164,-0.06042,-0.015,0.04659,0.01521,0.03138,-,False
56,0.9333,0.33181,0.27171,-0.0601,-0.015,0.03825,0.01505,0.0232,-,False
57,0.95,0.33156,0.27157,-0.05999,-0.015,0.02368,0.015,0.00869,-,False
58,0.9667,0.33131,0.27138,-0.05993,-0.015,0.02302,0.01497,0.00805,-,False
59,0.9833,0.33106,0.27125,-0.05981,-0.015,0.03241,0.01491,0.0175,-,False
60,1.0,0.33081,0.27115,-0.05966,-0.015,0.03162,0.01483,0.01679,-,False
61,1.0167,0.33056,0.27116,-0.0594,-0.015,0.04056,0.0147,0.02586,-,False
62,1.0333,0.33031,0.27119,-0.05912,-0.015,0.03529,0.01456,0.02073,-,False
63,1.05,0.33006,0.27104,-0.05902,-0.015,0.02401,0.01451,0.0095,-,False
64,1.0667,0.32981,0.27085,-0.05896,-0.015,0.02515,0.01448,0.01067,-,False
65,1.0833,0.32956,0.27081,-0.05875,-0.015,0.03643,0.01438,0.02205,-,False
66,1.1,0.32931,0.27083,-0.05848,-0.015,0.03841,0.01424,0.02417,-,False
67,1.1167,0.32906,0.27086,-0.0582,-0.015,0.03698,0.0141,0.02288,-,False
68,1.1333,0.32881,0.2709,-0.05791,-0.015,0.0389,0.01396,0.02494,-,False
69,1.15,0.32856,0.27103,-0.05753,-0.015,0.04634,0.01376,0.03258,-,False
70,1.1667,0.32831,0.27119,-0.05712,-0.015,0.0453,0.01356,0.03174,-,False
71,1.1833,0.32806,0.27133,-0.05673,-0.015,0.04109,0.01337,0.02772,-,False
72,1.2,0.32781,0.27128,-0.05653,-0.015,0.02842,0.01326,0.01515,-,False
73,1.2167,0.32756,0.27117,-0.05639,-0.015,0.02683,0.0132,0.01363,-,False
74,1.2333,0.32731,0.27098,-0.05633,-0.015,0.0238,0.01316,0.01063,-,False
75,1.25,0.32706,0.27071,-0.05635,-0.015,0.01895,0.01318,0.00577,-,False
76,1.2667,0.32681,0.27054,-0.05627,-0.015,0.02944,0.01314,0.01631,-,False
77,1.2833,0.32656,0.27047,-0.05609,-0.015,0.0337,0.01305,0.02066,-,False
78,1.3,0.32631,0.27049,-0.05582,-0.015,0.03742,0.01291,0.02451,-,False
79,1.3167,0.32606,0.27043,-0.05563,-0.015,0.03057,0.01282,0.01776,-,False
80,1.3333,0.32581,0.2703,-0.05551,-0.015,0.02679,0.01275,0.01404,-,False
81,1.35,0.32556,0.27017,-0.05539,-0.015,0.02902,0.0127,0.01633,-,False
82,1.3667,0.32531,0.27013,-0.05518,-0.015,0.03645,0.01259,0.02386,-,False
83,1.3833,0.32506,0.27025,-0.05481,-0.015,0.04628,0.01241,0.03387,-,False
84,1.4,0.32481,0.27049,-0.05432,-0.015,0.05221,0.01216,0.04005,-,False
85,1.4167,0.32456,0.27062,-0.05394,-0.015,0.0404,0.01197,0.02843,-,False
86,1.4333,0.32431,0.27071,-0.0536,-0.015,0.03953,0.0118,0.02773,-,False
87,1.45,0.32406,0.27072,-0.05334,-0.015,0.03545,0.01167,0.02379,-,False
88,1.4667,0.32381,0.27074,-0.05307,-0.015,0.03805,0.01153,0.02652,-,False
89,1.4833,0.32356,0.27075,-0.05281,-0.015,0.03433,0.01141,0.02292,-,False
90,1.5,0.32331,0.27075,-0.05256,-0.015,0.03807,0.01128,0.02679,-,False
91,1.5167,0.32306,0.2708,-0.05226,-0.015,0.03986,0.01113,0.02873,-,False
92,1.5333,0.32281,0.27085,-0.05196,-0.015,0.03857,0.01098,0.02759,-,False
93,1.55,0.32256,0.27082,-0.05174,-0.015,0.03196,0.01087,0.02109,-,False
94,1.5667,0.32231,0.27077,-0.05154,-0.015,0.03405,0.01077,0.02328,-,False
95,1.5833,0.32206,0.27073,-0.05133,-0.015,0.03339,0.01067,0.02273,-,False
96,1.6,0.32181,0.27066,-0.05115,-0.015,0.03215,0.01057,0.02158,-,False
97,1.6167,0.32156,0.27053,-0.05103,-0.015,0.02613,0.01052,0.01562,-,False
98,1.6333,0.32131,0.27039,-0.05092,-0.015,0.02895,0.01046,0.01849,-,False
99,1.65,0.32106,0.27024,-0.05082,-0.015,0.02853,0.01041,0.01813,-,False
100,1.6667,0.32081,0.27013,-0.05068,-0.015,0.0297,0.01034,0.01936,-,False
101,1.6833,0.32056,0.27001,-0.05055,-0.015,0.03098,0.01027,0.0207,-,False
102,1.7,0.32031,0.26988,-0.05043,-0.015,0.02758,0.01021,0.01737,-,False
103,1.7167,0.32006,0.26979,-0.05027,-0.015,0.03418,0.01013,0.02405,-,False
104,1.7333,0.31981,0.26979,-0.05002,-0.015,0.03896,0.01001,0.02895,-,False
105,1.75,0.31956,0.26979,-0.04977,-0.015,0.03409,0.00988,0.0242,-,False
106,1.7667,0.31931,0.26972,-0.04959,-0.015,0.03233,0.00979,0.02254,-,False
107,1.7833,0.31906,0.26959,-0.04947,-0.015,0.02608,0.00973,0.01635,-,False
108,1.8,0.31881,0.26948,-0.04933,-0.015,0.03329,0.00967,0.02363,-,False
109,1.8167,0.31856,0.26943,-0.04913,-0.015,0.03465,0.00956,0.02508,-,False
110,1.8333,0.31831,0.26936,-0.04895,-0.015,0.03208,0.00948,0.0226,-,False
111,1.85,0.31806,0.2693,-0.04876,-0.015,0.03415,0.00938,0.02477,-,False
112,1.8667,0.31781,0.2692,-0.04861,-0.015,0.02832,0.00931,0.01902,-,False
113,1.8833,0.31756,0.26916,-0.0484,-0.015,0.03899,0.0092,0.02979,-,False
114,1.9,0.31731,0.26925,-0.04806,-0.015,0.0439,0.00903,0.03487,-,False
115,1.9167,0.31706,0.26932,-0.04774,-0.015,0.03949,0.00887,0.03062,-,False
116,1.9333,0.31681,0.26942,-0.04739,-0.015,0.0443,0.0087,0.0356,-,False
117,1.95,0.31656,0.2696,-0.04696,-0.015,0.04808,0.00848,0.0396,-,False
118,1.9667,0.31631,0.26974,-0.04657,-0.015,0.04451,0.00828,0.03622,-,False
119,1.9833,0.31606,0.2698,-0.04626,-0.015,0.03744,0.00813,0.02931,-,False
120,2.0,0.31581,0.26985,-0.04596,-0.015,0.04215,0.00798,0.03417,-,False
121,2.0167,0.31556,0.26999,-0.04557,-0.015,0.04714,0.00779,0.03935,-,False
122,2.0333,0.31531,0.27014,-0.04517,-0.015,0.04535,0.00758,0.03777,-,False
123,2.05,0.31506,0.2702,-0.04486,-0.015,0.03802,0.00743,0.03059,-,False
124,2.0667,0.31481,0.27012,-0.04469,-0.015,0.02982,0.00734,0.02247,-,False
125,2.0833,0.31456,0.26998,-0.04458,-0.015,0.02673,0.00729,0.01944,-,False
126,2.1,0.31431,0.26979,-0.04452,-0.015,0.02681,0.00726,0.01955,-,False
127,2.1167,0.31406,0.26964,-0.04442,-0.015,0.02833,0.00721,0.02112,-,False
128,2.1333,0.31381,0.26944,-0.04437,-0.015,0.02429,0.00719,0.01711,-,False
129,2.15,0.31356,0.2692,-0.04436,-0.015,0.02272,0.00718,0.01555,-,False
130,2.1667,0.31331,0.26896,-0.04435,-0.015,0.02312,0.00717,0.01594,-,False
131,2.1833,0.31306,0.26871,-0.04435,-0.015,0.02126,0.00718,0.01409,-,False
132,2.2,0.31281,0.2685,-0.04431,-0.015,0.02611,0.00716,0.01895,-,False
133,2.2167,0.31256,0.26841,-0.04415,-0.015,0.03568,0.00707,0.02861,-,False
134,2.2333,0.31231,0.26849,-0.04382,-0.015,0.04277,0.00691,0.03586,-,False
135,2.25,0.31206,0.26861,-0.04345,-0.015,0.04666,0.00672,0.03993,-,False
136,2.2667,0.31181,0.26888,-0.04293,-0.015,0.05205,0.00647,0.04558,-,False
137,2.2833,0.31156,0.26906,-0.0425,-0.015,0.0451,0.00625,0.03885,-,False
138,2.3,0.31131,0.26905,-0.04226,-0.015,0.03075,0.00613,0.02462,-,False
139,2.3167,0.31106,0.26906,-0.042,-0.015,0.04111,0.006,0.03511,-,False
140,2.3333,0.31081,0.26923,-0.04158,-0.015,0.04931,0.00579,0.04352,-,False
141,2.35,0.31056,0.26938,-0.04118,-0.015,0.04395,0.00559,0.03836,-,False
142,2.3667,0.31031,0.26941,-0.0409,-0.015,0.03423,0.00545,0.02878,-,False
143,2.3833,0.31006,0.2694,-0.04066,-0.015,0.03692,0.00533,0.03159,-,False
144,2.4,0.30981,0.26945,-0.04036,-0.015,0.04047,0.00518,0.03529,-,False
145,2.4167,0.30956,0.26949,-0.04007,-0.015,0.03805,0.00504,0.03302,-,False
146,2.4333,0.30931,0.26947,-0.03984,-0.015,0.03429,0.00492,0.02937,-,False
147,2.45,0.30906,0.26944,-0.03962,-0.015,0.0345,0.00481,0.02969,-,False
148,2.4667,0.30881,0.26942,-0.03939,-0.015,0.03578,0.0047,0.03108,-,False
149,2.4833,0.30856,0.26939,-0.03917,-0.015,0.03451,0.00459,0.02993,-,False
150,2.5,0.30831,0.26934,-0.03897,-0.015,0.03406,0.00448,0.02957,-,False
151,2.5167,0.30806,0.2693,-0.03876,-0.015,0.03313,0.00438,0.02875,-,False
152,2.5333,0.30781,0.26925,-0.03856,-0.015,0.03371,0.00428,0.02943,-,False
153,2.55,0.30756,0.26922,-0.03834,-0.015,0.03374,0.00417,0.02957,-,False
154,2.5667,0.30731,0.26915,-0.03816,-0.015,0.03249,0.00408,0.02841,-,False
155,2.5833,0.30706,0.26902,-0.03804,-0.015,0.02656,0.00402,0.02254,-,False
156,2.6,0.30681,0.26895,-0.03786,-0.015,0.03517,0.00393,0.03124,-,False
157,2.6167,0.30656,0.26899,-0.03757,-0.015,0.04175,0.00379,0.03797,-,False
158,2.6333,0.30631,0.26906,-0.03725,-0.015,0.04092,0.00362,0.0373,-,False
159,2.65,0.30606,0.26913,-0.03693,-0.015,0.03874,0.00347,0.03527,-,False
160,2.6667,0.30581,0.26918,-0.03663,-0.015,0.03899,0.00332,0.03567,-,False
161,2.6833,0.30556,0.26924,-0.03632,-0.015,0.04098,0.00316,0.03782,-,False
162,2.7,0.30531,0.26926,-0.03605,-0.015,0.03433,0.00303,0.0313,-,False
163,2.7167,0.30506,0.26924,-0.03582,-0.015,0.03673,0.00291,0.03383,-,False
164,2.7333,0.30481,0.26931,-0.0355,-0.015,0.0417,0.00275,0.03895,-,False
165,2.75,0.30456,0.26933,-0.03523,-0.015,0.03562,0.00261,0.03301,-,False
166,2.7667,0.30431,0.26928,-0.03503,-0.015,0.03215,0.00251,0.02964,-,False
167,2.7833,0.30406,0.26927,-0.03479,-0.015,0.03776,0.00239,0.03537,-,False
168,2.8,0.30381,0.26937,-0.03444,-0.015,0.04517,0.00222,0.04295,-,False
169,2.8167,0.30356,0.26953,-0.03403,-0.015,0.04571,0.00202,0.04369,-,False
170,2.8333,0.30331,0.26968,-0.03363,-0.015,0.04537,0.00181,0.04356,-,False
171,2.85,0.30306,0.26978,-0.03328,-0.015,0.03976,0.00164,0.03812,-,False
172,2.8667,0.30281,0.26974,-0.03307,-0.015,0.03001,0.00154,0.02847,-,False
173,2.8833,0.30256,0.26966,-0.0329,-0.015,0.03321,0.00145,0.03176,-,False
174,2.9,0.30231,0.26969,-0.03262,-0.015,0.04085,0.00131,0.03955,-,False
175,2.9167,0.30206,0.26975,-0.03231,-0.015,0.03964,0.00116,0.03848,-,False
176,2.9333,0.30181,0.26976,-0.03205,-0.015,0.03509,0.00103,0.03406,-,False
177,2.95,0.30156,0.26976,-0.0318,-0.015,0.03559,0.0009,0.03469,-,False
178,2.9667,0.30131,0.26981,-0.0315,-0.015,0.0403,0.00075,0.03955,-,False
179,2.9833,0.30106,0.26986,-0.0312,-0.015,0.04048,0.0006,0.03988,-,False
180,3.0,0.30081,0.2698,-0.03101,-0.015,0.02807,0.0005,0.02757,-,False
181,3.0167,0.30056,0.26964,-0.03092,-0.015,0.0252,0.00046,0.02473,-,False
182,3.0333,0.30031,0.26949,-0.03082,-0.015,0.02955,0.00041,0.02914,-,False
183,3.05,0.30006,0.26933,-0.03073,-0.015,0.02655,0.00036,0.02618,-,False
184,3.0667,0.29981,0.26922,-0.03059,-0.015,0.0316,0.0003,0.0313,-,False
185,3.0833,0.29956,0.26918,-0.03038,-0.015,0.03558,0.00019,0.03539,-,False
186,3.1,0.29931,0.26912,-0.03019,-0.015,0.03236,9e-05,0.03227,-,False
187,3.1167,0.29906,0.26909,-0.02997,-0.015,0.03471,-1e-05,0.03472,-,False
188,3.1333,0.29881,0.26911,-0.0297,-0.015,0.03938,-0.00015,0.03953,-,False
189,3.15,0.29856,0.26913,-0.02943,-0.015,0.03689,-0.00028,0.03717,-,False
190,3.1667,0.29831,0.26908,-0.02923,-0.015,0.03078,-0.00038,0.03117,-,False
191,3.1833,0.29806,0.26906,-0.029,-0.015,0.03556,-0.0005,0.03606,-,False
192,3.2,0.29781,0.26912,-0.02869,-0.015,0.04433,-0.00065,0.04498,-,False
193,3.2167,0.29756,0.26924,-0.02832,-0.015,0.04346,-0.00084,0.0443,-,False
194,3.2333,0.29731,0.26927,-0.02804,-0.015,0.03663,-0.00098,0.03761,-,False
195,3.25,0.29706,0.26924,-0.02782,-0.015,0.03263,-0.00109,0.03372,-,False
196,3.2667,0.29681,0.26921,-0.0276,-0.015,0.03624,-0.0012,0.03744,-,False
197,3.2833,0.29656,0.26927,-0.02729,-0.015,0.04199,-0.00136,0.04334,-,False
198,3.3,0.29631,0.26935,-0.02696,-0.015,0.04009,-0.00152,0.04161,-,False
199,3.3167,0.29606,0.26934,-0.02672,-0.015,0.03384,-0.00164,0.03548,-,False
200,3.3333,0.29581,0.26929,-0.02652,-0.015,0.03249,-0.00174,0.03423,-,False
201,3.35,0.29556,0.26927,-0.02629,-0.015,0.03571,-0.00185,0.03756,-,False
202,3.3667,0.29531,0.2692,-0.02611,-0.015,0.031,-0.00195,0.03295,-,False
203,3.3833,0.29506,0.26912,-0.02594,-0.015,0.03282,-0.00203,0.03485,-,False
204,3.4,0.29481,0.26909,-0.02572,-0.015,0.03543,-0.00214,0.03757,-,False
205,3.4167,0.29456,0.26912,-0.02544,-0.015,0.04003,-0.00228,0.04231,-,False
206,3.4333,0.29431,0.26924,-0.02507,-0.015,0.04659,-0.00247,0.04905,-,False
207,3.45,0.29406,0.2694,-0.02466,-0.015,0.04509,-0.00267,0.04775,-,False
208,3.4667,0.29381,0.26953,-0.02428,-0.015,0.04388,-0.00286,0.04674,-,False
209,3.4833,0.29356,0.26968,-0.02388,-0.015,0.0452,-0.00306,0.04826,-,False
210,3.5,0.29331,0.26978,-0.02353,-0.015,0.04162,-0.00324,0.04485,-,False
211,3.5167,0.29306,0.26988,-0.02318,-0.015,0.04147,-0.00341,0.04487,-,False
212,3.5333,0.29281,0.26987,-0.02294,-0.015,0.03359,-0.00353,0.03712,-,False
213,3.55,0.29256,0.2698,-0.02276,-0.015,0.03115,-0.00362,0.03477,-,False
214,3.5667,0.29231,0.2697,-0.02261,-0.015,0.03074,-0.00369,0.03443,-,False
215,3.5833,0.29206,0.26959,-0.02247,-0.015,0.02905,-0.00376,0.03281,-,False
216,3.6,0.29181,0.26948,-0.02233,-0.015,0.03095,-0.00383,0.03478,-,False
217,3.6167,0.29156,0.26939,-0.02217,-0.015,0.03151,-0.00392,0.03543,-,False
218,3.6333,0.29131,0.26929,-0.02202,-0.015,0.03007,-0.00399,0.03406,-,False
219,3.65,0.29106,0.26918,-0.02188,-0.015,0.0306,-0.00406,0.03466,-,False
220,3.6667,0.29081,0.26912,-0.02169,-0.015,0.03395,-0.00416,0.0381,-,False
221,3.6833,0.29056,0.26913,-0.02143,-0.015,0.03904,-0.00428,0.04332,-,False
222,3.7,0.29031,0.26922,-0.02109,-0.015,0.04322,-0.00445,0.04767,-,False
223,3.7167,0.29006,0.26924,-0.02082,-0.015,0.03315,-0.00459,0.03774,-,False
224,3.7333,0.28981,0.26917,-0.02064,-0.015,0.0329,-0.00468,0.03758,-,False
225,3.75,0.28956,0.26919,-0.02037,-0.015,0.04012,-0.00482,0.04493,-,False
226,3.7667,0.28931,0.26934,-0.01997,-0.015,0.0478,-0.00501,0.05281,-,False
227,3.7833,0.28906,0.26957,-0.01949,-0.015,0.05107,-0.00525,0.05633,-,False
228,3.8,0.28881,0.26975,-0.01906,-0.015,0.04528,-0.00547,0.05075,-,False
229,3.8167,0.28856,0.26985,-0.01871,-0.015,0.03982,-0.00565,0.04546,-,False
230,3.8333,0.28831,0.26986,-0.01845,-0.015,0.03496,-0.00577,0.04073,-,False
231,3.85,0.28806,0.26984,-0.01822,-0.015,0.03537,-0.00589,0.04127,-,False
232,3.8667,0.28781,0.2698,-0.01801,-0.015,0.03299,-0.00599,0.03898,-,False
233,3.8833,0.28756,0.26966,-0.0179,-0.015,0.02574,-0.00605,0.03179,-,False
234,3.9,0.28731,0.26949,-0.01782,-0.015,0.02661,-0.00609,0.0327,-,False
235,3.9167,0.28706,0.26938,-0.01768,-0.015,0.03085,-0.00616,0.037,-,False
236,3.9333,0.28681,0.26927,-0.01754,-0.015,0.03095,-0.00623,0.03718,-,False
237,3.95,0.28656,0.26912,-0.01744,-0.015,0.02632,-0.00628,0.0326,-,False
238,3.9667,0.28631,0.26895,-0.01736,-0.015,0.02714,-0.00632,0.03346,-,False
239,3.9833,0.28606,0.26884,-0.01722,-0.015,0.03045,-0.00639,0.03684,-,False
240,4.0,0.28581,0.26885,-0.01696,-0.015,0.04144,-0.00652,0.04796,-,False
241,4.0167,0.28556,0.26895,-0.01661,-0.015,0.04479,-0.0067,0.05148,-,False
242,4.0333,0.28531,0.26909,-0.01622,-0.015,0.04383,-0.00689,0.05072,-,False
243,4.05,0.28506,0.26922,-0.01584,-0.015,0.04454,-0.00708,0.05162,-,False
244,4.0667,0.28481,0.26934,-0.01547,-0.015,0.04268,-0.00727,0.04995,-,False
245,4.0833,0.28456,0.26945,-0.01511,-0.015,0.04346,-0.00744,0.0509,-,False
246,4.1,0.28431,0.26954,-0.01477,-0.015,0.03935,-0.00762,0.04697,-,False
247,4.1167,0.28406,0.26961,-0.01445,-0.015,0.04164,-0.00778,0.04942,-,False
248,4.1333,0.28381,0.26971,-0.0141,-0.015,0.04218,-0.00795,0.05013,-,False
249,4.15,0.28356,0.26976,-0.0138,-0.015,0.03775,-0.0081,0.04585,-,False
250,4.1667,0.28331,0.26976,-0.01355,-0.015,0.0357,-0.00822,0.04392,-,False
251,4.1833,0.28306,0.26974,-0.01332,-0.015,0.03372,-0.00834,0.04206,-,False
252,4.2,0.28281,0.26964,-0.01317,-0.015,0.02899,-0.00842,0.0374,-,False
253,4.2167,0.28256,0.26955,-0.01301,-0.015,0.03185,-0.0085,0.04035,-,False
254,4.2333,0.28231,0.26944,-0.01287,-0.015,0.03013,-0.00857,0.0387,-,False
255,4.25,0.28206,0.26937,-0.01269,-0.015,0.03341,-0.00866,0.04206,-,False
256,4.2667,0.28181,0.2693,-0.01251,-0.015,0.03277,-0.00875,0.04151,-,False
257,4.2833,0.28156,0.26923,-0.01233,-0.015,0.03053,-0.00883,0.03936,-,False
258,4.3,0.28131,0.2692,-0.01211,-0.015,0.03789,-0.00894,0.04684,-,False
259,4.3167,0.28106,0.26918,-0.01188,-0.015,0.03462,-0.00906,0.04368,-,False
260,4.3333,0.28081,0.26915,-0.01166,-0.015,0.03434,-0.00917,0.04351,-,False
261,4.35,0.28056,0.26918,-0.01138,-0.015,0.04145,-0.00931,0.05076,-,False
262,4.3667,0.28031,0.26934,-0.01097,-0.015,0.04888,-0.00952,0.0584,-,False
263,4.3833,0.28006,0.26956,-0.0105,-0.015,0.04936,-0.00975,0.05911,-,False
264,4.4,0.27981,0.2697,-0.01011,-0.015,0.04214,-0.00995,0.05209,-,False
265,4.4167,0.27956,0.26975,-0.00981,-0.015,0.03681,-0.01009,0.0469,-,False
266,4.4333,0.27931,0.26975,-0.00956,-0.015,0.03593,-0.01022,0.04615,-,False
267,4.45,0.27906,0.26973,-0.00933,-0.015,0.03418,-0.01033,0.04452,-,False
268,4.4667,0.27881,0.2697,-0.00911,-0.015,0.03477,-0.01045,0.04522,-,False
269,4.4833,0.27856,0.26964,-0.00892,-0.015,0.03239,-0.01054,0.04293,-,False
270,4.5,0.27831,0.26952,-0.00879,-0.015,0.02739,-0.01061,0.038,-,False
271,4.5167,0.27806,0.26939,-0.00867,-0.015,0.02932,-0.01066,0.03998,-,False
272,4.5333,0.27781,0.2693,-0.00851,-0.015,0.03213,-0.01074,0.04287,-,False
273,4.55,0.27756,0.26925,-0.00831,-0.015,0.0348,-0.01084,0.04565,-,False
274,4.5667,0.27731,0.26919,-0.00812,-0.015,0.03197,-0.01094,0.04291,-,False
275,4.5833,0.27706,0.26913,-0.00793,-0.015,0.03359,-0.01103,0.04462,-,False
276,4.6,0.27681,0.26908,-0.00773,-0.015,0.03348,-0.01113,0.04462,-,False
277,4.6167,0.27656,0.26903,-0.00753,-0.015,0.03401,-0.01123,0.04524,-,False
278,4.6333,0.27631,0.26901,-0.0073,-0.015,0.0358,-0.01135,0.04715,-,False
279,4.65,0.27606,0.26901,-0.00705,-0.015,0.03654,-0.01147,0.04802,-,False
280,4.6667,0.27581,0.26901,-0.0068,-0.015,0.0364,-0.0116,0.048,-,False
281,4.6833,0.27556,0.26901,-0.00655,-0.015,0.03573,-0.01172,0.04745,-,False
282,4.7,0.27531,0.26901,-0.0063,-0.015,0.03692,-0.01185,0.04877,-,False
283,4.7167,0.27506,0.269,-0.00606,-0.015,0.03577,-0.01197,0.04775,-,False
284,4.7333,0.27481,0.26898,-0.00583,-0.015,0.03307,-0.01209,0.04516,-,False
285,4.75,0.27456,0.2689,-0.00566,-0.015,0.03053,-0.01217,0.0427,-,False
286,4.7667,0.27431,0.26884,-0.00547,-0.015,0.03411,-0.01227,0.04638,-,False
287,4.7833,0.27406,0.2688,-0.00526,-0.015,0.03394,-0.01237,0.04632,-,False
288,4.8,0.27381,0.26875,-0.00506,-0.015,0.03244,-0.01247,0.04492,-,False
289,4.8167,0.27356,0.26873,-0.00483,-0.015,0.0361,-0.01259,0.04868,-,False
290,4.8333,0.27331,0.26872,-0.00459,-0.015,0.03612,-0.01271,0.04883,-,False
291,4.85,0.27306,0.26877,-0.00429,-0.015,0.03988,-0.01285,0.05273,-,False
292,4.8667,0.27281,0.2688,-0.00401,-0.015,0.03825,-0.01299,0.05124,-,False
293,4.8833,0.27256,0.26881,-0.00375,-0.015,0.03542,-0.01312,0.04855,-,False
294,4.9,0.27231,0.2688,-0.00351,-0.015,0.03637,-0.01325,0.04962,-,False
295,4.9167,0.27206,0.26882,-0.00324,-0.015,0.0378,-0.01338,0.05118,-,False
296,4.9333,0.27181,0.26879,-0.00302,-0.015,0.03283,-0.01349,0.04633,-,False
297,4.95,0.27156,0.2688,-0.00276,-0.015,0.03826,-0.01362,0.05188,-,False
298,4.9667,0.27131,0.2688,-0.00251,-0.015,0.03654,-0.01375,0.05029,-,False
299,4.9833,0.27106,0.26884,-0.00222,-0.015,0.0396,-0.01389,0.05349,-,False
300,5.0,0.27081,0.26889,-0.00192,-0.015,0.03944,-0.01404,0.05348,-,False
301,5.0167,0.27056,0.26895,-0.00161,-0.015,0.03955,-0.01419,0.05374,-,False
302,5.0333,0.27031,0.26899,-0.00132,-0.015,0.03827,-0.01434,0.05261,-,False
303,5.05,0.27006,0.269,-0.00106,-0.015,0.03592,-0.01447,0.05039,-,False
304,5.0667,0.27019,0.269,-0.00119,0.015,0.03643,0.01559,0.02084,+,False
305,5.0833,0.27044,0.26901,-0.00143,0.015,0.03674,0.01572,0.02102,+,False
306,5.1,0.27069,0.26892,-0.00177,0.015,0.02778,0.01588,0.01189,+,False
307,5.1167,0.27094,0.26883,-0.00211,0.015,0.03318,0.01605,0.01713,+,False
308,5.1333,0.27119,0.26889,-0.0023,0.015,0.04325,0.01615,0.0271,+,False
309,5.15,0.27144,0.26898,-0.00246,0.015,0.04108,0.01623,0.02485,+,False
310,5.1667,0.27169,0.26904,-0.00265,0.015,0.04068,0.01632,0.02436,+,False
311,5.1833,0.27194,0.26912,-0.00282,0.015,0.04024,0.01641,0.02383,+,False
312,5.2,0.27219,0.26919,-0.003,0.015,0.04138,0.0165,0.02488,+,False
313,5.2167,0.27244,0.26927,-0.00317,0.015,0.04019,0.01658,0.0236,+,False
314,5.2333,0.27269,0.2693,-0.00339,0.015,0.03696,0.01669,0.02026,+,False
315,5.25,0.27294,0.26933,-0.00361,0.015,0.03829,0.01681,0.02148,+,False
316,5.2667,0.27319,0.2693,-0.00389,0.015,0.03336,0.01694,0.01641,+,False
317,5.2833,0.27344,0.26924,-0.0042,0.015,0.03245,0.0171,0.01535,+,False
318,5.3,0.27369,0.26915,-0.00454,0.015,0.03111,0.01727,0.01385,+,False
319,5.3167,0.27394,0.26909,-0.00485,0.015,0.03381,0.01742,0.01638,+,False
320,5.3333,0.27419,0.26901,-0.00518,0.015,0.03117,0.01759,0.01357,+,False
321,5.35,0.27444,0.26891,-0.00553,0.015,0.03114,0.01776,0.01337,+,False
322,5.3667,0.27469,0.26881,-0.00588,0.015,0.03086,0.01794,0.01292,+,False
323,5.3833,0.27494,0.26872,-0.00622,0.015,0.03174,0.01811,0.01363,+,False
324,5.4,0.27519,0.26866,-0.00653,0.015,0.03397,0.01827,0.0157,+,False
325,5.4167,0.27544,0.26864,-0.0068,0.015,0.03628,0.0184,0.01788,+,False
326,5.4333,0.27569,0.26861,-0.00708,0.015,0.03226,0.01854,0.01372,+,False
327,5.45,0.27594,0.26851,-0.00743,0.015,0.03016,0.01871,0.01145,+,False
328,5.4667,0.27619,0.26845,-0.00774,0.015,0.03431,0.01887,0.01544,+,False
329,5.4833,0.27644,0.26845,-0.00799,0.015,0.03776,0.01899,0.01877,+,False
330,5.5,0.27669,0.26848,-0.00821,0.015,0.03837,0.0191,0.01927,+,False
331,5.5167,0.27694,0.26849,-0.00845,0.015,0.03636,0.01922,0.01713,+,False
332,5.5333,0.27719,0.26849,-0.0087,0.015,0.03486,0.01935,0.01551,+,False
333,5.55,0.27744,0.26844,-0.009,0.015,0.03334,0.0195,0.01384,+,False
334,5.5667,0.27769,0.26839,-0.0093,0.015,0.03356,0.01965,0.01391,+,False
335,5.5833,0.27794,0.2684,-0.00954,0.015,0.04031,0.01977,0.02054,+,False
336,5.6,0.27819,0.26853,-0.00966,0.015,0.04521,0.01983,0.02538,+,False
337,5.6167,0.27844,0.26861,-0.00983,0.015,0.03928,0.01991,0.01937,+,False
338,5.6333,0.27869,0.26868,-0.01001,0.015,0.04061,0.02,0.0206,+,False
339,5.65,0.27894,0.26875,-0.01019,0.015,0.04098,0.02009,0.02089,+,False
340,5.6667,0.27919,0.26883,-0.01036,0.015,0.04037,0.02018,0.02019,+,False
341,5.6833,0.27944,0.26888,-0.01056,0.015,0.03943,0.02028,0.01914,+,False
342,5.7,0.27969,0.26889,-0.0108,0.015,0.03418,0.0204,0.01378,+,False
343,5.7167,0.27994,0.26886,-0.01108,0.015,0.03664,0.02054,0.0161,+,False
344,5.7333,0.28019,0.26887,-0.01132,0.015,0.03575,0.02066,0.01509,+,False
345,5.75,0.28044,0.26885,-0.01159,0.015,0.03716,0.02079,0.01636,+,False
346,5.7667,0.28069,0.26883,-0.01186,0.015,0.03308,0.02093,0.01215,+,False
347,5.7833,0.28094,0.26878,-0.01216,0.015,0.03463,0.02108,0.01355,+,False
348,5.8,0.28119,0.26879,-0.0124,0.015,0.03739,0.0212,0.01619,+,False
349,5.8167,0.28144,0.26877,-0.01267,0.015,0.03459,0.02134,0.01325,+,False
350,5.8333,0.28169,0.26877,-0.01292,0.015,0.03655,0.02146,0.01509,+,False
351,5.85,0.28194,0.26877,-0.01317,0.015,0.03641,0.02159,0.01482,+,False
352,5.8667,0.28219,0.26876,-0.01343,0.015,0.03581,0.02172,0.01409,+,False
353,5.8833,0.28244,0.26876,-0.01368,0.015,0.0368,0.02184,0.01496,+,False
354,5.9,0.28269,0.26875,-0.01394,0.015,0.03738,0.02197,0.01542,+,False
355,5.9167,0.28294,0.26878,-0.01416,0.015,0.03778,0.02208,0.0157,+,False
356,5.9333,0.28319,0.26879,-0.0144,0.015,0.03722,0.0222,0.01503,+,False
357,5.95,0.28344,0.26884,-0.0146,0.015,0.03957,0.0223,0.01727,+,False
358,5.9667,0.28369,0.26888,-0.01481,0.015,0.03903,0.0224,0.01663,+,False
359,5.9833,0.28394,0.2689,-0.01504,0.015,0.03626,0.02252,0.01374,+,False
360,6.0,0.28419,0.26884,-0.01535,0.015,0.031,0.02267,0.00833,+,False
361,6.0167,0.28444,0.26877,-0.01567,0.015,0.03178,0.02284,0.00894,+,False
362,6.0333,0.28469,0.26872,-0.01597,0.015,0.03418,0.02298,0.0112,+,False
363,6.05,0.28494,0.26869,-0.01625,0.015,0.03454,0.02312,0.01142,+,False
364,6.0667,0.28519,0.26869,-0.0165,0.015,0.03625,0.02325,0.013,+,False
365,6.0833,0.28544,0.26869,-0.01675,0.015,0.03749,0.02338,0.01412,+,False
366,6.1,0.28569,0.26868,-0.01701,0.015,0.03409,0.02351,0.01059,+,False
367,6.1167,0.28594,0.26868,-0.01726,0.015,0.03791,0.02363,0.01428,+,False
368,6.1333,0.28619,0.26874,-0.01745,0.015,0.04212,0.02372,0.01839,+,False
369,6.15,0.28644,0.2688,-0.01764,0.015,0.03805,0.02382,0.01423,+,False
370,6.1667,0.28669,0.26886,-0.01783,0.015,0.04048,0.02392,0.01656,+,False
371,6.1833,0.28694,0.26896,-0.01798,0.015,0.04412,0.02399,0.02013,+,False
372,6.2,0.28719,0.26903,-0.01816,0.015,0.03835,0.02408,0.01427,+,False
373,6.2167,0.28744,0.2691,-0.01834,0.015,0.04108,0.02417,0.01691,+,False
374,6.2333,0.28769,0.26915,-0.01854,0.015,0.03868,0.02427,0.01441,+,False
375,6.25,0.28794,0.26916,-0.01878,0.015,0.0356,0.02439,0.01121,+,False
376,6.2667,0.28819,0.26915,-0.01904,0.015,0.03662,0.02452,0.0121,+,False
377,6.2833,0.28844,0.26913,-0.01931,0.015,0.0348,0.02466,0.01014,+,False
378,6.3,0.28869,0.26909,-0.0196,0.015,0.03399,0.0248,0.00919,+,False
379,6.3167,0.28894,0.26905,-0.01989,0.015,0.03427,0.02494,0.00932,+,False
380,6.3333,0.28919,0.26899,-0.0202,0.015,0.03226,0.0251,0.00716,+,False
381,6.35,0.28944,0.26897,-0.02047,0.015,0.03626,0.02524,0.01102,+,False
382,6.3667,0.28969,0.26899,-0.0207,0.015,0.03939,0.02535,0.01404,+,False
383,6.3833,0.28994,0.26907,-0.02087,0.015,0.04044,0.02544,0.015,+,False
384,6.4,0.29019,0.26907,-0.02112,0.015,0.03526,0.02556,0.0097,+,False
385,6.4167,0.29044,0.26908,-0.02136,0.015,0.03677,0.02568,0.01109,+,False
386,6.4333,0.29069,0.2691,-0.02159,0.015,0.03764,0.02579,0.01184,+,False
387,6.45,0.29094,0.26912,-0.02182,0.015,0.03821,0.02591,0.0123,+,False
388,6.4667,0.29119,0.26903,-0.02216,0.015,0.0249,0.02608,-0.00118,+,False
389,6.4833,0.29144,0.26892,-0.02252,0.015,0.03371,0.02626,0.00745,+,False
390,6.5,0.29169,0.26892,-0.02277,0.015,0.03832,0.02639,0.01193,+,False
391,6.5167,0.29194,0.26903,-0.02291,0.015,0.047,0.02645,0.02054,+,False
392,6.5333,0.29219,0.26922,-0.02297,0.015,0.04778,0.02648,0.0213,+,False
393,6.55,0.29244,0.26939,-0.02305,0.015,0.04602,0.02652,0.0195,+,False
394,6.5667,0.29269,0.26956,-0.02313,0.015,0.04584,0.02656,0.01928,+,False
395,6.5833,0.29294,0.26965,-0.02329,0.015,0.03918,0.02665,0.01253,+,False
396,6.6,0.29319,0.2697,-0.02349,0.015,0.03817,0.02675,0.01142,+,False
397,6.6167,0.29344,0.26975,-0.02369,0.015,0.04032,0.02684,0.01348,+,False
398,6.6333,0.29369,0.26974,-0.02395,0.015,0.03259,0.02698,0.00562,+,False
399,6.65,0.29394,0.26968,-0.02426,0.015,0.03312,0.02713,0.00599,+,False
400,6.6667,0.29419,0.26957,-0.02462,0.015,0.02607,0.02731,-0.00123,+,False
401,6.6833,0.29444,0.26937,-0.02508,0.015,0.02435,0.02754,-0.00319,+,False
402,6.7,0.29469,0.26916,-0.02553,0.015,0.02519,0.02776,-0.00257,+,False
403,6.7167,0.29494,0.2689,-0.02604,0.015,0.01877,0.02802,-0.00925,+,False
404,6.7333,0.29519,0.26859,-0.0266,0.015,0.01882,0.0283,-0.00947,+,False
405,6.75,0.29544,0.26832,-0.02712,0.015,0.02127,0.02856,-0.00729,+,False
406,6.7667,0.29569,0.26812,-0.02757,0.015,0.02859,0.02879,-0.0002,+,False
407,6.7833,0.29594,0.26805,-0.02789,0.015,0.03447,0.02895,0.00553,+,False
408,6.8,0.29619,0.26803,-0.02816,0.015,0.03658,0.02908,0.0075,+,False
409,6.8167,0.29644,0.26806,-0.02838,0.015,0.03932,0.02919,0.01013,+,False
410,6.8333,0.29669,0.26816,-0.02853,0.015,0.04299,0.02927,0.01373,+,False
411,6.85,0.29694,0.26831,-0.02863,0.015,0.04788,0.02932,0.01857,+,False
412,6.8667,0.29719,0.26854,-0.02865,0.015,0.05173,0.02932,0.02241,+,False
413,6.8833,0.29744,0.26876,-0.02868,0.015,0.04835,0.02934,0.01901,+,False
414,6.9,0.29769,0.26892,-0.02877,0.015,0.04472,0.02938,0.01534,+,False
415,6.9167,0.29794,0.26901,-0.02894,0.015,0.03882,0.02947,0.00935,+,False
416,6.9333,0.29819,0.26903,-0.02916,0.015,0.03746,0.02958,0.00788,+,False
417,6.95,0.29844,0.26901,-0.02943,0.015,0.03272,0.02972,0.003,+,False
418,6.9667,0.29869,0.26895,-0.02974,0.015,0.03335,0.02987,0.00348,+,False
419,6.9833,0.29894,0.26893,-0.03001,0.015,0.03581,0.03,0.00581,+,False
420,7.0,0.29919,0.26887,-0.03032,0.015,0.03106,0.03016,0.0009,+,False
421,7.0167,0.29944,0.26877,-0.03067,0.015,0.02948,0.03034,-0.00085,+,False
422,7.0333,0.29969,0.26876,-0.03093,0.015,0.03951,0.03047,0.00904,+,False
423,7.05,0.29994,0.26878,-0.03116,0.015,0.03726,0.03058,0.00668,+,False
424,7.0667,0.30019,0.26887,-0.03132,0.015,0.04353,0.03066,0.01286,+,False
425,7.0833,0.30044,0.26903,-0.03141,0.015,0.04818,0.03071,0.01747,+,False
426,7.1,0.30069,0.26919,-0.0315,0.015,0.04345,0.03075,0.01269,+,False
427,7.1167,0.30094,0.26922,-0.03172,0.015,0.03653,0.03086,0.00567,+,False
428,7.1333,0.30119,0.26922,-0.03197,0.015,0.0355,0.03098,0.00452,+,False
429,7.15,0.30144,0.26924,-0.0322,0.015,0.03839,0.0311,0.00729,+,False
430,7.1667,0.30169,0.26933,-0.03236,0.015,0.04298,0.03118,0.0118,+,False
431,7.1833,0.30194,0.26938,-0.03256,0.015,0.03683,0.03128,0.00554,+,False
432,7.2,0.30219,0.26934,-0.03285,0.015,0.03275,0.03142,0.00132,+,False
433,7.2167,0.30244,0.26924,-0.0332,0.015,0.0285,0.0316,-0.0031,+,False
434,7.2333,0.30269,0.26915,-0.03354,0.015,0.03225,0.03177,0.00048,+,False
435,7.25,0.30294,0.26906,-0.03388,0.015,0.03078,0.03194,-0.00116,+,False
436,7.2667,0.30319,0.26895,-0.03424,0.015,0.02883,0.03212,-0.00329,+,False
437,7.2833,0.30344,0.26883,-0.03461,0.015,0.02998,0.03231,-0.00232,+,False
438,7.3,0.30369,0.26878,-0.03491,0.015,0.03603,0.03245,0.00358,+,False
439,7.3167,0.30394,0.2688,-0.03514,0.015,0.03848,0.03257,0.00591,+,False
440,7.3333,0.30419,0.26885,-0.03534,0.015,0.03925,0.03267,0.00658,+,False
441,7.35,0.30444,0.26884,-0.0356,0.015,0.03462,0.0328,0.00182,+,False
442,7.3667,0.30469,0.26891,-0.03578,0.015,0.04234,0.03289,0.00945,+,False
443,7.3833,0.30494,0.26897,-0.03597,0.015,0.03989,0.03298,0.00691,+,False
444,7.4,0.30519,0.26909,-0.0361,0.015,0.04392,0.03305,0.01087,+,False
445,7.4167,0.30544,0.26913,-0.03631,0.015,0.03646,0.03315,0.00331,+,False
446,7.4333,0.30569,0.26919,-0.0365,0.015,0.04059,0.03325,0.00734,+,False
447,7.45,0.30594,0.26921,-0.03673,0.015,0.03565,0.03337,0.00228,+,False
448,7.4667,0.30619,0.26917,-0.03702,0.015,0.03239,0.03351,-0.00112,+,False
449,7.4833,0.30644,0.26907,-0.03737,0.015,0.02988,0.03368,-0.0038,+,False
450,7.5,0.30669,0.26897,-0.03772,0.015,0.02969,0.03386,-0.00418,+,False
451,7.5167,0.30694,0.26881,-0.03813,0.015,0.02569,0.03407,-0.00838,+,False
452,7.5333,0.30719,0.26868,-0.03851,0.015,0.03047,0.03425,-0.00379,+,False
453,7.55,0.30744,0.2686,-0.03884,0.015,0.03268,0.03442,-0.00174,+,False
454,7.5667,0.30769,0.26856,-0.03913,0.015,0.03559,0.03456,0.00102,+,False
455,7.5833,0.30794,0.26851,-0.03943,0.015,0.03326,0.03472,-0.00146,+,False
456,7.6,0.30819,0.26842,-0.03977,0.015,0.03007,0.03489,-0.00481,+,False
457,7.6167,0.30844,0.26834,-0.0401,0.015,0.0337,0.03505,-0.00136,+,False
458,7.6333,0.30869,0.26836,-0.04033,0.015,0.03934,0.03517,0.00417,+,False
459,7.65,0.30894,0.26842,-0.04052,0.015,0.04186,0.03526,0.0066,+,False
460,7.6667,0.30919,0.26854,-0.04065,0.015,0.04439,0.03533,0.00907,+,False
461,7.6833,0.30944,0.26863,-0.04081,0.015,0.04025,0.03541,0.00485,+,False
462,7.7,0.30969,0.26869,-0.041,0.015,0.03941,0.0355,0.00391,+,False
463,7.7167,0.30994,0.26871,-0.04123,0.015,0.03674,0.03561,0.00112,+,False
464,7.7333,0.31019,0.26868,-0.04151,0.015,0.03226,0.03576,-0.00349,+,False
465,7.75,0.31044,0.26867,-0.04177,0.015,0.03701,0.03588,0.00113,+,False
466,7.7667,0.31069,0.26868,-0.04201,0.015,0.03597,0.036,-3e-05,+,False
467,7.7833,0.31094,0.26871,-0.04223,0.015,0.04068,0.03611,0.00457,+,False
468,7.8,0.31119,0.26872,-0.04247,0.015,0.03305,0.03624,-0.00319,+,False
469,7.8167,0.31144,0.26867,-0.04277,0.015,0.03442,0.03639,-0.00196,+,False
470,7.8333,0.31169,0.26874,-0.04295,0.015,0.04334,0.03648,0.00686,+,False
471,7.85,0.31194,0.26881,-0.04313,0.015,0.04067,0.03656,0.0041,+,False
472,7.8667,0.31219,0.26888,-0.04331,0.015,0.03888,0.03665,0.00223,+,False
473,7.8833,0.31244,0.26893,-0.04351,0.015,0.04005,0.03675,0.0033,+,False
474,7.9,0.31269,0.26903,-0.04366,0.015,0.04372,0.03683,0.00689,+,False
475,7.9167,0.31294,0.2691,-0.04384,0.015,0.03891,0.03692,0.00199,+,False
476,7.9333,0.31319,0.26903,-0.04416,0.015,0.02804,0.03708,-0.00904,+,False
477,7.95,0.31344,0.26895,-0.04449,0.015,0.03371,0.03725,-0.00354,+,False
478,7.9667,0.31369,0.26895,-0.04474,0.015,0.03946,0.03737,0.00208,+,False
479,7.9833,0.31394,0.26897,-0.04497,0.015,0.03683,0.03749,-0.00066,+,False
480,8.0,0.31419,0.26894,-0.04525,0.015,0.03472,0.03762,-0.0029,+,False
481,8.0167,0.31444,0.2689,-0.04554,0.015,0.03313,0.03777,-0.00464,+,False
482,8.0333,0.31469,0.26883,-0.04586,0.015,0.03139,0.03793,-0.00654,+,False
483,8.05,0.31494,0.26878,-0.04616,0.015,0.03477,0.03808,-0.00331,+,False
484,8.0667,0.31519,0.26868,-0.04651,0.015,0.02833,0.03825,-0.00992,+,False
485,8.0833,0.31544,0.26862,-0.04682,0.015,0.03578,0.03841,-0.00263,+,False
486,8.1,0.31569,0.26861,-0.04708,0.015,0.03649,0.03854,-0.00205,+,False
487,8.1167,0.31594,0.26866,-0.04728,0.015,0.04169,0.03864,0.00305,+,False
488,8.1333,0.31619,0.26877,-0.04742,0.015,0.04309,0.03871,0.00437,+,False
489,8.15,0.31644,0.26885,-0.04759,0.015,0.04045,0.03879,0.00165,+,False
490,8.1667,0.31669,0.26897,-0.04772,0.015,0.04427,0.03886,0.00541,+,False
491,8.1833,0.31694,0.26907,-0.04787,0.015,0.04061,0.03894,0.00168,+,False
492,8.2,0.31719,0.26911,-0.04808,0.015,0.03782,0.03904,-0.00122,+,False
493,8.2167,0.31744,0.26916,-0.04828,0.015,0.03979,0.03914,0.00065,+,False
494,8.2333,0.31769,0.2692,-0.04849,0.015,0.03635,0.03924,-0.00289,+,False
495,8.25,0.31794,0.26921,-0.04874,0.015,0.0364,0.03937,-0.00296,+,False
496,8.2667,0.31819,0.26915,-0.04904,0.015,0.03063,0.03952,-0.00889,+,False
497,8.2833,0.31844,0.26905,-0.04939,0.015,0.02932,0.0397,-0.01037,+,False
498,8.3,0.31869,0.269,-0.04969,0.015,0.03679,0.03985,-0.00306,+,False
499,8.3167,0.31894,0.26906,-0.04988,0.015,0.0419,0.03994,0.00195,+,False
500,8.3333,0.31919,0.26915,-0.05004,0.015,0.0424,0.04002,0.00238,+,False
501,8.35,0.31944,0.26919,-0.05025,0.015,0.03757,0.04012,-0.00255,+,False
502,8.3667,0.31969,0.26923,-0.05046,0.015,0.03869,0.04023,-0.00153,+,False
503,8.3833,0.31994,0.26921,-0.05073,0.015,0.03443,0.04037,-0.00594,+,False
504,8.4,0.32019,0.26918,-0.05101,0.015,0.0346,0.04051,-0.0059,+,False
505,8.4167,0.32044,0.26915,-0.05129,0.015,0.03516,0.04065,-0.00548,+,False
506,8.4333,0.32069,0.26914,-0.05155,0.015,0.03612,0.04077,-0.00466,+,False
507,8.45,0.32094,0.26911,-0.05183,0.015,0.03292,0.04092,-0.008,+,False
508,8.4667,0.32119,0.26902,-0.05217,0.015,0.03082,0.04109,-0.01027,+,False
509,8.4833,0.32144,0.26894,-0.0525,0.015,0.03196,0.04125,-0.0093,+,False
510,8.5,0.32169,0.2689,-0.05279,0.015,0.03642,0.04139,-0.00497,+,False
511,8.5167,0.32194,0.26889,-0.05305,0.015,0.03532,0.04153,-0.00621,+,False
512,8.5333,0.32219,0.26888,-0.05331,0.015,0.03537,0.04166,-0.00629,+,False
513,8.55,0.32244,0.26888,-0.05356,0.015,0.03624,0.04178,-0.00554,+,False
514,8.5667,0.32269,0.26887,-0.05382,0.015,0.03567,0.04191,-0.00624,+,False
515,8.5833,0.32294,0.26888,-0.05406,0.015,0.03706,0.04203,-0.00497,+,False
516,8.6,0.32319,0.26889,-0.0543,0.015,0.03576,0.04215,-0.00639,+,False
517,8.6167,0.32344,0.26893,-0.05451,0.015,0.03945,0.04226,-0.00281,+,False
518,8.6333,0.32369,0.26888,-0.05481,0.015,0.03085,0.04241,-0.01155,+,False
519,8.65,0.32394,0.2689,-0.05504,0.015,0.04072,0.04252,-0.0018,+,False
520,8.6667,0.32419,0.26898,-0.05521,0.015,0.04211,0.04261,-0.0005,+,False
521,8.6833,0.32444,0.26908,-0.05536,0.015,0.0416,0.04268,-0.00108,+,False
522,8.7,0.32469,0.2691,-0.05559,0.015,0.03649,0.04279,-0.0063,+,False
523,8.7167,0.32494,0.26913,-0.05581,0.015,0.03838,0.0429,-0.00452,+,False
524,8.7333,0.32519,0.26917,-0.05602,0.015,0.03786,0.04301,-0.00515,+,False
525,8.75,0.32544,0.26916,-0.05628,0.015,0.03487,0.04314,-0.00827,+,False
526,8.7667,0.32569,0.26912,-0.05657,0.015,0.03278,0.04329,-0.01051,+,False
527,8.7833,0.32594,0.26908,-0.05686,0.015,0.03536,0.04343,-0.00807,+,False
528,8.8,0.32619,0.26904,-0.05715,0.015,0.03331,0.04358,-0.01027,+,False
529,8.8167,0.32644,0.269,-0.05744,0.015,0.03479,0.04372,-0.00893,+,False
530,8.8333,0.32669,0.26899,-0.0577,0.015,0.03671,0.04385,-0.00714,+,False
531,8.85,0.32694,0.26902,-0.05792,0.015,0.03915,0.04396,-0.00481,+,False
532,8.8667,0.32719,0.26903,-0.05816,0.015,0.03576,0.04408,-0.00832,+,False
533,8.8833,0.32744,0.26902,-0.05842,0.015,0.03494,0.04421,-0.00927,+,False
534,8.9,0.32769,0.26892,-0.05877,0.015,0.0278,0.04439,-0.01659,+,False
535,8.9167,0.32794,0.26884,-0.0591,0.015,0.03391,0.04455,-0.01064,+,False
536,8.9333,0.32819,0.26884,-0.05935,0.015,0.03917,0.04467,-0.0055,+,False
537,8.95,0.32844,0.26884,-0.0596,0.015,0.03451,0.0448,-0.01029,+,False
538,8.9667,0.32869,0.26881,-0.05988,0.015,0.03419,0.04494,-0.01076,+,False
539,8.9833,0.32894,0.26876,-0.06018,0.015,0.03386,0.04509,-0.01123,+,False
540,9.0,0.32919,0.26866,-0.06053,0.015,0.02836,0.04527,-0.01691,+,False
541,9.0167,0.32944,0.2686,-0.06084,0.015,0.03624,0.04542,-0.00918,+,False
542,9.0333,0.32969,0.26867,-0.06102,0.015,0.04402,0.04551,-0.00149,+,False
543,9.05,0.32994,0.26879,-0.06115,0.015,0.04302,0.04558,-0.00256,+,False
544,9.0667,0.33019,0.26885,-0.06134,0.015,0.03844,0.04567,-0.00724,+,False
545,9.0833,0.33044,0.2689,-0.06154,0.015,0.03906,0.04577,-0.0067,+,False
546,9.1,0.33069,0.26894,-0.06175,0.015,0.04067,0.04587,-0.0052,+,False
547,9.1167,0.33094,0.26895,-0.06199,0.015,0.0344,0.04599,-0.01159,+,False
548,9.1333,0.33119,0.26892,-0.06227,0.015,0.03551,0.04613,-0.01062,+,False
549,9.15,0.33144,0.26893,-0.06251,0.015,0.03773,0.04626,-0.00853,+,False
550,9.1667,0.33169,0.26894,-0.06275,0.015,0.03766,0.04637,-0.00871,+,False
551,9.1833,0.33194,0.26892,-0.06302,0.015,0.03528,0.04651,-0.01123,+,False
552,9.2,0.33219,0.2689,-0.06329,0.015,0.03555,0.04664,-0.01109,+,False
553,9.2167,0.33244,0.26888,-0.06356,0.015,0.0366,0.04678,-0.01018,+,False
554,9.2333,0.33269,0.26892,-0.06377,0.015,0.039,0.04689,-0.00788,+,False
555,9.25,0.33294,0.26896,-0.06398,0.015,0.03955,0.04699,-0.00744,+,False
556,9.2667,0.33319,0.269,-0.06419,0.015,0.03746,0.0471,-0.00964,+,False
557,9.2833,0.33344,0.26899,-0.06445,0.015,0.03617,0.04722,-0.01106,+,False
558,9.3,0.33369,0.26897,-0.06472,0.015,0.03362,0.04736,-0.01374,+,False
559,9.3167,0.33394,0.269,-0.06494,0.015,0.03993,0.04747,-0.00754,+,False
560,9.3333,0.33419,0.26914,-0.06506,0.015,0.04817,0.04753,0.00064,+,False
561,9.35,0.33444,0.26937,-0.06507,0.015,0.05257,0.04753,0.00504,+,False
562,9.3667,0.33469,0.26955,-0.06514,0.015,0.04269,0.04757,-0.00488,+,False
563,9.3833,0.33494,0.26957,-0.06537,0.015,0.03588,0.04768,-0.0118,+,False
564,9.4,0.33519,0.2696,-0.06559,0.015,0.03715,0.0478,-0.01064,+,False
565,9.4167,0.33544,0.26961,-0.06583,0.015,0.0381,0.04792,-0.00982,+,False
566,9.4333,0.33569,0.26958,-0.06611,0.015,0.03343,0.04806,-0.01463,+,False
567,9.45,0.33594,0.26945,-0.06649,0.015,0.02456,0.04825,-0.02369,+,False
568,9.4667,0.33619,0.26924,-0.06695,0.015,0.0243,0.04848,-0.02417,+,False
569,9.4833,0.33644,0.26901,-0.06743,0.015,0.02191,0.04872,-0.02681,+,False
570,9.5,0.33669,0.26878,-0.06791,0.015,0.02388,0.04896,-0.02507,+,False
571,9.5167,0.33694,0.26861,-0.06833,0.015,0.02901,0.04917,-0.02016,+,False
572,9.5333,0.33719,0.2686,-0.06859,0.015,0.04179,0.04929,-0.0075,+,False
573,9.55,0.33744,0.26878,-0.06866,0.015,0.0483,0.04933,-0.00103,+,False
574,9.5667,0.33769,0.26871,-0.06898,0.015,0.02459,0.04949,-0.0249,+,False
575,9.5833,0.33794,0.26853,-0.06941,0.015,0.02548,0.0497,-0.02422,+,False
576,9.6,0.33819,0.26836,-0.06983,0.015,0.02757,0.04991,-0.02234,+,False
577,9.6167,0.33844,0.26825,-0.07019,0.015,0.03094,0.05,-0.01906,+,False
578,9.6333,0.33869,0.26815,-0.07054,0.015,0.03115,0.05,-0.01885,+,False
579,9.65,0.33894,0.26802,-0.07093,0.015,0.02766,0.05,-0.02234,+,False
580,9.6667,0.33919,0.26789,-0.0713,0.015,0.02973,0.05,-0.02027,+,False
581,9.6833,0.33944,0.26784,-0.0716,0.015,0.0371,0.05,-0.0129,+,False
582,9.7,0.33969,0.26788,-0.07181,0.015,0.03985,0.05,-0.01015,+,False
583,9.7167,0.33994,0.26799,-0.07195,0.015,0.04539,0.05,-0.00461,+,False
584,9.7333,0.34019,0.2681,-0.07209,0.015,0.04096,0.05,-0.00904,+,False
585,9.75,0.34044,0.26821,-0.07223,0.015,0.04361,0.05,-0.00639,+,False
586,9.7667,0.34069,0.26835,-0.07234,0.015,0.04604,0.05,-0.00396,+,False
587,9.7833,0.34094,0.26852,-0.07242,0.015,0.04588,0.05,-0.00412,+,False
588,9.8,0.34119,0.26863,-0.07256,0.015,0.04157,0.05,-0.00843,+,False
589,9.8167,0.34144,0.26869,-0.07275,0.015,0.0374,0.05,-0.0126,+,False
590,9.8333,0.34169,0.2687,-0.07299,0.015,0.03702,0.05,-0.01298,+,False
591,9.85,0.34194,0.26874,-0.0732,0.015,0.03874,0.05,-0.01126,+,False
592,9.8667,0.34219,0.26875,-0.07344,0.015,0.03576,0.05,-0.01424,+,False
593,9.8833,0.34244,0.26873,-0.07371,0.015,0.03524,0.05,-0.01476,+,False
594,9.9,0.34269,0.26872,-0.07397,0.015,0.0366,0.05,-0.0134,+,False
595,9.9167,0.34294,0.26875,-0.07419,0.015,0.03846,0.05,-0.01154,+,False
596,9.9333,0.34319,0.26877,-0.07442,0.015,0.03794,0.05,-0.01206,+,False
597,9.95,0.34344,0.26892,-0.07452,0.015,0.04907,0.05,-0.00093,+,False
598,9.9667,0.34369,0.26911,-0.07458,0.015,0.04618,0.05,-0.00382,+,False
599,9.9833,0.34394,0.26928,-0.07466,0.015,0.04692,0.05,-0.00308,+,False
600,10.0,0.34419,0.26943,-0.07476,0.015,0.04353,0.05,-0.00647,+,False
601,10.0167,0.34444,0.26953,-0.07491,0.015,0.04191,0.05,-0.00809,+,False
602,10.0333,0.34469,0.26962,-0.07507,0.015,0.03897,0.05,-0.01103,+,False
603,10.05,0.34494,0.26963,-0.07531,0.015,0.03634,0.05,-0.01366,+,False
604,10.0667,0.34519,0.26964,-0.07555,0.015,0.03635,0.05,-0.01365,+,False
605,10.0833,0.34544,0.2696,-0.07584,0.015,0.03356,0.05,-0.01644,+,False
606,10.1,0.34569,0.26955,-0.07614,0.015,0.0329,0.05,-0.0171,+,False
607,10.1167,0.34594,0.26941,-0.07653,0.015,0.02545,0.05,-0.02455,+,False
608,10.1333,0.34619,0.26928,-0.07691,0.015,0.03077,0.05,-0.01923,+,False
609,10.15,0.34644,0.26919,-0.07725,0.015,0.03194,0.05,-0.01806,+,False
610,10.1667,0.34669,0.26905,-0.07764,0.015,0.02563,0.05,-0.02437,+,False
611,10.1833,0.34694,0.26893,-0.07801,0.015,0.03087,0.05,-0.01913,+,False
612,10.2,0.34719,0.26885,-0.07834,0.015,0.0328,0.05,-0.0172,+,False
613,10.2167,0.34744,0.26881,-0.07863,0.015,0.03471,0.05,-0.01529,+,False
614,10.2333,0.34769,0.26876,-0.07893,0.015,0.03338,0.05,-0.01662,+,False
615,10.25,0.34794,0.26874,-0.07921,0.015,0.03556,0.05,-0.01444,+,False
616,10.2667,0.34819,0.26874,-0.07945,0.015,0.03784,0.05,-0.01216,+,False
617,10.2833,0.34844,0.2688,-0.07964,0.015,0.04032,0.05,-0.00968,+,False
618,10.3,0.34869,0.26881,-0.07988,0.015,0.03528,0.05,-0.01472,+,False
619,10.3167,0.34894,0.26883,-0.08011,0.015,0.03794,0.05,-0.01206,+,False
620,10.3333,0.34919,0.26887,-0.08032,0.015,0.03938,0.05,-0.01062,+,False
621,10.35,0.34944,0.26891,-0.08053,0.015,0.03856,0.05,-0.01144,+,False
622,10.3667,0.34969,0.26893,-0.08076,0.015,0.03637,0.05,-0.01363,+,False
623,10.3833,0.34994,0.26898,-0.08096,0.015,0.04082,0.05,-0.00918,+,False
624,10.4,0.34981,0.2691,-0.08071,-0.015,0.04381,0.02536,0.01845,-,False
625,10.4167,0.34956,0.2692,-0.08036,-0.015,0.04151,0.02518,0.01633,-,False
626,10.4333,0.34931,0.26924,-0.08007,-0.015,0.03688,0.02504,0.01184,-,False
627,10.45,0.34906,0.26922,-0.07984,-0.015,0.03421,0.02492,0.00929,-,False
628,10.4667,0.34881,0.26919,-0.07962,-0.015,0.03459,0.02481,0.00978,-,False
629,10.4833,0.34856,0.2692,-0.07936,-0.015,0.0383,0.02468,0.01362,-,False
630,10.5,0.34831,0.26916,-0.07915,-0.015,0.03087,0.02457,0.00629,-,False
631,10.5167,0.34806,0.2691,-0.07896,-0.015,0.03365,0.02448,0.00917,-,False
632,10.5333,0.34781,0.26907,-0.07874,-0.015,0.03535,0.02437,0.01098,-,False
633,10.55,0.34756,0.26904,-0.07852,-0.015,0.03455,0.02426,0.01029,-,False
634,10.5667,0.34731,0.26902,-0.07829,-0.015,0.03557,0.02414,0.01143,-,False
635,10.5833,0.34706,0.26903,-0.07803,-0.015,0.03762,0.02401,0.01361,-,False
636,10.6,0.34681,0.26902,-0.07779,-0.015,0.03459,0.02389,0.01069,-,False
637,10.6167,0.34656,0.26897,-0.07759,-0.015,0.03252,0.02379,0.00873,-,False
638,10.6333,0.34631,0.26887,-0.07744,-0.015,0.02921,0.02372,0.00549,-,False
639,10.65,0.34606,0.26876,-0.0773,-0.015,0.02942,0.02365,0.00577,-,False
640,10.6667,0.34581,0.26867,-0.07714,-0.015,0.03332,0.02357,0.00975,-,False
641,10.6833,0.34556,0.26866,-0.0769,-0.015,0.03724,0.02345,0.01379,-,False
642,10.7,0.34531,0.26865,-0.07666,-0.015,0.03686,0.02333,0.01353,-,False
643,10.7167,0.34506,0.26864,-0.07642,-0.015,0.03443,0.02321,0.01122,-,False
644,10.7333,0.34481,0.26859,-0.07622,-0.015,0.03284,0.02311,0.00973,-,False
645,10.75,0.34456,0.26859,-0.07597,-0.015,0.03863,0.02299,0.01564,-,False
646,10.7667,0.34431,0.26871,-0.0756,-0.015,0.04694,0.0228,0.02414,-,False
647,10.7833,0.34406,0.26888,-0.07518,-0.015,0.04715,0.02259,0.02456,-,False
648,10.8,0.34381,0.26911,-0.0747,-0.015,0.04993,0.02235,0.02758,-,False
649,10.8167,0.34356,0.26927,-0.07429,-0.015,0.04567,0.02215,0.02353,-,False
650,10.8333,0.34331,0.26939,-0.07392,-0.015,0.04016,0.02196,0.01821,-,False
651,10.85,0.34306,0.26947,-0.07359,-0.015,0.04396,0.02179,0.02217,-,False
652,10.8667,0.34281,0.26963,-0.07318,-0.015,0.0454,0.02159,0.02381,-,False
653,10.8833,0.34256,0.26975,-0.07281,-0.015,0.04264,0.02141,0.02123,-,False
654,10.9,0.34231,0.26977,-0.07254,-0.015,0.03438,0.02127,0.01311,-,False
655,10.9167,0.34206,0.26969,-0.07237,-0.015,0.02987,0.02118,0.00869,-,False
656,10.9333,0.34181,0.26959,-0.07222,-0.015,0.03018,0.02111,0.00907,-,False
657,10.95,0.34156,0.26943,-0.07213,-0.015,0.02576,0.02106,0.0047,-,False
658,10.9667,0.34131,0.26926,-0.07205,-0.015,0.0253,0.02103,0.00427,-,False
659,10.9833,0.34106,0.26912,-0.07194,-0.015,0.03047,0.02097,0.0095,-,False
660,11.0,0.34081,0.26905,-0.07176,-0.015,0.03381,0.02088,0.01293,-,False
661,11.0167,0.34056,0.26903,-0.07153,-0.015,0.03645,0.02077,0.01568,-,False
662,11.0333,0.34031,0.26898,-0.07133,-0.015,0.03163,0.02067,0.01096,-,False
663,11.05,0.34006,0.26895,-0.07111,-0.015,0.03721,0.02055,0.01665,-,False
664,11.0667,0.33981,0.26903,-0.07078,-0.015,0.04296,0.02039,0.02257,-,False
665,11.0833,0.33956,0.2691,-0.07046,-0.015,0.04032,0.02023,0.0201,-,False
666,11.1,0.33931,0.26922,-0.07009,-0.015,0.04376,0.02005,0.02372,-,False
667,11.1167,0.33906,0.26933,-0.06973,-0.015,0.04253,0.01986,0.02267,-,False
668,11.1333,0.33881,0.26942,-0.06939,-0.015,0.04186,0.01969,0.02217,-,False
669,11.15,0.33856,0.2695,-0.06906,-0.015,0.04036,0.01953,0.02083,-,False
670,11.1667,0.33831,0.26951,-0.0688,-0.015,0.03567,0.0194,0.01627,-,False
671,11.1833,0.33806,0.26954,-0.06852,-0.015,0.03817,0.01926,0.01891,-,False
672,11.2,0.33781,0.26955,-0.06826,-0.015,0.03697,0.01913,0.01784,-,False
673,11.2167,0.33756,0.2696,-0.06796,-0.015,0.03855,0.01898,0.01957,-,False
674,11.2333,0.33731,0.26963,-0.06768,-0.015,0.03763,0.01884,0.01879,-,False
675,11.25,0.33706,0.2696,-0.06746,-0.015,0.03281,0.01873,0.01408,-,False
676,11.2667,0.33681,0.26952,-0.06729,-0.015,0.0307,0.01864,0.01206,-,False
677,11.2833,0.33656,0.26944,-0.06712,-0.015,0.03197,0.01856,0.01341,-,False
678,11.3,0.33631,0.26936,-0.06695,-0.015,0.03125,0.01848,0.01277,-,False
679,11.3167,0.33606,0.26926,-0.0668,-0.015,0.02922,0.0184,0.01082,-,False
680,11.3333,0.33581,0.26909,-0.06672,-0.015,0.02576,0.01836,0.0074,-,False
681,11.35,0.33556,0.26896,-0.0666,-0.015,0.03077,0.0183,0.01247,-,False
682,11.3667,0.33531,0.26887,-0.06644,-0.015,0.03086,0.01822,0.01264,-,False
683,11.3833,0.33506,0.26876,-0.0663,-0.015,0.03009,0.01815,0.01194,-,False
684,11.4,0.33481,0.26868,-0.06613,-0.015,0.03298,0.01806,0.01492,-,False
685,11.4167,0.33456,0.26858,-0.06598,-0.015,0.02972,0.01799,0.01173,-,False
686,11.4333,0.33431,0.26851,-0.0658,-0.015,0.03364,0.0179,0.01573,-,False
687,11.45,0.33406,0.26858,-0.06548,-0.015,0.04522,0.01774,0.02747,-,False
688,11.4667,0.33381,0.26874,-0.06507,-0.015,0.04694,0.01753,0.0294,-,False
689,11.4833,0.33356,0.2689,-0.06466,-0.015,0.04581,0.01733,0.02849,-,False
690,11.5,0.33331,0.26909,-0.06422,-0.015,0.0478,0.01711,0.03069,-,False
691,11.5167,0.33306,0.26929,-0.06377,-0.015,0.04946,0.01689,0.03257,-,False
692,11.5333,0.33281,0.26943,-0.06338,-0.015,0.04136,0.01669,0.02467,-,False
693,11.55,0.33256,0.26951,-0.06305,-0.015,0.04118,0.01652,0.02466,-,False
694,11.5667,0.33231,0.26961,-0.0627,-0.015,0.04368,0.01635,0.02733,-,False
695,11.5833,0.33206,0.26972,-0.06234,-0.015,0.04122,0.01617,0.02505,-,False
696,11.6,0.33181,0.26974,-0.06207,-0.015,0.03569,0.01604,0.01965,-,False
697,11.6167,0.33156,0.26972,-0.06184,-0.015,0.03567,0.01592,0.01975,-,False
698,11.6333,0.33131,0.26965,-0.06166,-0.015,0.02975,0.01583,0.01392,-,False
699,11.65,0.33106,0.26955,-0.06151,-0.015,0.03088,0.01576,0.01513,-,False
700,11.6667,0.33081,0.26948,-0.06133,-0.015,0.0339,0.01566,0.01824,-,False
701,11.6833,0.33056,0.26943,-0.06113,-0.015,0.03312,0.01557,0.01755,-,False
702,11.7,0.33031,0.26938,-0.06093,-0.015,0.03327,0.01546,0.01781,-,False
703,11.7167,0.33006,0.26938,-0.06068,-0.015,0.03846,0.01534,0.02312,-,False
704,11.7333,0.32981,0.26941,-0.0604,-0.015,0.0389,0.0152,0.0237,-,False
705,11.75,0.32956,0.2694,-0.06016,-0.015,0.03402,0.01508,0.01894,-,False
706,11.7667,0.32931,0.26934,-0.05997,-0.015,0.03072,0.01499,0.01573,-,False
707,11.7833,0.32906,0.26929,-0.05977,-0.015,0.03488,0.01488,0.01999,-,False
708,11.8,0.32881,0.26928,-0.05953,-0.015,0.03539,0.01476,0.02063,-,False
709,11.8167,0.32856,0.26924,-0.05932,-0.015,0.0336,0.01466,0.01894,-,False
710,11.8333,0.32831,0.26917,-0.05914,-0.015,0.03039,0.01457,0.01582,-,False
711,11.85,0.32806,0.26911,-0.05895,-0.015,0.0354,0.01447,0.02092,-,False
712,11.8667,0.32781,0.26912,-0.05869,-0.015,0.03903,0.01434,0.02468,-,False
713,11.8833,0.32756,0.26923,-0.05833,-0.015,0.04516,0.01417,0.03099,-,False
714,11.9,0.32731,0.2694,-0.05791,-0.015,0.0473,0.01396,0.03335,-,False
715,11.9167,0.32706,0.26954,-0.05752,-0.015,0.04332,0.01376,0.02955,-,False
716,11.9333,0.32681,0.26968,-0.05713,-0.015,0.04486,0.01356,0.0313,-,False
717,11.95,0.32656,0.26982,-0.05674,-0.015,0.0444,0.01337,0.03103,-,False
718,11.9667,0.32631,0.26991,-0.0564,-0.015,0.04002,0.0132,0.02682,-,False
719,11.9833,0.32606,0.26991,-0.05615,-0.015,0.03298,0.01307,0.0199,-,False
720,12.0,0.32581,0.26987,-0.05594,-0.015,0.03316,0.01297,0.02019,-,False
721,12.0167,0.32556,0.26981,-0.05575,-0.015,0.03285,0.01288,0.01997,-,False
722,12.0333,0.32531,0.26972,-0.05559,-0.015,0.03109,0.01279,0.0183,-,False
723,12.05,0.32506,0.26959,-0.05547,-0.015,0.02603,0.01274,0.01329,-,False
724,12.0667,0.32481,0.26945,-0.05536,-0.015,0.02941,0.01268,0.01673,-,False
725,12.0833,0.32456,0.26941,-0.05515,-0.015,0.03686,0.01258,0.02428,-,False
726,12.1,0.32431,0.2694,-0.05491,-0.015,0.0367,0.01245,0.02424,-,False
727,12.1167,0.32406,0.26939,-0.05467,-0.015,0.03456,0.01233,0.02222,-,False
728,12.1333,0.32381,0.26935,-0.05446,-0.015,0.03469,0.01223,0.02246,-,False
729,12.15,0.32356,0.26937,-0.05419,-0.015,0.03856,0.01209,0.02646,-,False
730,12.1667,0.32331,0.2694,-0.05391,-0.015,0.03714,0.01196,0.02518,-,False
731,12.1833,0.32306,0.26947,-0.05359,-0.015,0.04239,0.01179,0.03059,-,False
732,12.2,0.32281,0.26954,-0.05327,-0.015,0.03971,0.01164,0.02807,-,False
733,12.2167,0.32256,0.26955,-0.05301,-0.015,0.03454,0.01151,0.02304,-,False
734,12.2333,0.32231,0.26949,-0.05282,-0.015,0.03129,0.01141,0.01988,-,False
735,12.25,0.32206,0.26937,-0.05269,-0.015,0.0289,0.01134,0.01755,-,False
736,12.2667,0.32181,0.26928,-0.05253,-0.015,0.03089,0.01127,0.01962,-,False
737,12.2833,0.32156,0.2692,-0.05236,-0.015,0.03248,0.01118,0.0213,-,False
738,12.3,0.32131,0.26914,-0.05217,-0.015,0.0329,0.01108,0.02182,-,False
739,12.3167,0.32106,0.26905,-0.05201,-0.015,0.03029,0.01101,0.01929,-,False
740,12.3333,0.32081,0.269,-0.05181,-0.015,0.03432,0.0109,0.02342,-,False
741,12.35,0.32056,0.26899,-0.05157,-0.015,0.03644,0.01079,0.02565,-,False
742,12.3667,0.32031,0.26899,-0.05132,-0.015,0.03582,0.01066,0.02516,-,False
743,12.3833,0.32006,0.26898,-0.05108,-0.015,0.03652,0.01054,0.02598,-,False
744,12.4,0.31981,0.26896,-0.05085,-0.015,0.0339,0.01042,0.02348,-,False
745,12.4167,0.31956,0.26893,-0.05063,-0.015,0.03394,0.01032,0.02362,-,False
746,12.4333,0.31931,0.26894,-0.05037,-0.015,0.03713,0.01018,0.02695,-,False
747,12.45,0.31906,0.26891,-0.05015,-0.015,0.03448,0.01008,0.0244,-,False
748,12.4667,0.31881,0.26891,-0.0499,-0.015,0.03759,0.00995,0.02764,-,False
749,12.4833,0.31856,0.26891,-0.04965,-0.015,0.03592,0.00982,0.0261,-,False
750,12.5,0.31831,0.2689,-0.04941,-0.015,0.03539,0.0097,0.02569,-,False
751,12.5167,0.31806,0.26883,-0.04923,-0.015,0.03008,0.00962,0.02046,-,False
752,12.5333,0.31781,0.26876,-0.04905,-0.015,0.03307,0.00953,0.02354,-,False
753,12.55,0.31756,0.26872,-0.04884,-0.015,0.03511,0.00942,0.02569,-,False
754,12.5667,0.31731,0.26873,-0.04858,-0.015,0.03834,0.00929,0.02905,-,False
755,12.5833,0.31706,0.26875,-0.04831,-0.015,0.03782,0.00915,0.02867,-,False
756,12.6,0.31681,0.26876,-0.04805,-0.015,0.03553,0.00902,0.02651,-,False
757,12.6167,0.31656,0.26868,-0.04788,-0.015,0.02934,0.00894,0.0204,-,False
758,12.6333,0.31631,0.26866,-0.04764,-0.015,0.03888,0.00882,0.03006,-,False
759,12.65,0.31606,0.26876,-0.0473,-0.015,0.04513,0.00865,0.03649,-,False
760,12.6667,0.31581,0.26887,-0.04694,-0.015,0.04158,0.00847,0.03311,-,False
761,12.6833,0.31556,0.2689,-0.04666,-0.015,0.03615,0.00833,0.02783,-,False
762,12.7,0.31531,0.26888,-0.04643,-0.015,0.03343,0.00821,0.02522,-,False
763,12.7167,0.31506,0.26882,-0.04624,-0.015,0.03302,0.00812,0.0249,-,False
764,12.7333,0.31481,0.26877,-0.04604,-0.015,0.03319,0.00802,0.02517,-,False
765,12.75,0.31456,0.2687,-0.04586,-0.015,0.03246,0.00793,0.02453,-,False
766,12.7667,0.31431,0.26861,-0.0457,-0.015,0.03067,0.00785,0.02282,-,False
767,12.7833,0.31406,0.26851,-0.04555,-0.015,0.02959,0.00778,0.02181,-,False
768,12.8,0.31381,0.26838,-0.04543,-0.015,0.03008,0.00771,0.02236,-,False
769,12.8167,0.31356,0.26829,-0.04527,-0.015,0.0319,0.00763,0.02426,-,False
770,12.8333,0.31331,0.26821,-0.0451,-0.015,0.03264,0.00755,0.02509,-,False
771,12.85,0.31306,0.26817,-0.04489,-0.015,0.03502,0.00744,0.02757,-,False
772,12.8667,0.31281,0.26815,-0.04466,-0.015,0.03664,0.00733,0.0293,-,False
773,12.8833,0.31256,0.26815,-0.04441,-0.015,0.03665,0.0072,0.02945,-,False
774,12.9,0.31231,0.26819,-0.04412,-0.015,0.04036,0.00706,0.0333,-,False
775,12.9167,0.31206,0.26827,-0.04379,-0.015,0.04044,0.0069,0.03354,-,False
776,12.9333,0.31181,0.26837,-0.04344,-0.015,0.0446,0.00672,0.03788,-,False
777,12.95,0.31156,0.26854,-0.04302,-0.015,0.04686,0.00651,0.04035,-,False
778,12.9667,0.31131,0.26862,-0.04269,-0.015,0.03848,0.00634,0.03213,-,False
779,12.9833,0.31106,0.26873,-0.04233,-0.015,0.04505,0.00617,0.03888,-,False
780,13.0,0.31081,0.26891,-0.0419,-0.015,0.04839,0.00595,0.04244,-,False
781,13.0167,0.31056,0.2691,-0.04146,-0.015,0.04865,0.00573,0.04292,-,False
782,13.0333,0.31031,0.2693,-0.04101,-0.015,0.04711,0.0055,0.04161,-,False
783,13.05,0.31006,0.2694,-0.04066,-0.015,0.03969,0.00533,0.03436,-,False
784,13.0667,0.30981,0.26944,-0.04037,-0.015,0.03672,0.00519,0.03153,-,False
785,13.0833,0.30956,0.26943,-0.04013,-0.015,0.0347,0.00507,0.02963,-,False
786,13.1,0.30931,0.26943,-0.03988,-0.015,0.03707,0.00494,0.03213,-,False
787,13.1167,0.30906,0.26942,-0.03964,-0.015,0.03565,0.00482,0.03083,-,False
788,13.1333,0.30881,0.26939,-0.03942,-0.015,0.03249,0.00471,0.02778,-,False
789,13.15,0.30856,0.26926,-0.0393,-0.015,0.02653,0.00465,0.02188,-,False
790,13.1667,0.30831,0.26915,-0.03916,-0.015,0.03199,0.00458,0.02741,-,False
791,13.1833,0.30806,0.26916,-0.0389,-0.015,0.03941,0.00445,0.03496,-,False
792,13.2,0.30781,0.26924,-0.03857,-0.015,0.04283,0.00429,0.03854,-,False
793,13.2167,0.30756,0.26932,-0.03824,-0.015,0.04001,0.00412,0.03589,-,False
794,13.2333,0.30731,0.2694,-0.03791,-0.015,0.04209,0.00396,0.03814,-,False
795,13.25,0.30706,0.26943,-0.03763,-0.015,0.03586,0.00381,0.03204,-,False
796,13.2667,0.30681,0.26943,-0.03738,-0.015,0.03767,0.00369,0.03398,-,False
797,13.2833,0.30656,0.2695,-0.03706,-0.015,0.0415,0.00353,0.03797,-,False
798,13.3,0.30631,0.26962,-0.03669,-0.015,0.04587,0.00335,0.04252,-,False
799,13.3167,0.30606,0.26978,-0.03628,-0.015,0.04648,0.00314,0.04334,-,False
800,13.3333,0.30581,0.26988,-0.03593,-0.015,0.04054,0.00296,0.03758,-,False
801,13.35,0.30556,0.26994,-0.03562,-0.015,0.03847,0.00281,0.03566,-,False
802,13.3667,0.30531,0.26998,-0.03533,-0.015,0.0395,0.00267,0.03683,-,False
803,13.3833,0.30506,0.26999,-0.03507,-0.015,0.03643,0.00254,0.03389,-,False
804,13.4,0.30481,0.26996,-0.03485,-0.015,0.03414,0.00242,0.03171,-,False
805,13.4167,0.30456,0.26989,-0.03467,-0.015,0.03014,0.00234,0.0278,-,False
806,13.4333,0.30431,0.26977,-0.03454,-0.015,0.02922,0.00227,0.02695,-,False
807,13.45,0.30406,0.26966,-0.03439,-0.015,0.02921,0.0022,0.02702,-,False
808,13.4667,0.30381,0.26952,-0.03429,-0.015,0.02686,0.00215,0.02471,-,False
809,13.4833,0.30356,0.26938,-0.03418,-0.015,0.0289,0.00209,0.02681,-,False
810,13.5,0.30331,0.26925,-0.03406,-0.015,0.02873,0.00203,0.0267,-,False
811,13.5167,0.30306,0.26916,-0.0339,-0.015,0.03087,0.00195,0.02892,-,False
812,13.5333,0.30281,0.26904,-0.03377,-0.015,0.02918,0.00189,0.02729,-,False
813,13.55,0.30256,0.269,-0.03356,-0.015,0.03719,0.00178,0.03542,-,False
814,13.5667,0.30231,0.269,-0.03331,-0.015,0.03648,0.00165,0.03483,-,False
815,13.5833,0.30206,0.269,-0.03306,-0.015,0.0357,0.00153,0.03416,-,False
816,13.6,0.30181,0.26895,-0.03286,-0.015,0.03352,0.00143,0.03209,-,False
817,13.6167,0.30156,0.26895,-0.03261,-0.015,0.03781,0.00131,0.0365,-,False
818,13.6333,0.30131,0.26898,-0.03233,-0.015,0.03888,0.00117,0.03771,-,False
819,13.65,0.30106,0.26905,-0.03201,-0.015,0.04091,0.00101,0.03991,-,False
820,13.6667,0.30081,0.26906,-0.03175,-0.015,0.0344,0.00088,0.03353,-,False
821,13.6833,0.30056,0.26905,-0.03151,-0.015,0.03641,0.00076,0.03566,-,False
822,13.7,0.30031,0.26905,-0.03126,-0.015,0.0356,0.00063,0.03497,-,False
823,13.7167,0.30006,0.26904,-0.03102,-0.015,0.03723,0.00051,0.03673,-,False
824,13.7333,0.29981,0.26907,-0.03074,-0.015,0.03641,0.00037,0.03604,-,False
825,13.75,0.29956,0.26901,-0.03055,-0.015,0.03136,0.00027,0.03108,-,False
826,13.7667,0.29931,0.26896,-0.03035,-0.015,0.03324,0.00018,0.03306,-,False
827,13.7833,0.29906,0.26891,-0.03015,-0.015,0.03449,7e-05,0.03442,-,False
828,13.8,0.29881,0.26889,-0.02992,-0.015,0.03489,-4e-05,0.03493,-,False
829,13.8167,0.29856,0.26887,-0.02969,-0.015,0.03471,-0.00016,0.03486,-,False
830,13.8333,0.29831,0.26882,-0.02949,-0.015,0.03257,-0.00025,0.03282,-,False
831,13.85,0.29806,0.26876,-0.0293,-0.015,0.0322,-0.00035,0.03254,-,False
832,13.8667,0.29781,0.26867,-0.02914,-0.015,0.03053,-0.00043,0.03095,-,False
833,13.8833,0.29756,0.26859,-0.02897,-0.015,0.03307,-0.00052,0.03359,-,False
834,13.9,0.29731,0.26853,-0.02878,-0.015,0.03438,-0.00061,0.035,-,False
835,13.9167,0.29706,0.26851,-0.02855,-0.015,0.03502,-0.00073,0.03574,-,False
836,13.9333,0.29681,0.26855,-0.02826,-0.015,0.0416,-0.00087,0.04248,-,False
837,13.95,0.29656,0.26868,-0.02788,-0.015,0.04584,-0.00106,0.0469,-,False
838,13.9667,0.29631,0.26882,-0.02749,-0.015,0.04244,-0.00125,0.0437,-,False
839,13.9833,0.29606,0.2689,-0.02716,-0.015,0.03948,-0.00142,0.0409,-,False
840,14.0,0.29581,0.26902,-0.02679,-0.015,0.04546,-0.0016,0.04707,-,False
841,14.0167,0.29556,0.26907,-0.02649,-0.015,0.03576,-0.00175,0.03752,-,False
842,14.0333,0.29531,0.2691,-0.02621,-0.015,0.03938,-0.00189,0.04127,-,False
843,14.05,0.29506,0.26917,-0.02589,-0.015,0.04181,-0.00206,0.04386,-,False
844,14.0667,0.29481,0.26921,-0.0256,-0.015,0.03775,-0.0022,0.03995,-,False
845,14.0833,0.29456,0.26923,-0.02533,-0.015,0.03784,-0.00234,0.04017,-,False
846,14.1,0.29431,0.2692,-0.02511,-0.015,0.03295,-0.00245,0.0354,-,False
847,14.1167,0.29406,0.26913,-0.02493,-0.015,0.03157,-0.00254,0.03411,-,False
848,14.1333,0.29381,0.269,-0.02481,-0.015,0.02776,-0.0026,0.03035,-,False
849,14.15,0.29356,0.26888,-0.02468,-0.015,0.02961,-0.00266,0.03227,-,False
850,14.1667,0.29331,0.26877,-0.02454,-0.015,0.0304,-0.00273,0.03312,-,False
851,14.1833,0.29306,0.26863,-0.02443,-0.015,0.02881,-0.00279,0.03159,-,False
852,14.2,0.29281,0.26857,-0.02424,-0.015,0.03055,-0.00288,0.03343,-,False
853,14.2167,0.29256,0.26853,-0.02403,-0.015,0.03609,-0.00299,0.03908,-,False
854,14.2333,0.29231,0.26854,-0.02377,-0.015,0.03942,-0.00312,0.04253,-,False
855,14.25,0.29206,0.26858,-0.02348,-0.015,0.03818,-0.00326,0.04145,-,False
856,14.2667,0.29181,0.26862,-0.02319,-0.015,0.03937,-0.00341,0.04278,-,False
857,14.2833,0.29156,0.26872,-0.02284,-0.015,0.04304,-0.00358,0.04662,-,False
858,14.3,0.29131,0.2688,-0.02251,-0.015,0.03986,-0.00374,0.0436,-,False
859,14.3167,0.29106,0.26884,-0.02222,-0.015,0.03796,-0.00389,0.04185,-,False
860,14.3333,0.29081,0.26885,-0.02196,-0.015,0.03595,-0.00402,0.03997,-,False
861,14.35,0.29056,0.26889,-0.02167,-0.015,0.039,-0.00416,0.04317,-,False
862,14.3667,0.29031,0.26895,-0.02136,-0.015,0.04014,-0.00432,0.04446,-,False
863,14.3833,0.29006,0.26901,-0.02105,-0.015,0.04006,-0.00448,0.04454,-,False
864,14.4,0.28981,0.26905,-0.02076,-0.015,0.03555,-0.00462,0.04017,-,False
865,14.4167,0.28956,0.26898,-0.02058,-0.015,0.03175,-0.00471,0.03646,-,False
866,14.4333,0.28931,0.26897,-0.02034,-0.015,0.03698,-0.00483,0.04181,-,False
867,14.45,0.28906,0.26887,-0.02019,-0.015,0.02673,-0.00491,0.03163,-,False
868,14.4667,0.28881,0.26876,-0.02005,-0.015,0.03134,-0.00498,0.03631,-,False
869,14.4833,0.28856,0.26866,-0.0199,-0.015,0.03075,-0.00505,0.0358,-,False
870,14.5,0.28831,0.26855,-0.01976,-0.015,0.02884,-0.00512,0.03396,-,False
871,14.5167,0.28806,0.26846,-0.0196,-0.015,0.03277,-0.0052,0.03797,-,False
872,14.5333,0.28781,0.26843,-0.01938,-0.015,0.03488,-0.00531,0.04019,-,False
873,14.55,0.28756,0.26838,-0.01918,-0.015,0.0332,-0.00541,0.03862,-,False
874,14.5667,0.28731,0.26834,-0.01897,-0.015,0.03467,-0.00552,0.04019,-,False
875,14.5833,0.28706,0.26836,-0.0187,-0.015,0.03979,-0.00565,0.04544,-,False
876,14.6,0.28681,0.26843,-0.01838,-0.015,0.03984,-0.00581,0.04565,-,False
877,14.6167,0.28656,0.2685,-0.01806,-0.015,0.04196,-0.00597,0.04793,-,False
878,14.6333,0.28631,0.26864,-0.01767,-0.015,0.04622,-0.00616,0.05238,-,False
879,14.65,0.28606,0.26875,-0.01731,-0.015,0.0417,-0.00635,0.04805,-,False
880,14.6667,0.28581,0.26882,-0.01699,-0.015,0.03957,-0.00651,0.04608,-,False
881,14.6833,0.28556,0.2689,-0.01666,-0.015,0.04196,-0.00667,0.04863,-,False
882,14.7,0.28531,0.26899,-0.01632,-0.015,0.0417,-0.00684,0.04854,-,False
883,14.7167,0.28506,0.26901,-0.01605,-0.015,0.03536,-0.00698,0.04233,-,False
884,14.7333,0.28481,0.26899,-0.01582,-0.015,0.03469,-0.00709,0.04178,-,False
885,14.75,0.28456,0.26903,-0.01553,-0.015,0.0407,-0.00723,0.04793,-,False
886,14.7667,0.28431,0.26905,-0.01526,-0.015,0.03661,-0.00737,0.04398,-,False
887,14.7833,0.28406,0.26902,-0.01504,-0.015,0.03338,-0.00748,0.04086,-,False
888,14.8,0.28381,0.26898,-0.01483,-0.015,0.03353,-0.00758,0.04111,-,False
889,14.8167,0.28356,0.26894,-0.01462,-0.015,0.03478,-0.00769,0.04247,-,False
890,14.8333,0.28331,0.26893,-0.01438,-0.015,0.03676,-0.00781,0.04457,-,False
891,14.85,0.28306,0.2689,-0.01416,-0.015,0.0341,-0.00792,0.04202,-,False
892,14.8667,0.28281,0.26885,-0.01396,-0.015,0.03262,-0.00802,0.04064,-,False
893,14.8833,0.28256,0.26881,-0.01375,-0.015,0.03621,-0.00813,0.04434,-,False
894,14.9,0.28231,0.26878,-0.01353,-0.015,0.03473,-0.00824,0.04297,-,False
895,14.9167,0.28206,0.26873,-0.01333,-0.015,0.03266,-0.00834,0.041,-,False
896,14.9333,0.28181,0.26862,-0.01319,-0.015,0.02929,-0.00841,0.0377,-,False
897,14.95,0.28156,0.26856,-0.013,-0.015,0.03326,-0.0085,0.04176,-,False
898,14.9667,0.28131,0.26853,-0.01278,-0.015,0.03511,-0.00861,0.04372,-,False
899,14.9833,0.28106,0.2685,-0.01256,-0.015,0.0338,-0.00872,0.04252,-,False
900,15.0,0.28081,0.26843,-0.01238,-0.015,0.03114,-0.00881,0.03995,-,False
901,15.0167,0.28056,0.26836,-0.0122,-0.015,0.03233,-0.0089,0.04123,-,False
902,15.0333,0.28031,0.26829,-0.01202,-0.015,0.03396,-0.00899,0.04295,-,False
903,15.05,0.28006,0.26852,-0.01154,-0.015,0.05725,-0.00923,0.06648,-,False
904,15.0667,0.27981,0.26889,-0.01092,-0.015,0.05686,-0.00954,0.06641,-,False
905,15.0833,0.27956,0.269,-0.01056,-0.015,0.04036,-0.00972,0.05008,-,False
906,15.1,0.27931,0.26905,-0.01026,-0.015,0.03571,-0.00987,0.04558,-,False
907,15.1167,0.27906,0.26909,-0.00997,-0.015,0.03993,-0.01002,0.04995,-,False
908,15.1333,0.27881,0.26911,-0.0097,-0.015,0.03703,-0.01015,0.04719,-,False
909,15.15,0.27856,0.26913,-0.00943,-0.015,0.03646,-0.01028,0.04675,-,False
910,15.1667,0.27831,0.26912,-0.00919,-0.015,0.03552,-0.0104,0.04593,-,False
911,15.1833,0.27806,0.26916,-0.0089,-0.015,0.04087,-0.01055,0.05142,-,False
912,15.2,0.27781,0.26923,-0.00858,-0.015,0.04103,-0.01071,0.05174,-,False
913,15.2167,0.27756,0.2693,-0.00826,-0.015,0.04019,-0.01087,0.05106,-,False
914,15.2333,0.27731,0.26934,-0.00797,-0.015,0.03696,-0.01101,0.04797,-,False
915,15.25,0.27706,0.26938,-0.00768,-0.015,0.03845,-0.01116,0.04961,-,False
916,15.2667,0.27681,0.26938,-0.00743,-0.015,0.03688,-0.01129,0.04816,-,False
917,15.2833,0.27656,0.26938,-0.00718,-0.015,0.0353,-0.01141,0.04671,-,False
918,15.3,0.27631,0.26934,-0.00697,-0.015,0.03341,-0.01152,0.04493,-,False
919,15.3167,0.27606,0.26929,-0.00677,-0.015,0.03275,-0.01161,0.04436,-,False
920,15.3333,0.27581,0.26922,-0.00659,-0.015,0.03206,-0.01171,0.04377,-,False
921,15.35,0.27556,0.26921,-0.00635,-0.015,0.03688,-0.01182,0.04871,-,False
922,15.3667,0.27531,0.26918,-0.00613,-0.015,0.03292,-0.01193,0.04485,-,False
923,15.3833,0.27506,0.26915,-0.00591,-0.015,0.03516,-0.01204,0.0472,-,False
924,15.4,0.27481,0.26913,-0.00568,-0.015,0.03462,-0.01216,0.04678,-,False
925,15.4167,0.27456,0.26908,-0.00548,-0.015,0.03266,-0.01226,0.04492,-,False
926,15.4333,0.27431,0.26905,-0.00526,-0.015,0.03588,-0.01237,0.04825,-,False
927,15.45,0.27406,0.26907,-0.00499,-0.015,0.03885,-0.0125,0.05135,-,False
928,15.4667,0.27381,0.26907,-0.00474,-0.015,0.03502,-0.01263,0.04765,-,False
929,15.4833,0.27356,0.26907,-0.00449,-0.015,0.03757,-0.01276,0.05033,-,False
930,15.5,0.27331,0.26918,-0.00413,-0.015,0.04607,-0.01293,0.059,-,False
931,15.5167,0.27306,0.26933,-0.00373,-0.015,0.04471,-0.01314,0.05784,-,False
932,15.5333,0.27281,0.26946,-0.00335,-0.015,0.04373,-0.01333,0.05706,-,False
933,15.55,0.27256,0.26951,-0.00305,-0.015,0.03562,-0.01347,0.04909,-,False
934,15.5667,0.27231,0.2695,-0.00281,-0.015,0.03594,-0.0136,0.04953,-,False
935,15.5833,0.27206,0.26952,-0.00254,-0.015,0.03868,-0.01373,0.05242,-,False
936,15.6,0.27181,0.26949,-0.00232,-0.015,0.03263,-0.01384,0.04647,-,False
937,15.6167,0.27156,0.26941,-0.00215,-0.015,0.03151,-0.01392,0.04543,-,False
938,15.6333,0.27131,0.26933,-0.00198,-0.015,0.03279,-0.01401,0.0468,-,False
939,15.65,0.27106,0.26928,-0.00178,-0.015,0.03298,-0.01411,0.04708,-,False
940,15.6667,0.27081,0.26924,-0.00157,-0.015,0.03415,-0.01421,0.04836,-,False
941,15.6833,0.27056,0.26921,-0.00135,-0.015,0.03368,-0.01432,0.04801,-,False
942,15.7,0.27031,0.26911,-0.0012,-0.015,0.02959,-0.0144,0.04399,-,False
943,15.7167,0.27006,0.269,-0.00106,-0.015,0.02942,-0.01447,0.04389,-,False
944,15.7333,0.27019,0.26894,-0.00125,0.015,0.03531,0.01562,0.01969,+,False
945,15.75,0.27044,0.26897,-0.00147,0.015,0.03955,0.01574,0.02382,+,False
946,15.7667,0.27069,0.26901,-0.00168,0.015,0.03873,0.01584,0.02289,+,False
947,15.7833,0.27094,0.26901,-0.00193,0.015,0.03534,0.01597,0.01937,+,False
948,15.8,0.27119,0.269,-0.00219,0.015,0.03707,0.0161,0.02098,+,False
949,15.8167,0.27144,0.26906,-0.00238,0.015,0.04202,0.01619,0.02584,+,False
950,15.8333,0.27169,0.26913,-0.00256,0.015,0.03995,0.01628,0.02367,+,False
951,15.85,0.27194,0.26918,-0.00276,0.015,0.03912,0.01638,0.02274,+,False
952,15.8667,0.27219,0.26917,-0.00302,0.015,0.03279,0.01651,0.01627,+,False
953,15.8833,0.27244,0.26913,-0.00332,0.015,0.03358,0.01666,0.01692,+,False
954,15.9,0.27269,0.26911,-0.00358,0.015,0.03612,0.01679,0.01933,+,False
955,15.9167,0.27294,0.26909,-0.00385,0.015,0.0351,0.01692,0.01817,+,False
956,15.9333,0.27319,0.26903,-0.00416,0.015,0.03087,0.01708,0.01379,+,False
957,15.95,0.27344,0.26896,-0.00448,0.015,0.03404,0.01724,0.0168,+,False
958,15.9667,0.27369,0.26887,-0.00482,0.015,0.02902,0.01741,0.01161,+,False
959,15.9833,0.27394,0.26875,-0.00519,0.015,0.03031,0.01759,0.01272,+,False
960,16.0,0.27419,0.26876,-0.00543,0.015,0.03996,0.01772,0.02224,+,False
961,16.0167,0.27444,0.26885,-0.00559,0.015,0.04341,0.0178,0.02561,+,False
962,16.0333,0.27469,0.26898,-0.00571,0.015,0.04644,0.01786,0.02859,+,False
963,16.05,0.27494,0.26912,-0.00582,0.015,0.04178,0.01791,0.02387,+,False
964,16.0667,0.27519,0.26923,-0.00596,0.015,0.04388,0.01798,0.0259,+,False
965,16.0833,0.27544,0.26938,-0.00606,0.015,0.04536,0.01803,0.02733,+,False
966,16.1,0.27569,0.26948,-0.00621,0.015,0.03926,0.01811,0.02115,+,False
967,16.1167,0.27594,0.26948,-0.00646,0.015,0.03543,0.01823,0.0172,+,False
968,16.1333,0.27619,0.26943,-0.00676,0.015,0.031,0.01838,0.01262,+,False
969,16.15,0.27644,0.26938,-0.00706,0.015,0.03482,0.01853,0.0163,+,False
970,16.1667,0.27669,0.26938,-0.00731,0.015,0.03698,0.01866,0.01833,+,False
971,16.1833,0.27694,0.26934,-0.0076,0.015,0.03128,0.0188,0.01248,+,False
972,16.2,0.27719,0.26919,-0.008,0.015,0.02578,0.019,0.00677,+,False
973,16.2167,0.27744,0.26907,-0.00837,0.015,0.03135,0.01918,0.01217,+,False
974,16.2333,0.27769,0.269,-0.00869,0.015,0.0328,0.01935,0.01345,+,False
975,16.25,0.27794,0.26893,-0.00901,0.015,0.03196,0.0195,0.01246,+,False
976,16.2667,0.27819,0.26879,-0.0094,0.015,0.02585,0.0197,0.00615,+,False
977,16.2833,0.27844,0.26867,-0.00977,0.015,0.03043,0.01988,0.01055,+,False
978,16.3,0.27869,0.26858,-0.01011,0.015,0.0323,0.02006,0.01224,+,False
979,16.3167,0.27894,0.26854,-0.0104,0.015,0.03465,0.0202,0.01445,+,False
980,16.3333,0.27919,0.26849,-0.0107,0.015,0.03416,0.02035,0.01381,+,False
981,16.35,0.27944,0.26846,-0.01098,0.015,0.0332,0.02049,0.01271,+,False
982,16.3667,0.27969,0.26835,-0.01134,0.015,0.02996,0.02067,0.00929,+,False
983,16.3833,0.27994,0.26835,-0.01159,0.015,0.03919,0.02079,0.0184,+,False
984,16.4,0.28019,0.26839,-0.0118,0.015,0.03941,0.0209,0.01851,+,False
985,16.4167,0.28044,0.26847,-0.01197,0.015,0.04192,0.02099,0.02093,+,False
986,16.4333,0.28069,0.26852,-0.01217,0.015,0.03866,0.02108,0.01757,+,False
987,16.45,0.28094,0.26855,-0.01239,0.015,0.03758,0.02119,0.01639,+,False
988,16.4667,0.28119,0.26856,-0.01263,0.015,0.0354,0.02132,0.01408,+,False
989,16.4833,0.28144,0.26852,-0.01292,0.015,0.0324,0.02146,0.01094,+,False
990,16.5,0.28169,0.26846,-0.01323,0.015,0.03314,0.02162,0.01152,+,False
991,16.5167,0.28194,0.26843,-0.01351,0.015,0.03617,0.02176,0.01441,+,False
992,16.5333,0.28219,0.26841,-0.01378,0.015,0.03416,0.02189,0.01227,+,False
993,16.55,0.28244,0.26833,-0.01411,0.015,0.03151,0.02205,0.00945,+,False
994,16.5667,0.28269,0.26824,-0.01445,0.015,0.03083,0.02222,0.00861,+,False
995,16.5833,0.28294,0.26813,-0.01481,0.015,0.03007,0.0224,0.00766,+,False
996,16.6,0.28319,0.26808,-0.01511,0.015,0.03614,0.02255,0.01358,+,False
997,16.6167,0.28344,0.26811,-0.01533,0.015,0.04046,0.02266,0.0178,+,False
998,16.6333,0.28369,0.26815,-0.01554,0.015,0.03715,0.02277,0.01438,+,False
999,16.65,0.28394,0.26817,-0.01577,0.015,0.03743,0.02289,0.01454,+,False
1000,16.6667,0.28419,0.26823,-0.01596,0.015,0.04176,0.02298,0.01878,+,False
1001,16.6833,0.28444,0.26829,-0.01615,0.015,0.03898,0.02308,0.0159,+,False
1002,16.7,0.28469,0.26833,-0.01636,0.015,0.03952,0.02318,0.01634,+,False
1003,16.7167,0.28494,0.26839,-0.01655,0.015,0.04076,0.02327,0.01749,+,False
1004,16.7333,0.28519,0.26847,-0.01672,0.015,0.04165,0.02336,0.01829,+,False
1005,16.75,0.28544,0.26855,-0.01689,0.015,0.03967,0.02345,0.01623,+,False
1006,16.7667,0.28569,0.26855,-0.01714,0.015,0.03508,0.02357,0.01152,+,False
1007,16.7833,0.28594,0.2685,-0.01744,0.015,0.03109,0.02372,0.00738,+,False
1008,16.8,0.28619,0.26839,-0.0178,0.015,0.02905,0.0239,0.00516,+,False
1009,16.8167,0.28644,0.26832,-0.01812,0.015,0.03302,0.02406,0.00896,+,False
1010,16.8333,0.28669,0.26825,-0.01844,0.015,0.03259,0.02422,0.00837,+,False
1011,16.85,0.28694,0.26819,-0.01875,0.015,0.03237,0.02437,0.00799,+,False
1012,16.8667,0.28719,0.26813,-0.01906,0.015,0.03271,0.02453,0.00817,+,False
1013,16.8833,0.28744,0.26811,-0.01933,0.015,0.03735,0.02466,0.01269,+,False
1014,16.9,0.28769,0.26818,-0.01951,0.015,0.04257,0.02476,0.01781,+,False
1015,16.9167,0.28794,0.26823,-0.01971,0.015,0.03867,0.02485,0.01382,+,False
1016,16.9333,0.28819,0.26831,-0.01988,0.015,0.04298,0.02494,0.01804,+,False
1017,16.95,0.28844,0.26841,-0.02003,0.015,0.04223,0.02502,0.01721,+,False
1018,16.9667,0.28869,0.26849,-0.0202,0.015,0.0408,0.0251,0.0157,+,False
1019,16.9833,0.28894,0.26851,-0.02043,0.015,0.03596,0.02521,0.01074,+,False
1020,17.0,0.28919,0.26858,-0.02061,0.015,0.04304,0.0253,0.01774,+,False
1021,17.0167,0.28944,0.26874,-0.0207,0.015,0.04793,0.02535,0.02258,+,False
1022,17.0333,0.28969,0.26886,-0.02083,0.015,0.04117,0.02541,0.01576,+,False
1023,17.05,0.28994,0.26895,-0.02099,0.015,0.04166,0.02549,0.01616,+,False
1024,17.0667,0.29019,0.26909,-0.0211,0.015,0.04694,0.02555,0.02138,+,False
1025,17.0833,0.29044,0.26917,-0.02127,0.015,0.03665,0.02564,0.01101,+,False
1026,17.1,0.29069,0.26911,-0.02158,0.015,0.03135,0.02579,0.00556,+,False
1027,17.1167,0.29094,0.26907,-0.02187,0.015,0.03498,0.02594,0.00905,+,False
1028,17.1333,0.29119,0.26903,-0.02216,0.015,0.03458,0.02608,0.0085,+,False
1029,17.15,0.29144,0.26897,-0.02247,0.015,0.03143,0.02624,0.00519,+,False
1030,17.1667,0.29169,0.26891,-0.02278,0.015,0.03333,0.02639,0.00693,+,False
1031,17.1833,0.29194,0.26889,-0.02305,0.015,0.03662,0.02653,0.01009,+,False
1032,17.2,0.29219,0.26893,-0.02326,0.015,0.04055,0.02663,0.01392,+,False
1033,17.2167,0.29244,0.26896,-0.02348,0.015,0.0381,0.02674,0.01136,+,False
1034,17.2333,0.29269,0.26895,-0.02374,0.015,0.03497,0.02687,0.0081,+,False
1035,17.25,0.29294,0.26895,-0.02399,0.015,0.03624,0.027,0.00925,+,False
1036,17.2667,0.29319,0.269,-0.02419,0.015,0.04222,0.02709,0.01513,+,False
1037,17.2833,0.29344,0.26908,-0.02436,0.015,0.04026,0.02718,0.01308,+,False
1038,17.3,0.29369,0.26911,-0.02458,0.015,0.03726,0.02729,0.00997,+,False
1039,17.3167,0.29394,0.26915,-0.02479,0.015,0.03925,0.0274,0.01185,+,False
1040,17.3333,0.29419,0.26915,-0.02504,0.015,0.03614,0.02752,0.00861,+,False
1041,17.35,0.29444,0.26912,-0.02532,0.015,0.0331,0.02766,0.00543,+,False
1042,17.3667,0.29469,0.26908,-0.02561,0.015,0.03481,0.02781,0.00701,+,False
1043,17.3833,0.29494,0.26908,-0.02586,0.015,0.037,0.02793,0.00907,+,False
1044,17.4,0.29519,0.26906,-0.02613,0.015,0.03412,0.02807,0.00605,+,False
1045,17.4167,0.29544,0.26905,-0.02639,0.015,0.03578,0.0282,0.00758,+,False
1046,17.4333,0.29569,0.26901,-0.02668,0.015,0.03391,0.02834,0.00558,+,False
1047,17.45,0.29594,0.26892,-0.02702,0.015,0.02984,0.02851,0.00134,+,False
1048,17.4667,0.29619,0.26884,-0.02735,0.015,0.03008,0.02868,0.00141,+,False
1049,17.4833,0.29644,0.26872,-0.02772,0.015,0.03025,0.02886,0.00139,+,False
1050,17.5,0.29669,0.26863,-0.02806,0.015,0.03008,0.02903,0.00105,+,False
1051,17.5167,0.29694,0.26852,-0.02842,0.015,0.03021,0.02921,0.001,+,False
1052,17.5333,0.29719,0.26839,-0.0288,0.015,0.02804,0.0294,-0.00136,+,False
1053,17.55,0.29744,0.26829,-0.02915,0.015,0.0315,0.02958,0.00192,+,False
1054,17.5667,0.29769,0.26828,-0.02941,0.015,0.03908,0.02971,0.00937,+,False
1055,17.5833,0.29794,0.26828,-0.02966,0.015,0.03569,0.02983,0.00586,+,False
1056,17.6,0.29819,0.26832,-0.02987,0.015,0.03966,0.02994,0.00972,+,False
1057,17.6167,0.29844,0.2684,-0.03004,0.015,0.0436,0.03002,0.01359,+,False
1058,17.6333,0.29869,0.26856,-0.03013,0.015,0.04658,0.03007,0.01651,+,False
1059,17.65,0.29894,0.26872,-0.03022,0.015,0.04623,0.03011,0.01612,+,False
1060,17.6667,0.29919,0.26881,-0.03038,0.015,0.03904,0.03019,0.00885,+,False
1061,17.6833,0.29944,0.26883,-0.03061,0.015,0.03551,0.03031,0.0052,+,False
1062,17.7,0.29969,0.26879,-0.0309,0.015,0.03333,0.03045,0.00288,+,False
1063,17.7167,0.29994,0.26873,-0.03121,0.015,0.03093,0.0306,0.00032,+,False
1064,17.7333,0.30019,0.26865,-0.03154,0.015,0.03102,0.03077,0.00025,+,False
1065,17.75,0.30044,0.26856,-0.03188,0.015,0.03068,0.03094,-0.00026,+,False
1066,17.7667,0.30069,0.2684,-0.03229,0.015,0.0251,0.03114,-0.00604,+,False
1067,17.7833,0.30094,0.26828,-0.03266,0.015,0.0313,0.03133,-3e-05,+,False
1068,17.8,0.30119,0.26825,-0.03294,0.015,0.03721,0.03147,0.00574,+,False
1069,17.8167,0.30144,0.26833,-0.03311,0.015,0.04361,0.03155,0.01206,+,False
1070,17.8333,0.30169,0.26849,-0.0332,0.015,0.04654,0.0316,0.01494,+,False
1071,17.85,0.30194,0.26866,-0.03328,0.015,0.04583,0.03164,0.01419,+,False
1072,17.8667,0.30219,0.26881,-0.03338,0.015,0.04574,0.03169,0.01406,+,False
1073,17.8833,0.30244,0.26902,-0.03342,0.015,0.04917,0.03171,0.01746,+,False
1074,17.9,0.30269,0.26918,-0.03351,0.015,0.04529,0.03175,0.01353,+,False
1075,17.9167,0.30294,0.26931,-0.03363,0.015,0.04128,0.03182,0.00947,+,False
1076,17.9333,0.30319,0.26933,-0.03386,0.015,0.03632,0.03193,0.00439,+,False
1077,17.95,0.30344,0.26934,-0.0341,0.015,0.03572,0.03205,0.00367,+,False
1078,17.9667,0.30369,0.26933,-0.03436,0.015,0.03601,0.03218,0.00383,+,False
1079,17.9833,0.30394,0.26932,-0.03462,0.015,0.03519,0.03231,0.00288,+,False
1080,18.0,0.30419,0.26924,-0.03495,0.015,0.02963,0.03248,-0.00285,+,False
1081,18.0167,0.30444,0.26911,-0.03533,0.015,0.02875,0.03266,-0.00391,+,False
1082,18.0333,0.30469,0.26901,-0.03568,0.015,0.03183,0.03284,-0.00101,+,False
1083,18.05,0.30494,0.26894,-0.036,0.015,0.03299,0.033,-2e-05,+,False
1084,18.0667,0.30519,0.26878,-0.03641,0.015,0.02323,0.0332,-0.00997,+,False
1085,18.0833,0.30544,0.26862,-0.03682,0.015,0.0296,0.03341,-0.00381,+,False
1086,18.1,0.30569,0.26861,-0.03708,0.015,0.03978,0.03354,0.00624,+,False
1087,18.1167,0.30594,0.2687,-0.03724,0.015,0.04247,0.03362,0.00885,+,False
1088,18.1333,0.30619,0.26876,-0.03743,0.015,0.0388,0.03372,0.00508,+,False
1089,18.15,0.30644,0.26874,-0.0377,0.015,0.03365,0.03385,-0.0002,+,False
1090,18.1667,0.30669,0.26877,-0.03792,0.015,0.0411,0.03396,0.00714,+,False
1091,18.1833,0.30694,0.26885,-0.03809,0.015,0.04118,0.03404,0.00713,+,False
1092,18.2,0.30719,0.26893,-0.03826,0.015,0.03999,0.03413,0.00587,+,False
1093,18.2167,0.30744,0.26899,-0.03845,0.015,0.03916,0.03423,0.00494,+,False
1094,18.2333,0.30769,0.26904,-0.03865,0.015,0.0406,0.03432,0.00628,+,False
1095,18.25,0.30794,0.26908,-0.03886,0.015,0.03661,0.03443,0.00218,+,False
1096,18.2667,0.30819,0.26905,-0.03914,0.015,0.03487,0.03457,0.00031,+,False
1097,18.2833,0.30844,0.269,-0.03944,0.015,0.03121,0.03472,-0.00351,+,False
1098,18.3,0.30869,0.2689,-0.03979,0.015,0.0305,0.03489,-0.00439,+,False
1099,18.3167,0.30894,0.26886,-0.04008,0.015,0.03655,0.03504,0.00151,+,False
1100,18.3333,0.30919,0.26882,-0.04037,0.015,0.03294,0.03519,-0.00225,+,False
1101,18.35,0.30944,0.26872,-0.04072,0.015,0.02949,0.03536,-0.00587,+,False
1102,18.3667,0.30969,0.26864,-0.04105,0.015,0.03333,0.03552,-0.00219,+,False
1103,18.3833,0.30994,0.2686,-0.04134,0.015,0.03448,0.03567,-0.00119,+,False
1104,18.4,0.31019,0.26856,-0.04163,0.015,0.03317,0.03581,-0.00264,+,False
1105,18.4167,0.31044,0.26854,-0.0419,0.015,0.03751,0.03595,0.00156,+,False
1106,18.4333,0.31069,0.26858,-0.04211,0.015,0.03872,0.03606,0.00266,+,False
1107,18.45,0.31094,0.2686,-0.04234,0.015,0.03779,0.03617,0.00162,+,False
1108,18.4667,0.31119,0.26865,-0.04254,0.015,0.03992,0.03627,0.00365,+,False
1109,18.4833,0.31144,0.2687,-0.04274,0.015,0.03996,0.03637,0.00359,+,False
1110,18.5,0.31169,0.26884,-0.04285,0.015,0.04686,0.03643,0.01043,+,False
1111,18.5167,0.31194,0.26901,-0.04293,0.015,0.04641,0.03646,0.00994,+,False
1112,18.5333,0.31219,0.26906,-0.04313,0.015,0.036,0.03656,-0.00056,+,False
1113,18.55,0.31244,0.26906,-0.04338,0.015,0.03438,0.03669,-0.00231,+,False
1114,18.5667,0.31269,0.26905,-0.04364,0.015,0.03797,0.03682,0.00115,+,False
1115,18.5833,0.31294,0.26912,-0.04382,0.015,0.04169,0.03691,0.00478,+,False
1116,18.6,0.31319,0.26915,-0.04404,0.015,0.03667,0.03702,-0.00034,+,False
1117,18.6167,0.31344,0.26912,-0.04432,0.015,0.0334,0.03716,-0.00376,+,False
1118,18.6333,0.31369,0.26907,-0.04462,0.015,0.03288,0.03731,-0.00443,+,False
1119,18.65,0.31394,0.26902,-0.04492,0.015,0.03369,0.03746,-0.00377,+,False
1120,18.6667,0.31419,0.26894,-0.04525,0.015,0.03054,0.03763,-0.00708,+,False
1121,18.6833,0.31444,0.26883,-0.04561,0.015,0.03019,0.03781,-0.00761,+,False
1122,18.7,0.31469,0.26878,-0.04591,0.015,0.03395,0.03796,-0.004,+,False
1123,18.7167,0.31494,0.26875,-0.04619,0.015,0.0368,0.0381,-0.0013,+,False
1124,18.7333,0.31519,0.26877,-0.04642,0.015,0.038,0.03821,-0.00021,+,False
1125,18.75,0.31544,0.2688,-0.04664,0.015,0.03881,0.03832,0.00049,+,False
1126,18.7667,0.31569,0.26886,-0.04683,0.015,0.04005,0.03841,0.00164,+,False
1127,18.7833,0.31594,0.26893,-0.04701,0.015,0.04164,0.03851,0.00313,+,False
1128,18.8,0.31619,0.26903,-0.04716,0.015,0.04176,0.03858,0.00318,+,False
1129,18.8167,0.31644,0.26913,-0.04731,0.015,0.04448,0.03865,0.00583,+,False
1130,18.8333,0.31669,0.2693,-0.04739,0.015,0.04694,0.03869,0.00825,+,False
1131,18.85,0.31694,0.26945,-0.04749,0.015,0.04381,0.03874,0.00506,+,False
1132,18.8667,0.31719,0.26955,-0.04764,0.015,0.04145,0.03882,0.00263,+,False
1133,18.8833,0.31744,0.26955,-0.04789,0.015,0.03249,0.03895,-0.00646,+,False
1134,18.9,0.31769,0.26954,-0.04815,0.015,0.03752,0.03908,-0.00155,+,False
1135,18.9167,0.31794,0.2696,-0.04834,0.015,0.04172,0.03917,0.00255,+,False
1136,18.9333,0.31819,0.2697,-0.04849,0.015,0.04257,0.03924,0.00333,+,False
1137,18.95,0.31844,0.26971,-0.04873,0.015,0.03329,0.03936,-0.00607,+,False
1138,18.9667,0.31869,0.26962,-0.04907,0.015,0.03005,0.03953,-0.00948,+,False
1139,18.9833,0.31894,0.26953,-0.04941,0.015,0.03093,0.0397,-0.00878,+,False
1140,19.0,0.31919,0.26945,-0.04974,0.015,0.03279,0.03987,-0.00708,+,False
1141,19.0167,0.31944,0.26939,-0.05005,0.015,0.0317,0.04003,-0.00832,+,False
1142,19.0333,0.31969,0.26932,-0.05037,0.015,0.03403,0.04019,-0.00615,+,False
1143,19.05,0.31994,0.26927,-0.05067,0.015,0.03264,0.04033,-0.00769,+,False
1144,19.0667,0.32019,0.26921,-0.05098,0.015,0.03361,0.04049,-0.00688,+,False
1145,19.0833,0.32044,0.26919,-0.05125,0.015,0.03568,0.04063,-0.00495,+,False
1146,19.1,0.32069,0.26916,-0.05153,0.015,0.03577,0.04076,-0.00499,+,False
1147,19.1167,0.32094,0.26923,-0.05171,0.015,0.04223,0.04086,0.00137,+,False
1148,19.1333,0.32119,0.26926,-0.05193,0.015,0.03524,0.04096,-0.00573,+,False
1149,19.15,0.32144,0.26929,-0.05215,0.015,0.04051,0.04108,-0.00056,+,False
1150,19.1667,0.32169,0.26939,-0.0523,0.015,0.04302,0.04115,0.00187,+,False
1151,19.1833,0.32194,0.26948,-0.05246,0.015,0.04177,0.04123,0.00054,+,False
1152,19.2,0.32219,0.26941,-0.05278,0.015,0.02622,0.04139,-0.01517,+,False
1153,19.2167,0.32244,0.2693,-0.05314,0.015,0.03156,0.04157,-0.01,+,False
1154,19.2333,0.32269,0.26922,-0.05347,0.015,0.03233,0.04173,-0.0094,+,False
1155,19.25,0.32294,0.2691,-0.05384,0.015,0.02748,0.04192,-0.01443,+,False
1156,19.2667,0.32319,0.26892,-0.05427,0.015,0.02465,0.04213,-0.01748,+,False
1157,19.2833,0.32344,0.26874,-0.0547,0.015,0.02515,0.04235,-0.0172,+,False
1158,19.3,0.32369,0.26856,-0.05513,0.015,0.02758,0.04256,-0.01498,+,False
1159,19.3167,0.32394,0.26841,-0.05553,0.015,0.02763,0.04277,-0.01514,+,False
1160,19.3333,0.32419,0.26828,-0.05591,0.015,0.0307,0.04296,-0.01226,+,False
1161,19.35,0.32444,0.26817,-0.05627,0.015,0.0299,0.04313,-0.01324,+,False
1162,19.3667,0.32469,0.26814,-0.05655,0.015,0.03931,0.04327,-0.00396,+,False
1163,19.3833,0.32494,0.26827,-0.05667,0.015,0.04727,0.04333,0.00393,+,False
1164,19.4,0.32519,0.26846,-0.05673,0.015,0.04836,0.04336,0.005,+,False
1165,19.4167,0.32544,0.2687,-0.05674,0.015,0.05241,0.04337,0.00904,+,False
1166,19.4333,0.32569,0.2688,-0.05689,0.015,0.03738,0.04345,-0.00607,+,False
1167,19.45,0.32594,0.26893,-0.05701,0.015,0.04723,0.0435,0.00373,+,False
1168,19.4667,0.32619,0.2691,-0.05709,0.015,0.04716,0.04355,0.00361,+,False
1169,19.4833,0.32644,0.26928,-0.05716,0.015,0.04689,0.04358,0.00331,+,False
1170,19.5,0.32669,0.26938,-0.05731,0.015,0.03976,0.04365,-0.00389,+,False
1171,19.5167,0.32694,0.26941,-0.05753,0.015,0.03468,0.04377,-0.00908,+,False
1172,19.5333,0.32719,0.26933,-0.05786,0.015,0.03077,0.04393,-0.01316,+,False
1173,19.55,0.32744,0.26921,-0.05823,0.015,0.02796,0.04412,-0.01616,+,False
1174,19.5667,0.32769,0.26905,-0.05864,0.015,0.02686,0.04432,-0.01746,+,False
1175,19.5833,0.32794,0.26894,-0.059,0.015,0.03199,0.0445,-0.01251,+,False
1176,19.6,0.32819,0.26886,-0.05933,0.015,0.03287,0.04466,-0.01179,+,False
1177,19.6167,0.32844,0.26882,-0.05962,0.015,0.03485,0.04481,-0.00996,+,False
1178,19.6333,0.32869,0.26877,-0.05992,0.015,0.03238,0.04496,-0.01258,+,False
1179,19.65,0.32894,0.26874,-0.0602,0.015,0.03606,0.0451,-0.00904,+,False
1180,19.6667,0.32919,0.26874,-0.06045,0.015,0.03563,0.04523,-0.0096,+,False
1181,19.6833,0.32944,0.26877,-0.06067,0.015,0.04042,0.04534,-0.00492,+,False
1182,19.7,0.32969,0.26886,-0.06083,0.015,0.04273,0.04542,-0.00268,+,False
1183,19.7167,0.32994,0.26893,-0.06101,0.015,0.03793,0.04551,-0.00758,+,False
1184,19.7333,0.33019,0.269,-0.06119,0.015,0.04288,0.0456,-0.00271,+,False
1185,19.75,0.33044,0.26912,-0.06132,0.015,0.04359,0.04566,-0.00207,+,False
1186,19.7667,0.33069,0.26917,-0.06152,0.015,0.03752,0.04576,-0.00824,+,False
1187,19.7833,0.33094,0.26926,-0.06168,0.015,0.04275,0.04584,-0.00309,+,False
1188,19.8,0.33119,0.26937,-0.06182,0.015,0.04334,0.04591,-0.00257,+,False
1189,19.8167,0.33144,0.26946,-0.06198,0.015,0.03987,0.04599,-0.00612,+,False
1190,19.8333,0.33169,0.26951,-0.06218,0.015,0.03811,0.04609,-0.00798,+,False
1191,19.85,0.33194,0.26955,-0.06239,0.015,0.03785,0.0462,-0.00835,+,False
1192,19.8667,0.33219,0.2695,-0.06269,0.015,0.03055,0.04635,-0.01579,+,False
1193,19.8833,0.33244,0.26939,-0.06305,0.015,0.02821,0.04653,-0.01832,+,False
1194,19.9,0.33269,0.26927,-0.06342,0.015,0.02971,0.04671,-0.017,+,False
1195,19.9167,0.33294,0.26914,-0.0638,0.015,0.02899,0.0469,-0.01792,+,False
1196,19.9333,0.33319,0.26896,-0.06423,0.015,0.02308,0.04712,-0.02404,+,False
1197,19.95,0.33344,0.26882,-0.06462,0.015,0.03119,0.04731,-0.01612,+,False
1198,19.9667,0.33369,0.2688,-0.06489,0.015,0.03783,0.04744,-0.00961,+,False
1199,19.9833,0.33315,0.30434,-0.02881,-0.015,0.00346,-0.00059,0.00405,-,True
1200,20.0,0.3329,0.30273,-0.03017,-0.015,-0.12012,9e-05,-0.1202,-,False
1201,20.0167,0.33265,0.29861,-0.03404,-0.015,-0.29379,0.00202,-0.29581,-,False
1202,20.0333,0.3324,0.29162,-0.04078,-0.015,-0.46277,0.00539,-0.46816,-,False
1203,20.05,0.33215,0.28269,-0.04946,-0.015,-0.51774,0.00973,-0.52747,-,False
1204,20.0667,0.3319,0.27382,-0.05807,-0.015,-0.45595,0.01404,-0.46999,-,False
1205,20.0833,0.33165,0.26685,-0.0648,-0.015,-0.32173,0.0174,-0.33913,-,False
1206,20.1,0.3314,0.26205,-0.06935,-0.015,-0.18876,0.01967,-0.20843,-,False
1207,20.1167,0.33115,0.25933,-0.07182,-0.015,-0.07395,0.02091,-0.09486,-,False
1208,20.1333,0.3309,0.25797,-0.07293,-0.015,-0.00698,0.02146,-0.02844,-,False
1209,20.15,0.33065,0.25762,-0.07303,-0.015,0.04068,0.02152,0.01916,-,False
1210,20.1667,0.3304,0.25791,-0.07249,-0.015,0.07297,0.02124,0.05173,-,False
1211,20.1833,0.33015,0.25876,-0.07139,-0.015,0.10338,0.02069,0.08268,-,False
1212,20.2,0.3299,0.26008,-0.06981,-0.015,0.12815,0.01991,0.10824,-,False
1213,20.2167,0.32965,0.26173,-0.06792,-0.015,0.14306,0.01896,0.1241,-,False
1214,20.2333,0.3294,0.26352,-0.06588,-0.015,0.14641,0.01794,0.12847,-,False
1215,20.25,0.32915,0.26529,-0.06386,-0.015,0.13947,0.01693,0.12254,-,False
1216,20.2667,0.3289,0.26695,-0.06195,-0.015,0.13232,0.01597,0.11635,-,False
1217,20.2833,0.32865,0.26843,-0.06021,-0.015,0.11893,0.01511,0.10382,-,False
1218,20.3,0.3284,0.26942,-0.05897,-0.015,0.08043,0.01449,0.06594,-,False
1219,20.3167,0.32815,0.27001,-0.05814,-0.015,0.06466,0.01407,0.05059,-,False
1220,20.3333,0.3279,0.27039,-0.05751,-0.015,0.05341,0.01376,0.03966,-,False
1221,20.35,0.32765,0.27047,-0.05718,-0.015,0.03408,0.01359,0.02049,-,False
1222,20.3667,0.3274,0.27042,-0.05698,-0.015,0.03266,0.01349,0.01917,-,False
1223,20.3833,0.32715,0.27043,-0.05671,-0.015,0.0421,0.01336,0.02874,-,False
1224,20.4,0.3269,0.27056,-0.05634,-0.015,0.04819,0.01317,0.03502,-,False
1225,20.4167,0.32665,0.27072,-0.05592,-0.015,0.05012,0.01296,0.03716,-,False
1226,20.4333,0.3264,0.27104,-0.05536,-0.015,0.05996,0.01268,0.04728,-,False
1227,20.45,0.32615,0.27146,-0.05468,-0.015,0.06461,0.01234,0.05227,-,False
1228,20.4667,0.3259,0.27178,-0.05412,-0.015,0.05321,0.01206,0.04115,-,False
1229,20.4833,0.32565,0.27218,-0.05347,-0.015,0.06569,0.01173,0.05396,-,False
1230,20.5,0.3254,0.2727,-0.0527,-0.015,0.06975,0.01135,0.05841,-,False
1231,20.5167,0.32515,0.27319,-0.05196,-0.015,0.06415,0.01098,0.05317,-,False
1232,20.5333,0.3249,0.27357,-0.05132,-0.015,0.05666,0.01066,0.04599,-,False
1233,20.55,0.32465,0.27382,-0.05082,-0.015,0.04943,0.01041,0.03902,-,False
1234,20.5667,0.3244,0.27397,-0.05043,-0.015,0.04235,0.01021,0.03213,-,False
1235,20.5833,0.32415,0.27402,-0.05013,-0.015,0.03748,0.01007,0.02742,-,False
1236,20.6,0.3239,0.27397,-0.04993,-0.015,0.03551,0.00996,0.02555,-,False
1237,20.6167,0.32365,0.27404,-0.04961,-0.015,0.04488,0.00981,0.03507,-,False
1238,20.6333,0.3234,0.2743,-0.0491,-0.015,0.05626,0.00955,0.04671,-,False
1239,20.65,0.32315,0.27442,-0.04873,-0.015,0.03778,0.00936,0.02842,-,False
1240,20.6667,0.3229,0.27435,-0.04855,-0.015,0.02872,0.00927,0.01945,-,False
1241,20.6833,0.32265,0.27428,-0.04837,-0.015,0.03473,0.00919,0.02554,-,False
1242,20.7,0.3224,0.27433,-0.04807,-0.015,0.04425,0.00903,0.03521,-,False
1243,20.7167,0.32215,0.2744,-0.04775,-0.015,0.03846,0.00887,0.02959,-,False
1244,20.7333,0.3219,0.27431,-0.04759,-0.015,0.02683,0.00879,0.01804,-,False
1245,20.75,0.32165,0.2742,-0.04745,-0.015,0.0321,0.00872,0.02337,-,False
1246,20.7667,0.3214,0.27412,-0.04727,-0.015,0.03309,0.00864,0.02445,-,False
1247,20.7833,0.32115,0.27407,-0.04708,-0.015,0.03487,0.00854,0.02633,-,False
1248,20.8,0.3209,0.2741,-0.04679,-0.015,0.03808,0.0084,0.02969,-,False
1249,20.8167,0.32065,0.27412,-0.04652,-0.015,0.03734,0.00826,0.02908,-,False
1250,20.8333,0.3204,0.2741,-0.0463,-0.015,0.03845,0.00815,0.03031,-,False
1251,20.85,0.32015,0.27425,-0.0459,-0.015,0.04623,0.00795,0.03828,-,False
1252,20.8667,0.3199,0.27432,-0.04558,-0.015,0.03547,0.00779,0.02768,-,False
1253,20.8833,0.31965,0.27411,-0.04553,-0.015,0.02099,0.00777,0.01322,-,False
1254,20.9,0.3194,0.27379,-0.04561,-0.015,0.01157,0.0078,0.00376,-,False
1255,20.9167,0.31915,0.27328,-0.04587,-0.015,0.00442,0.00793,-0.00351,-,False
1256,20.9333,0.3189,0.27273,-0.04617,-0.015,0.00723,0.00808,-0.00085,-,False
1257,20.95,0.31865,0.27249,-0.04616,-0.015,0.0282,0.00808,0.02012,-,False
1258,20.9667,0.3184,0.27233,-0.04607,-0.015,0.03077,0.00804,0.02274,-,False
1259,20.9833,0.31815,0.27223,-0.04592,-0.015,0.03095,0.00796,0.02299,-,False
1260,21.0,0.3179,0.27201,-0.04588,-0.015,0.02675,0.00794,0.01881,-,False
1261,21.0167,0.31765,0.27188,-0.04576,-0.015,0.02884,0.00788,0.02096,-,False
1262,21.0333,0.3174,0.27191,-0.04549,-0.015,0.04641,0.00775,0.03867,-,False
1263,21.05,0.31715,0.27196,-0.04519,-0.015,0.03968,0.0076,0.03208,-,False
1264,21.0667,0.3169,0.27191,-0.04498,-0.015,0.03095,0.00749,0.02346,-,False
1265,21.0833,0.31665,0.27181,-0.04484,-0.015,0.03072,0.00742,0.0233,-,False
1266,21.1,0.3164,0.27161,-0.04479,-0.015,0.02283,0.0074,0.01543,-,False
1267,21.1167,0.31615,0.27133,-0.04482,-0.015,0.01991,0.00741,0.0125,-,False
1268,21.1333,0.3159,0.27105,-0.04485,-0.015,0.02106,0.00742,0.01364,-,False
1269,21.15,0.31565,0.2708,-0.04485,-0.015,0.02414,0.00743,0.01672,-,False
1270,21.1667,0.3154,0.27061,-0.04479,-0.015,0.02838,0.0074,0.02098,-,False
1271,21.1833,0.31515,0.27049,-0.04465,-0.015,0.03188,0.00733,0.02455,-,False
1272,21.2,0.3149,0.27049,-0.04441,-0.015,0.04121,0.0072,0.03401,-,False
1273,21.2167,0.31465,0.27045,-0.04419,-0.015,0.03172,0.0071,0.02463,-,False
1274,21.2333,0.3144,0.27037,-0.04403,-0.015,0.03115,0.00702,0.02414,-,False
1275,21.25,0.31415,0.27032,-0.04383,-0.015,0.03605,0.00692,0.02914,-,False
1276,21.2667,0.3139,0.2703,-0.0436,-0.015,0.03658,0.0068,0.02978,-,False
1277,21.2833,0.31365,0.27031,-0.04333,-0.015,0.03692,0.00667,0.03025,-,False
1278,21.3,0.3134,0.27035,-0.04305,-0.015,0.0415,0.00652,0.03498,-,False
1279,21.3167,0.31315,0.27038,-0.04277,-0.015,0.03643,0.00638,0.03005,-,False
1280,21.3333,0.3129,0.27038,-0.04252,-0.015,0.03757,0.00626,0.03131,-,False
1281,21.35,0.31265,0.27039,-0.04226,-0.015,0.03739,0.00613,0.03126,-,False
1282,21.3667,0.3124,0.2704,-0.042,-0.015,0.03862,0.006,0.03262,-,False
1283,21.3833,0.31215,0.27041,-0.04173,-0.015,0.03576,0.00587,0.02989,-,False
1284,21.4,0.3119,0.27045,-0.04144,-0.015,0.04315,0.00572,0.03743,-,False
1285,21.4167,0.31165,0.27053,-0.04112,-0.015,0.04023,0.00556,0.03467,-,False
1286,21.4333,0.3114,0.27054,-0.04086,-0.015,0.03584,0.00543,0.03041,-,False
1287,21.45,0.31115,0.27059,-0.04056,-0.015,0.0406,0.00528,0.03532,-,False
1288,21.4667,0.3109,0.2707,-0.04019,-0.015,0.04625,0.0051,0.04115,-,False
1289,21.4833,0.31065,0.27085,-0.0398,-0.015,0.04389,0.0049,0.03899,-,False
1290,21.5,0.3104,0.27093,-0.03946,-0.015,0.04059,0.00473,0.03586,-,False
1291,21.5167,0.31015,0.27095,-0.0392,-0.015,0.03815,0.0046,0.03355,-,False
1292,21.5333,0.3099,0.27095,-0.03895,-0.015,0.036,0.00447,0.03153,-,False
1293,21.55,0.30965,0.27093,-0.03871,-0.015,0.03597,0.00436,0.03161,-,False
1294,21.5667,0.3094,0.2709,-0.03849,-0.015,0.03387,0.00425,0.02962,-,False
1295,21.5833,0.30915,0.27084,-0.03831,-0.015,0.03256,0.00416,0.0284,-,False
1296,21.6,0.3089,0.27079,-0.0381,-0.015,0.03464,0.00405,0.03058,-,False
1297,21.6167,0.30865,0.27078,-0.03787,-0.015,0.0357,0.00393,0.03177,-,False
1298,21.6333,0.3084,0.27074,-0.03766,-0.015,0.03332,0.00383,0.02949,-,False
1299,21.65,0.30815,0.27073,-0.03742,-0.015,0.03708,0.00371,0.03337,-,False
1300,21.6667,0.3079,0.27072,-0.03718,-0.015,0.0374,0.00359,0.03381,-,False
1301,21.6833,0.30765,0.27081,-0.03684,-0.015,0.04316,0.00342,0.03974,-,False
1302,21.7,0.3074,0.27083,-0.03657,-0.015,0.03471,0.00329,0.03143,-,False
1303,21.7167,0.30715,0.27082,-0.03632,-0.015,0.03814,0.00316,0.03498,-,False
1304,21.7333,0.3069,0.27088,-0.03602,-0.015,0.03984,0.00301,0.03683,-,False
1305,21.75,0.30665,0.27092,-0.03573,-0.015,0.03902,0.00286,0.03615,-,False
1306,21.7667,0.3064,0.27099,-0.0354,-0.015,0.04285,0.0027,0.04015,-,False
1307,21.7833,0.30615,0.27108,-0.03506,-0.015,0.03984,0.00253,0.03731,-,False
1308,21.8,0.3059,0.27115,-0.03475,-0.015,0.03952,0.00237,0.03714,-,False
1309,21.8167,0.30565,0.27121,-0.03444,-0.015,0.04054,0.00222,0.03832,-,False
1310,21.8333,0.3054,0.2713,-0.0341,-0.015,0.04149,0.00205,0.03944,-,False
1311,21.85,0.30515,0.27136,-0.03378,-0.015,0.0398,0.00189,0.03791,-,False
1312,21.8667,0.3049,0.27149,-0.03341,-0.015,0.0462,0.0017,0.04449,-,False
1313,21.8833,0.30465,0.2717,-0.03294,-0.015,0.05041,0.00147,0.04894,-,False
1314,21.9,0.3044,0.27198,-0.03241,-0.015,0.05443,0.00121,0.05323,-,False
1315,21.9167,0.30415,0.27224,-0.03191,-0.015,0.04805,0.00095,0.0471,-,False
1316,21.9333,0.3039,0.27241,-0.03149,-0.015,0.04494,0.00075,0.0442,-,False
1317,21.95,0.30365,0.27249,-0.03116,-0.015,0.03796,0.00058,0.03738,-,False
1318,21.9667,0.3034,0.27254,-0.03086,-0.015,0.04032,0.00043,0.03989,-,False
1319,21.9833,0.30315,0.27261,-0.03054,-0.015,0.04122,0.00027,0.04096,-,False
1320,22.0,0.3029,0.27263,-0.03027,-0.015,0.03507,0.00013,0.03494,-,False
1321,22.0167,0.30265,0.27256,-0.03008,-0.015,0.03119,4e-05,0.03115,-,False
1322,22.0333,0.3024,0.27251,-0.02989,-0.015,0.03423,-6e-05,0.03429,-,False
1323,22.05,0.30215,0.27247,-0.02968,-0.015,0.03416,-0.00016,0.03432,-,False
1324,22.0667,0.3019,0.2724,-0.0295,-0.015,0.03265,-0.00025,0.0329,-,False
1325,22.0833,0.30165,0.27227,-0.02938,-0.015,0.02525,-0.00031,0.02556,-,False
1326,22.1,0.3014,0.27208,-0.02932,-0.015,0.0253,-0.00034,0.02564,-,False
1327,22.1167,0.30115,0.27195,-0.0292,-0.015,0.03108,-0.0004,0.03148,-,False
1328,22.1333,0.3009,0.27186,-0.02903,-0.015,0.0328,-0.00048,0.03328,-,False
1329,22.15,0.30065,0.27177,-0.02888,-0.015,0.02994,-0.00056,0.0305,-,False
1330,22.1667,0.3004,0.27164,-0.02876,-0.015,0.02787,-0.00062,0.02849,-,False
1331,22.1833,0.30015,0.27155,-0.0286,-0.015,0.03404,-0.0007,0.03474,-,False
1332,22.2,0.2999,0.27148,-0.02841,-0.015,0.03053,-0.00079,0.03132,-,False
1333,22.2167,0.29965,0.27144,-0.02821,-0.015,0.03652,-0.0009,0.03742,-,False
1334,22.2333,0.2994,0.27152,-0.02788,-0.015,0.04238,-0.00106,0.04344,-,False
1335,22.25,0.29915,0.27165,-0.0275,-0.015,0.04553,-0.00125,0.04678,-,False
1336,22.2667,0.2989,0.27179,-0.02711,-0.015,0.0425,-0.00145,0.04394,-,False
1337,22.2833,0.29865,0.27182,-0.02683,-0.015,0.0369,-0.00158,0.03848,-,False
1338,22.3,0.2984,0.27182,-0.02658,-0.015,0.03432,-0.00171,0.03604,-,False
1339,22.3167,0.29815,0.27179,-0.02636,-0.015,0.0353,-0.00182,0.03712,-,False
1340,22.3333,0.2979,0.27179,-0.02611,-0.015,0.03679,-0.00195,0.03874,-,False
1341,22.35,0.29765,0.27188,-0.02577,-0.015,0.04384,-0.00212,0.04596,-,False
1342,22.3667,0.2974,0.27198,-0.02541,-0.015,0.04263,-0.00229,0.04492,-,False
1343,22.3833,0.29715,0.27201,-0.02514,-0.015,0.03419,-0.00243,0.03662,-,False
1344,22.4,0.2969,0.27202,-0.02488,-0.015,0.03821,-0.00256,0.04077,-,False
1345,22.4167,0.29665,0.27207,-0.02458,-0.015,0.03947,-0.00271,0.04218,-,False
1346,22.4333,0.2964,0.27202,-0.02438,-0.015,0.02979,-0.00281,0.0326,-,False
1347,22.45,0.29615,0.27197,-0.02418,-0.015,0.03327,-0.00291,0.03618,-,False
1348,22.4667,0.2959,0.2719,-0.024,-0.015,0.03321,-0.003,0.03621,-,False
1349,22.4833,0.29565,0.27186,-0.02378,-0.015,0.03329,-0.00311,0.0364,-,False
1350,22.5,0.2954,0.27178,-0.02362,-0.015,0.03145,-0.00319,0.03464,-,False
1351,22.5167,0.29515,0.27172,-0.02343,-0.015,0.03273,-0.00329,0.03602,-,False
1352,22.5333,0.2949,0.27165,-0.02324,-0.015,0.03312,-0.00338,0.0365,-,False
1353,22.55,0.29465,0.27159,-0.02306,-0.015,0.03128,-0.00347,0.03475,-,False
1354,22.5667,0.2944,0.27153,-0.02287,-0.015,0.03447,-0.00356,0.03804,-,False
1355,22.5833,0.29415,0.27155,-0.02259,-0.015,0.04003,-0.0037,0.04373,-,False
1356,22.6,0.2939,0.27156,-0.02234,-0.015,0.03487,-0.00383,0.0387,-,False
1357,22.6167,0.29365,0.27154,-0.02211,-0.015,0.03581,-0.00394,0.03975,-,False
1358,22.6333,0.2934,0.2716,-0.0218,-0.015,0.04137,-0.0041,0.04547,-,False
1359,22.65,0.29315,0.27168,-0.02147,-0.015,0.04135,-0.00427,0.04561,-,False
1360,22.6667,0.2929,0.27175,-0.02115,-0.015,0.03967,-0.00443,0.0441,-,False
1361,22.6833,0.29265,0.2718,-0.02085,-0.015,0.03927,-0.00458,0.04384,-,False
1362,22.7,0.2924,0.27187,-0.02053,-0.015,0.04011,-0.00474,0.04485,-,False
1363,22.7167,0.29215,0.27186,-0.02029,-0.015,0.03476,-0.00485,0.03961,-,False
1364,22.7333,0.2919,0.27179,-0.02011,-0.015,0.0296,-0.00494,0.03454,-,False
1365,22.75,0.29165,0.27174,-0.01991,-0.015,0.03729,-0.00505,0.04234,-,False
1366,22.7667,0.2914,0.27177,-0.01963,-0.015,0.03775,-0.00519,0.04294,-,False
1367,22.7833,0.29115,0.27183,-0.01931,-0.015,0.04273,-0.00534,0.04808,-,False
1368,22.8,0.2909,0.27195,-0.01895,-0.015,0.04181,-0.00553,0.04734,-,False
1369,22.8167,0.29065,0.27204,-0.0186,-0.015,0.04221,-0.0057,0.04791,-,False
1370,22.8333,0.2904,0.27202,-0.01837,-0.015,0.0302,-0.00581,0.03602,-,False
1371,22.85,0.29015,0.27195,-0.0182,-0.015,0.03218,-0.0059,0.03808,-,False
1372,22.8667,0.2899,0.27194,-0.01796,-0.015,0.03635,-0.00602,0.04237,-,False
1373,22.8833,0.28965,0.27193,-0.01772,-0.015,0.03595,-0.00614,0.0421,-,False
1374,22.9,0.2894,0.2719,-0.0175,-0.015,0.03348,-0.00625,0.03973,-,False
1375,22.9167,0.28915,0.27187,-0.01728,-0.015,0.03518,-0.00636,0.04154,-,False
1376,22.9333,0.2889,0.27181,-0.01709,-0.015,0.03097,-0.00645,0.03742,-,False
1377,22.95,0.28865,0.27173,-0.01692,-0.015,0.03201,-0.00654,0.03855,-,False
1378,22.9667,0.2884,0.27163,-0.01676,-0.015,0.03132,-0.00662,0.03794,-,False
1379,22.9833,0.28815,0.27155,-0.01659,-0.015,0.03138,-0.0067,0.03808,-,False
1380,23.0,0.2879,0.27149,-0.0164,-0.015,0.03513,-0.0068,0.04193,-,False
1381,23.0167,0.28765,0.27155,-0.0161,-0.015,0.04159,-0.00695,0.04854,-,False
1382,23.0333,0.2874,0.27158,-0.01582,-0.015,0.03738,-0.00709,0.04447,-,False
1383,23.05,0.28715,0.27153,-0.01561,-0.015,0.03067,-0.00719,0.03786,-,False
1384,23.0667,0.2869,0.27146,-0.01543,-0.015,0.03384,-0.00728,0.04113,-,False
1385,23.0833,0.28665,0.27148,-0.01517,-0.015,0.03852,-0.00741,0.04593,-,False
1386,23.1,0.2864,0.27152,-0.01488,-0.015,0.03978,-0.00756,0.04734,-,False
1387,23.1167,0.28615,0.27159,-0.01455,-0.015,0.04123,-0.00772,0.04895,-,False
1388,23.1333,0.2859,0.27163,-0.01427,-0.015,0.03823,-0.00787,0.0461,-,False
1389,23.15,0.28565,0.27172,-0.01393,-0.015,0.04235,-0.00803,0.05039,-,False
1390,23.1667,0.2854,0.2718,-0.0136,-0.015,0.04136,-0.0082,0.04956,-,False
1391,23.1833,0.28515,0.27184,-0.01331,-0.015,0.03646,-0.00835,0.0448,-,False
1392,23.2,0.2849,0.27184,-0.01306,-0.015,0.03685,-0.00847,0.04532,-,False
1393,23.2167,0.28465,0.27187,-0.01278,-0.015,0.03988,-0.00861,0.04849,-,False
1394,23.2333,0.2844,0.27192,-0.01247,-0.015,0.03923,-0.00876,0.04799,-,False
1395,23.25,0.28415,0.27194,-0.0122,-0.015,0.03697,-0.0089,0.04586,-,False
1396,23.2667,0.2839,0.27198,-0.01191,-0.015,0.04013,-0.00904,0.04918,-,False
1397,23.2833,0.28365,0.27201,-0.01164,-0.015,0.03725,-0.00918,0.04644,-,False
1398,23.3,0.2834,0.27202,-0.01137,-0.015,0.03781,-0.00931,0.04713,-,False
1399,23.3167,0.28315,0.27204,-0.01111,-0.015,0.03657,-0.00944,0.04602,-,False
1400,23.3333,0.2829,0.27206,-0.01084,-0.015,0.03855,-0.00958,0.04813,-,False
1401,23.35,0.28265,0.27209,-0.01056,-0.015,0.03765,-0.00972,0.04737,-,False
1402,23.3667,0.2824,0.27205,-0.01035,-0.015,0.03151,-0.00982,0.04133,-,False
1403,23.3833,0.28215,0.27202,-0.01013,-0.015,0.03646,-0.00994,0.0464,-,False
1404,23.4,0.2819,0.27205,-0.00985,-0.015,0.0393,-0.01008,0.04938,-,False
1405,23.4167,0.28165,0.27207,-0.00958,-0.015,0.03701,-0.01021,0.04722,-,False
1406,23.4333,0.2814,0.27203,-0.00936,-0.015,0.03254,-0.01032,0.04286,-,False
1407,23.45,0.28115,0.27195,-0.0092,-0.015,0.03077,-0.0104,0.04117,-,False
1408,23.4667,0.2809,0.27188,-0.00902,-0.015,0.03214,-0.01049,0.04263,-,False
1409,23.4833,0.28065,0.27181,-0.00883,-0.015,0.03284,-0.01058,0.04342,-,False
1410,23.5,0.2804,0.27175,-0.00865,-0.015,0.03223,-0.01068,0.0429,-,False
1411,23.5167,0.28015,0.27169,-0.00846,-0.015,0.03328,-0.01077,0.04405,-,False
1412,23.5333,0.2799,0.27162,-0.00828,-0.015,0.03084,-0.01086,0.0417,-,False
1413,23.55,0.27965,0.27156,-0.00809,-0.015,0.03518,-0.01096,0.04614,-,False
1414,23.5667,0.2794,0.2716,-0.00779,-0.015,0.04121,-0.0111,0.05231,-,False
1415,23.5833,0.27915,0.27165,-0.00749,-0.015,0.03861,-0.01125,0.04986,-,False
1416,23.6,0.2789,0.27173,-0.00717,-0.015,0.04132,-0.01141,0.05274,-,False
1417,23.6167,0.27865,0.27179,-0.00685,-0.015,0.04038,-0.01157,0.05195,-,False
1418,23.6333,0.2784,0.27174,-0.00665,-0.015,0.02884,-0.01167,0.04052,-,False
1419,23.65,0.27815,0.27167,-0.00648,-0.015,0.03227,-0.01176,0.04403,-,False
1420,23.6667,0.2779,0.27161,-0.00629,-0.015,0.03333,-0.01185,0.04518,-,False
1421,23.6833,0.27765,0.27163,-0.00602,-0.015,0.03957,-0.01199,0.05156,-,False
1422,23.7,0.2774,0.27162,-0.00578,-0.015,0.03428,-0.01211,0.04639,-,False
1423,23.7167,0.27715,0.27164,-0.0055,-0.015,0.04011,-0.01225,0.05235,-,False
1424,23.7333,0.2769,0.27172,-0.00518,-0.015,0.04132,-0.01241,0.05373,-,False
1425,23.75,0.27665,0.27175,-0.00489,-0.015,0.03727,-0.01255,0.04983,-,False
1426,23.7667,0.2764,0.27171,-0.00468,-0.015,0.03187,-0.01266,0.04453,-,False
1427,23.7833,0.27615,0.27164,-0.00451,-0.015,0.03285,-0.01275,0.0456,-,False
1428,23.8,0.2759,0.27163,-0.00427,-0.015,0.03697,-0.01287,0.04983,-,False
1429,23.8167,0.27565,0.2716,-0.00405,-0.015,0.03297,-0.01298,0.04594,-,False
1430,23.8333,0.2754,0.27154,-0.00386,-0.015,0.03348,-0.01307,0.04655,-,False
1431,23.85,0.27515,0.27154,-0.00361,-0.015,0.03743,-0.0132,0.05063,-,False
1432,23.8667,0.2749,0.27155,-0.00335,-0.015,0.03664,-0.01332,0.04997,-,False
1433,23.8833,0.27465,0.27154,-0.00311,-0.015,0.03642,-0.01345,0.04987,-,False
1434,23.9,0.2744,0.27156,-0.00284,-0.015,0.03868,-0.01358,0.05226,-,False
1435,23.9167,0.27415,0.27159,-0.00256,-0.015,0.03795,-0.01372,0.05168,-,False
1436,23.9333,0.2739,0.27163,-0.00227,-0.015,0.03948,-0.01386,0.05335,-,False
1437,23.95,0.27365,0.27173,-0.00192,-0.015,0.04405,-0.01404,0.05809,-,False
1438,23.9667,0.2734,0.27183,-0.00157,-0.015,0.0414,-0.01421,0.05562,-,False
1439,23.9833,0.27315,0.27186,-0.00129,-0.015,0.03663,-0.01436,0.05099,-,False
1440,24.0,0.2729,0.27185,-0.00105,-0.015,0.03525,-0.01448,0.04973,-,False
1441,24.0167,0.27265,0.27187,-0.00078,-0.015,0.03876,-0.01461,0.05337,-,False
1442,24.0333,0.2724,0.27187,-0.00053,-0.015,0.03555,-0.01473,0.05029,-,False
1443,24.05,0.27215,0.27182,-0.00033,-0.015,0.03279,-0.01484,0.04763,-,False
1444,24.0667,0.2719,0.27174,-0.00016,-0.015,0.03121,-0.01492,0.04613,-,False
1445,24.0833,0.27165,0.27167,2e-05,-0.015,0.03264,-0.01501,0.04764,-,False
1446,24.1,0.2714,0.2716,0.0002,-0.015,0.03179,-0.0151,0.04689,-,False
1447,24.1167,0.27115,0.27155,0.0004,-0.015,0.03528,-0.0152,0.05048,-,False
1448,24.1333,0.2709,0.27153,0.00064,-0.015,0.03565,-0.01532,0.05096,-,False
1449,24.15,0.27065,0.27156,0.00091,-0.015,0.03914,-0.01546,0.0546,-,False
1450,24.1667,0.2704,0.27164,0.00124,-0.015,0.04221,-0.01562,0.05783,-,False
1451,24.1833,0.27015,0.27166,0.00151,-0.015,0.03401,-0.01575,0.04976,-,False
1452,24.2,0.2701,0.27161,0.00151,0.015,0.03378,0.01424,0.01954,+,False
1453,24.2167,0.27035,0.27172,0.00136,0.015,0.04809,0.01432,0.03377,+,False
1454,24.2333,0.2706,0.27201,0.00141,0.015,0.05649,0.01429,0.0422,+,False
1455,24.25,0.27085,0.27231,0.00145,0.015,0.05249,0.01427,0.03822,+,False
1456,24.2667,0.2711,0.27249,0.00139,0.015,0.04348,0.01431,0.02917,+,False
1457,24.2833,0.27135,0.27253,0.00118,0.015,0.03542,0.01441,0.02101,+,False
1458,24.3,0.2716,0.27252,0.00092,0.015,0.03568,0.01454,0.02114,+,False
1459,24.3167,0.27185,0.2725,0.00065,0.015,0.0349,0.01467,0.02023,+,False
1460,24.3333,0.2721,0.27244,0.00034,0.015,0.03212,0.01483,0.01729,+,False
1461,24.35,0.27235,0.27234,-2e-05,0.015,0.02865,0.01501,0.01364,+,False
1462,24.3667,0.2726,0.27218,-0.00043,0.015,0.02734,0.01521,0.01212,+,False
1463,24.3833,0.27285,0.27197,-0.00088,0.015,0.02147,0.01544,0.00603,+,False
1464,24.4,0.2731,0.27175,-0.00136,0.015,0.02521,0.01568,0.00954,+,False
1465,24.4167,0.27335,0.2716,-0.00175,0.015,0.02912,0.01588,0.01325,+,False
1466,24.4333,0.2736,0.27152,-0.00208,0.015,0.03445,0.01604,0.0184,+,False
1467,24.45,0.27385,0.27153,-0.00232,0.015,0.03831,0.01616,0.02215,+,False
1468,24.4667,0.2741,0.27155,-0.00255,0.015,0.03616,0.01628,0.01988,+,False
1469,24.4833,0.27435,0.27148,-0.00287,0.015,0.03181,0.01644,0.01537,+,False
1470,24.5,0.2746,0.27142,-0.00318,0.015,0.03171,0.01659,0.01512,+,False
1471,24.5167,0.27485,0.27146,-0.00339,0.015,0.04288,0.0167,0.02618,+,False
1472,24.5333,0.2751,0.27158,-0.00352,0.015,0.04486,0.01676,0.0281,+,False
1473,24.55,0.27535,0.27174,-0.00361,0.015,0.04599,0.01681,0.02919,+,False
1474,24.5667,0.2756,0.27186,-0.00374,0.015,0.04205,0.01687,0.02517,+,False
1475,24.5833,0.27585,0.27184,-0.00402,0.015,0.03082,0.01701,0.01381,+,False
1476,24.6,0.2761,0.27177,-0.00434,0.015,0.03143,0.01717,0.01426,+,False
1477,24.6167,0.27635,0.27165,-0.0047,0.015,0.02934,0.01735,0.01199,+,False
1478,24.6333,0.2766,0.27154,-0.00506,0.015,0.02986,0.01753,0.01233,+,False
1479,24.65,0.27685,0.27144,-0.00541,0.015,0.03191,0.01771,0.0142,+,False
1480,24.6667,0.2771,0.2714,-0.0057,0.015,0.03532,0.01785,0.01748,+,False
1481,24.6833,0.27735,0.27132,-0.00603,0.015,0.02931,0.01802,0.01129,+,False
1482,24.7,0.2776,0.27123,-0.00638,0.015,0.03239,0.01819,0.0142,+,False
1483,24.7167,0.27785,0.27115,-0.0067,0.015,0.03159,0.01835,0.01324,+,False
1484,24.7333,0.2781,0.27116,-0.00694,0.015,0.04045,0.01847,0.02198,+,False
1485,24.75,0.27835,0.27121,-0.00714,0.015,0.03851,0.01857,0.01994,+,False
1486,24.7667,0.2786,0.27118,-0.00742,0.015,0.0311,0.01871,0.01239,+,False
1487,24.7833,0.27885,0.27116,-0.0077,0.015,0.03704,0.01885,0.01819,+,False
1488,24.8,0.2791,0.27115,-0.00795,0.015,0.03582,0.01897,0.01685,+,False
1489,24.8167,0.27935,0.27108,-0.00827,0.015,0.02996,0.01914,0.01082,+,False
1490,24.8333,0.2796,0.27095,-0.00865,0.015,0.02699,0.01933,0.00766,+,False
1491,24.85,0.27985,0.27084,-0.00901,0.015,0.03168,0.01951,0.01218,+,False
1492,24.8667,0.2801,0.27076,-0.00935,0.015,0.03178,0.01967,0.0121,+,False
1493,24.8833,0.28035,0.27069,-0.00966,0.015,0.03228,0.01983,0.01245,+,False
1494,24.9,0.2806,0.27063,-0.00997,0.015,0.03464,0.01999,0.01465,+,False
1495,24.9167,0.28085,0.27054,-0.01032,0.015,0.02844,0.02016,0.00828,+,False
1496,24.9333,0.2811,0.27048,-0.01062,0.015,0.03589,0.02031,0.01558,+,False
1497,24.95,0.28135,0.27055,-0.01081,0.015,0.04449,0.0204,0.02409,+,False
1498,24.9667,0.2816,0.27069,-0.01091,0.015,0.04486,0.02046,0.02441,+,False
1499,24.9833,0.28185,0.27088,-0.01097,0.015,0.04922,0.02048,0.02873,+,False
1500,25.0,0.2821,0.27113,-0.01098,0.015,0.05009,0.02049,0.0296,+,False
1501,25.0167,0.28235,0.27135,-0.011,0.015,0.05003,0.0205,0.02953,+,False
1502,25.0333,0.2826,0.27155,-0.01105,0.015,0.04622,0.02053,0.02569,+,False
1503,25.05,0.28285,0.27176,-0.0111,0.015,0.05028,0.02055,0.02973,+,False
1504,25.0667,0.2831,0.27198,-0.01112,0.015,0.04917,0.02056,0.02861,+,False
1505,25.0833,0.28335,0.27214,-0.01121,0.015,0.04509,0.0206,0.02449,+,False
1506,25.1,0.2836,0.27222,-0.01139,0.015,0.03792,0.02069,0.01723,+,False
1507,25.1167,0.28385,0.27218,-0.01168,0.015,0.03123,0.02084,0.01039,+,False
1508,25.1333,0.2841,0.27206,-0.01204,0.015,0.02968,0.02102,0.00866,+,False
1509,25.15,0.28435,0.27195,-0.0124,0.015,0.03047,0.0212,0.00927,+,False
1510,25.1667,0.2846,0.27184,-0.01276,0.015,0.02951,0.02138,0.00812,+,False
1511,25.1833,0.28485,0.27171,-0.01314,0.015,0.02881,0.02157,0.00724,+,False
1512,25.2,0.2851,0.27158,-0.01352,0.015,0.02871,0.02176,0.00695,+,False
1513,25.2167,0.28535,0.27142,-0.01393,0.015,0.02675,0.02197,0.00479,+,False
1514,25.2333,0.2856,0.27128,-0.01432,0.015,0.02523,0.02216,0.00306,+,False
1515,25.25,0.28585,0.2712,-0.01465,0.015,0.03742,0.02233,0.01509,+,False
1516,25.2667,0.2861,0.27128,-0.01482,0.015,0.04336,0.02241,0.02096,+,False
1517,25.2833,0.28635,0.27132,-0.01504,0.015,0.03652,0.02252,0.014,+,False
1518,25.3,0.2866,0.2713,-0.0153,0.015,0.03369,0.02265,0.01104,+,False
1519,25.3167,0.28685,0.27121,-0.01564,0.015,0.03025,0.02282,0.00743,+,False
1520,25.3333,0.2871,0.27114,-0.01596,0.015,0.03425,0.02298,0.01127,+,False
1521,25.35,0.28735,0.27112,-0.01623,0.015,0.03504,0.02312,0.01192,+,False
1522,25.3667,0.2876,0.27111,-0.01649,0.015,0.03761,0.02325,0.01436,+,False
1523,25.3833,0.28785,0.27115,-0.0167,0.015,0.03865,0.02335,0.0153,+,False
1524,25.4,0.2881,0.27124,-0.01686,0.015,0.04481,0.02343,0.02137,+,False
1525,25.4167,0.28835,0.27141,-0.01695,0.015,0.04515,0.02347,0.02168,+,False
1526,25.4333,0.2886,0.27154,-0.01706,0.015,0.04451,0.02353,0.02098,+,False
1527,25.45,0.28885,0.27173,-0.01712,0.015,0.04776,0.02356,0.0242,+,False
1528,25.4667,0.2891,0.27189,-0.01721,0.015,0.04567,0.0236,0.02207,+,False
1529,25.4833,0.28935,0.27194,-0.01741,0.015,0.03438,0.0237,0.01068,+,False
1530,25.5,0.2896,0.27194,-0.01766,0.015,0.03685,0.02383,0.01302,+,False
1531,25.5167,0.28985,0.27198,-0.01787,0.015,0.03963,0.02393,0.0157,+,False
1532,25.5333,0.2901,0.27198,-0.01812,0.015,0.03472,0.02406,0.01066,+,False
1533,25.55,0.29035,0.27197,-0.01838,0.015,0.03613,0.02419,0.01194,+,False
1534,25.5667,0.2906,0.27191,-0.01869,0.015,0.03163,0.02435,0.00728,+,False
1535,25.5833,0.29085,0.2718,-0.01905,0.015,0.02939,0.02452,0.00486,+,False
1536,25.6,0.2911,0.27168,-0.01943,0.015,0.02898,0.02471,0.00426,+,False
1537,25.6167,0.29135,0.27158,-0.01977,0.015,0.03273,0.02488,0.00784,+,False
1538,25.6333,0.2916,0.27152,-0.02008,0.015,0.0317,0.02504,0.00666,+,False
1539,25.65,0.29185,0.27143,-0.02042,0.015,0.03187,0.02521,0.00666,+,False
1540,25.6667,0.2921,0.2714,-0.0207,0.015,0.0349,0.02535,0.00955,+,False
1541,25.6833,0.29235,0.27135,-0.021,0.015,0.03378,0.0255,0.00828,+,False
1542,25.7,0.2926,0.2713,-0.0213,0.015,0.03341,0.02565,0.00776,+,False
1543,25.7167,0.29285,0.27128,-0.02157,0.015,0.03639,0.02579,0.0106,+,False
1544,25.7333,0.2931,0.2713,-0.0218,0.015,0.0384,0.0259,0.0125,+,False
1545,25.75,0.29335,0.27137,-0.02199,0.015,0.04053,0.02599,0.01453,+,False
1546,25.7667,0.2936,0.27144,-0.02217,0.015,0.03942,0.02608,0.01334,+,False
1547,25.7833,0.29385,0.27146,-0.0224,0.015,0.03858,0.0262,0.01239,+,False
1548,25.8,0.2941,0.27143,-0.02267,0.015,0.03253,0.02633,0.0062,+,False
1549,25.8167,0.29435,0.27134,-0.02302,0.015,0.02977,0.02651,0.00327,+,False
1550,25.8333,0.2946,0.27128,-0.02332,0.015,0.03403,0.02666,0.00737,+,False
1551,25.85,0.29485,0.27126,-0.0236,0.015,0.03596,0.0268,0.00916,+,False
1552,25.8667,0.2951,0.27124,-0.02387,0.015,0.03462,0.02693,0.00769,+,False
1553,25.8833,0.29535,0.27118,-0.02417,0.015,0.03236,0.02709,0.00527,+,False
1554,25.9,0.2956,0.27115,-0.02445,0.015,0.03645,0.02723,0.00922,+,False
1555,25.9167,0.29585,0.27116,-0.02469,0.015,0.03715,0.02735,0.00981,+,False
1556,25.9333,0.2961,0.27119,-0.02491,0.015,0.03908,0.02746,0.01162,+,False
1557,25.95,0.29635,0.2713,-0.02506,0.015,0.04313,0.02753,0.0156,+,False
1558,25.9667,0.2966,0.27139,-0.02521,0.015,0.04231,0.02761,0.0147,+,False
1559,25.9833,0.29685,0.27151,-0.02535,0.015,0.04244,0.02767,0.01477,+,False
1560,26.0,0.2971,0.27157,-0.02554,0.015,0.03886,0.02777,0.01109,+,False
1561,26.0167,0.29735,0.27159,-0.02576,0.015,0.03707,0.02788,0.0092,+,False
1562,26.0333,0.2976,0.27158,-0.02602,0.015,0.03536,0.02801,0.00736,+,False
1563,26.05,0.29785,0.27156,-0.02629,0.015,0.03434,0.02815,0.00619,+,False
1564,26.0667,0.2981,0.27152,-0.02658,0.015,0.03439,0.02829,0.0061,+,False
1565,26.0833,0.29835,0.27154,-0.02681,0.015,0.03854,0.02841,0.01013,+,False
1566,26.1,0.2986,0.27151,-0.02709,0.015,0.03374,0.02855,0.0052,+,False
1567,26.1167,0.29885,0.27143,-0.02742,0.015,0.0304,0.02871,0.00169,+,False
1568,26.1333,0.2991,0.27133,-0.02777,0.015,0.03138,0.02889,0.00249,+,False
1569,26.15,0.29935,0.2713,-0.02806,0.015,0.03553,0.02903,0.0065,+,False
1570,26.1667,0.2996,0.27129,-0.02831,0.015,0.03781,0.02915,0.00866,+,False
1571,26.1833,0.29985,0.2713,-0.02855,0.015,0.03492,0.02928,0.00565,+,False
1572,26.2,0.3001,0.2713,-0.0288,0.015,0.0377,0.0294,0.0083,+,False
1573,26.2167,0.30035,0.27138,-0.02897,0.015,0.04185,0.02949,0.01236,+,False
1574,26.2333,0.3006,0.27147,-0.02914,0.015,0.04231,0.02957,0.01274,+,False
1575,26.25,0.30085,0.27154,-0.02931,0.015,0.03974,0.02965,0.01008,+,False
1576,26.2667,0.3011,0.27159,-0.02951,0.015,0.03776,0.02976,0.008,+,False
1577,26.2833,0.30135,0.27166,-0.0297,0.015,0.04224,0.02985,0.01239,+,False
1578,26.3,0.3016,0.27178,-0.02982,0.015,0.04516,0.02991,0.01525,+,False
1579,26.3167,0.30185,0.27183,-0.03002,0.015,0.0349,0.03001,0.00489,+,False
1580,26.3333,0.3021,0.2718,-0.0303,0.015,0.03559,0.03015,0.00544,+,False
1581,26.35,0.30235,0.27179,-0.03057,0.015,0.03466,0.03028,0.00437,+,False
1582,26.3667,0.3026,0.27182,-0.03078,0.015,0.04079,0.03039,0.0104,+,False
1583,26.3833,0.30285,0.27198,-0.03087,0.015,0.04855,0.03044,0.01811,+,False
1584,26.4,0.3031,0.2721,-0.03101,0.015,0.03999,0.0305,0.00949,+,False
1585,26.4167,0.30335,0.27219,-0.03117,0.015,0.04226,0.03058,0.01167,+,False
1586,26.4333,0.3036,0.27229,-0.03131,0.015,0.04339,0.03066,0.01274,+,False
1587,26.45,0.30385,0.27238,-0.03147,0.015,0.04115,0.03074,0.01042,+,False
1588,26.4667,0.3041,0.27238,-0.03172,0.015,0.03434,0.03086,0.00348,+,False
1589,26.4833,0.30435,0.27238,-0.03197,0.015,0.03751,0.03099,0.00652,+,False
1590,26.5,0.3046,0.27237,-0.03223,0.015,0.03554,0.03112,0.00443,+,False
1591,26.5167,0.30485,0.27232,-0.03253,0.015,0.03306,0.03127,0.00179,+,False
1592,26.5333,0.3051,0.27225,-0.03285,0.015,0.03168,0.03143,0.00025,+,False
1593,26.55,0.30535,0.27211,-0.03324,0.015,0.0265,0.03162,-0.00512,+,False
1594,26.5667,0.3056,0.27196,-0.03365,0.015,0.02641,0.03182,-0.00542,+,False
1595,26.5833,0.30585,0.27177,-0.03408,0.015,0.02564,0.03204,-0.0064,+,False
1596,26.6,0.3061,0.2716,-0.0345,0.015,0.02697,0.03225,-0.00529,+,False
1597,26.6167,0.30635,0.27145,-0.0349,0.015,0.02876,0.03245,-0.00369,+,False
1598,26.6333,0.3066,0.27132,-0.03528,0.015,0.02918,0.03264,-0.00346,+,False
1599,26.65,0.30685,0.2712,-0.03565,0.015,0.0302,0.03283,-0.00262,+,False
1600,26.6667,0.3071,0.27111,-0.03599,0.015,0.03221,0.033,-0.00079,+,False
1601,26.6833,0.30735,0.27107,-0.03628,0.015,0.03615,0.03314,0.003,+,False
1602,26.7,0.3076,0.27108,-0.03652,0.015,0.03787,0.03326,0.00461,+,False
1603,26.7167,0.30785,0.27113,-0.03672,0.015,0.04076,0.03336,0.0074,+,False
1604,26.7333,0.3081,0.27125,-0.03686,0.015,0.04473,0.03343,0.0113,+,False
1605,26.75,0.30835,0.27137,-0.03698,0.015,0.04292,0.03349,0.00943,+,False
1606,26.7667,0.3086,0.2715,-0.03711,0.015,0.0439,0.03355,0.01034,+,False
1607,26.7833,0.30885,0.27157,-0.03728,0.015,0.04,0.03364,0.00636,+,False
1608,26.8,0.3091,0.27157,-0.03753,0.015,0.03414,0.03376,0.00038,+,False
1609,26.8167,0.30935,0.27148,-0.03787,0.015,0.02965,0.03394,-0.00429,+,False
1610,26.8333,0.3096,0.27139,-0.03821,0.015,0.03101,0.03411,-0.0031,+,False
1611,26.85,0.30985,0.27135,-0.0385,0.015,0.03572,0.03425,0.00146,+,False
1612,26.8667,0.3101,0.27131,-0.03879,0.015,0.03447,0.0344,8e-05,+,False
1613,26.8833,0.31035,0.27124,-0.03911,0.015,0.03063,0.03456,-0.00393,+,False
1614,26.9,0.3106,0.27114,-0.03946,0.015,0.03113,0.03473,-0.0036,+,False
1615,26.9167,0.31085,0.27112,-0.03974,0.015,0.03676,0.03487,0.00189,+,False
1616,26.9333,0.3111,0.27109,-0.04001,0.015,0.03447,0.03501,-0.00053,+,False
1617,26.95,0.31135,0.27106,-0.04029,0.015,0.03456,0.03515,-0.00059,+,False
1618,26.9667,0.3116,0.27106,-0.04054,0.015,0.03784,0.03527,0.00257,+,False
1619,26.9833,0.31185,0.27108,-0.04077,0.015,0.03803,0.03539,0.00264,+,False
1620,27.0,0.3121,0.27109,-0.04101,0.015,0.03659,0.03551,0.00109,+,False
1621,27.0167,0.31235,0.27108,-0.04127,0.015,0.03517,0.03563,-0.00046,+,False
1622,27.0333,0.3126,0.27105,-0.04156,0.015,0.03332,0.03578,-0.00246,+,False
1623,27.05,0.31285,0.27099,-0.04186,0.015,0.03334,0.03593,-0.00259,+,False
1624,27.0667,0.3131,0.27105,-0.04206,0.015,0.0434,0.03603,0.00737,+,False
1625,27.0833,0.31335,0.2712,-0.04215,0.015,0.04689,0.03608,0.01081,+,False
1626,27.1,0.3136,0.27135,-0.04225,0.015,0.04416,0.03613,0.00803,+,False
1627,27.1167,0.31385,0.27143,-0.04242,0.015,0.03908,0.03621,0.00287,+,False
1628,27.1333,0.3141,0.27149,-0.04262,0.015,0.04008,0.03631,0.00377,+,False
1629,27.15,0.31435,0.27159,-0.04276,0.015,0.04327,0.03638,0.0069,+,False
1630,27.1667,0.3146,0.27172,-0.04288,0.015,0.04378,0.03644,0.00733,+,False
1631,27.1833,0.31485,0.27186,-0.04299,0.015,0.04447,0.0365,0.00797,+,False
1632,27.2,0.3151,0.27196,-0.04314,0.015,0.04035,0.03657,0.00378,+,False
1633,27.2167,0.31535,0.27197,-0.04339,0.015,0.03394,0.03669,-0.00275,+,False
1634,27.2333,0.3156,0.27192,-0.04368,0.015,0.03347,0.03684,-0.00337,+,False
1635,27.25,0.31585,0.27189,-0.04396,0.015,0.03343,0.03698,-0.00355,+,False
1636,27.2667,0.3161,0.27177,-0.04433,0.015,0.02774,0.03716,-0.00943,+,False
1637,27.2833,0.31635,0.27165,-0.0447,0.015,0.02891,0.03735,-0.00844,+,False
1638,27.3,0.3166,0.27151,-0.04509,0.015,0.02847,0.03755,-0.00908,+,False
1639,27.3167,0.31685,0.27143,-0.04542,0.015,0.03233,0.03771,-0.00538,+,False
1640,27.3333,0.3171,0.27133,-0.04577,0.015,0.03168,0.03788,-0.0062,+,False
1641,27.35,0.31735,0.27124,-0.04612,0.015,0.03011,0.03806,-0.00795,+,False
1642,27.3667,0.3176,0.27117,-0.04643,0.015,0.03369,0.03822,-0.00453,+,False
1643,27.3833,0.31785,0.27115,-0.0467,0.015,0.03622,0.03835,-0.00213,+,False
1644,27.4,0.3181,0.27118,-0.04692,0.015,0.03802,0.03846,-0.00044,+,False
1645,27.4167,0.31835,0.27119,-0.04716,0.015,0.03795,0.03858,-0.00063,+,False
1646,27.4333,0.3186,0.27125,-0.04735,0.015,0.03945,0.03868,0.00077,+,False
1647,27.45,0.31885,0.27125,-0.0476,0.015,0.03592,0.0388,-0.00288,+,False
1648,27.4667,0.3191,0.27128,-0.04782,0.015,0.03815,0.03891,-0.00076,+,False
1649,27.4833,0.31935,0.27131,-0.04804,0.015,0.03904,0.03902,2e-05,+,False
1650,27.5,0.3196,0.27139,-0.04822,0.015,0.03969,0.03911,0.00059,+,False
1651,27.5167,0.31985,0.27137,-0.04848,0.015,0.03351,0.03924,-0.00574,+,False
1652,27.5333,0.3201,0.27133,-0.04878,0.015,0.03302,0.03939,-0.00637,+,False
1653,27.55,0.32035,0.27127,-0.04909,0.015,0.03388,0.03954,-0.00566,+,False
1654,27.5667,0.3206,0.27128,-0.04932,0.015,0.03852,0.03966,-0.00114,+,False
1655,27.5833,0.32085,0.27126,-0.04959,0.015,0.0346,0.03979,-0.0052,+,False
1656,27.6,0.3211,0.27128,-0.04983,0.015,0.03722,0.03991,-0.0027,+,False
1657,27.6167,0.32135,0.27126,-0.0501,0.015,0.03501,0.04005,-0.00504,+,False
1658,27.6333,0.3216,0.27123,-0.05037,0.015,0.03398,0.04019,-0.00621,+,False
1659,27.65,0.32185,0.27125,-0.0506,0.015,0.04153,0.0403,0.00123,+,False
1660,27.6667,0.3221,0.2713,-0.0508,0.015,0.03734,0.0404,-0.00307,+,False
1661,27.6833,0.32235,0.27135,-0.051,0.015,0.04188,0.0405,0.00138,+,False
1662,27.7,0.3226,0.27149,-0.05111,0.015,0.04474,0.04056,0.00419,+,False
1663,27.7167,0.32285,0.27159,-0.05126,0.015,0.04147,0.04063,0.00084,+,False
1664,27.7333,0.3231,0.27168,-0.05142,0.015,0.04129,0.04071,0.00058,+,False
1665,27.75,0.32335,0.27173,-0.05162,0.015,0.03832,0.04081,-0.00249,+,False
1666,27.7667,0.3236,0.27176,-0.05184,0.015,0.03799,0.04092,-0.00293,+,False
1667,27.7833,0.32385,0.27176,-0.05209,0.015,0.03588,0.04105,-0.00516,+,False
1668,27.8,0.3241,0.27176,-0.05235,0.015,0.03573,0.04117,-0.00544,+,False
1669,27.8167,0.32435,0.27176,-0.0526,0.015,0.03675,0.0413,-0.00455,+,False
1670,27.8333,0.3246,0.27178,-0.05282,0.015,0.03793,0.04141,-0.00349,+,False
1671,27.85,0.32485,0.27177,-0.05309,0.015,0.03375,0.04154,-0.00779,+,False
1672,27.8667,0.3251,0.27172,-0.05339,0.015,0.03284,0.04169,-0.00886,+,False
1673,27.8833,0.32535,0.27175,-0.0536,0.015,0.04112,0.0418,-0.00068,+,False
1674,27.9,0.3256,0.27185,-0.05375,0.015,0.04307,0.04187,0.0012,+,False
1675,27.9167,0.32585,0.27194,-0.05392,0.015,0.0398,0.04196,-0.00215,+,False
1676,27.9333,0.3261,0.27193,-0.05417,0.015,0.03344,0.04209,-0.00864,+,False
1677,27.95,0.32635,0.27186,-0.05449,0.015,0.03214,0.04224,-0.01011,+,False
1678,27.9667,0.3266,0.2718,-0.0548,0.015,0.03313,0.0424,-0.00927,+,False
1679,27.9833,0.32685,0.27176,-0.0551,0.015,0.03416,0.04255,-0.00839,+,False
1680,28.0,0.3271,0.27172,-0.05538,0.015,0.03383,0.04269,-0.00886,+,False
1681,28.0167,0.32735,0.27161,-0.05575,0.015,0.02782,0.04287,-0.01505,+,False
1682,28.0333,0.3276,0.2715,-0.05611,0.015,0.03116,0.04305,-0.0119,+,False
1683,28.05,0.32785,0.27146,-0.05639,0.015,0.03617,0.04319,-0.00702,+,False
1684,28.0667,0.3281,0.27145,-0.05665,0.015,0.03457,0.04332,-0.00875,+,False
1685,28.0833,0.32835,0.27145,-0.05691,0.015,0.03764,0.04345,-0.00581,+,False
1686,28.1,0.3286,0.27151,-0.0571,0.015,0.04129,0.04355,-0.00225,+,False
1687,28.1167,0.32885,0.27158,-0.05727,0.015,0.04178,0.04364,-0.00186,+,False
1688,28.1333,0.3291,0.27166,-0.05745,0.015,0.03918,0.04372,-0.00455,+,False
1689,28.15,0.32935,0.27172,-0.05763,0.015,0.04104,0.04382,-0.00278,+,False
1690,28.1667,0.3296,0.27185,-0.05775,0.015,0.04477,0.04388,0.0009,+,False
1691,28.1833,0.32985,0.27196,-0.05789,0.015,0.04207,0.04394,-0.00187,+,False
1692,28.2,0.3301,0.27205,-0.05805,0.015,0.0394,0.04403,-0.00462,+,False
1693,28.2167,0.33035,0.27209,-0.05826,0.015,0.03854,0.04413,-0.00559,+,False
1694,28.2333,0.3306,0.27211,-0.05849,0.015,0.03699,0.04425,-0.00725,+,False
1695,28.25,0.33085,0.27208,-0.05878,0.015,0.03143,0.04439,-0.01295,+,False
1696,28.2667,0.3311,0.27202,-0.05909,0.015,0.03513,0.04454,-0.00942,+,False
1697,28.2833,0.33135,0.27196,-0.05939,0.015,0.03171,0.0447,-0.01299,+,False
1698,28.3,0.3316,0.27192,-0.05968,0.015,0.03568,0.04484,-0.00917,+,False
1699,28.3167,0.33185,0.27196,-0.05989,0.015,0.03987,0.04494,-0.00507,+,False
1700,28.3333,0.3321,0.27196,-0.06015,0.015,0.03337,0.04507,-0.0117,+,False
1701,28.35,0.33235,0.27192,-0.06043,0.015,0.03517,0.04521,-0.01004,+,False
1702,28.3667,0.3326,0.27191,-0.06069,0.015,0.03738,0.04535,-0.00796,+,False
1703,28.3833,0.33285,0.27192,-0.06093,0.015,0.03622,0.04547,-0.00924,+,False
1704,28.4,0.3331,0.27192,-0.06118,0.015,0.03696,0.04559,-0.00863,+,False
1705,28.4167,0.33335,0.27192,-0.06144,0.015,0.03527,0.04572,-0.01045,+,False
1706,28.4333,0.3336,0.27193,-0.06167,0.015,0.03863,0.04584,-0.0072,+,False
1707,28.45,0.33385,0.27196,-0.06189,0.015,0.03743,0.04595,-0.00851,+,False
1708,28.4667,0.3341,0.27199,-0.06211,0.015,0.03923,0.04606,-0.00683,+,False
1709,28.4833,0.33435,0.27207,-0.06228,0.015,0.04147,0.04614,-0.00467,+,False
1710,28.5,0.3346,0.27208,-0.06252,0.015,0.03407,0.04626,-0.01219,+,False
1711,28.5167,0.33485,0.27204,-0.06281,0.015,0.03372,0.04641,-0.01268,+,False
1712,28.5333,0.3351,0.27201,-0.06309,0.015,0.03492,0.04654,-0.01163,+,False
1713,28.55,0.33535,0.27199,-0.06336,0.015,0.03676,0.04668,-0.00991,+,False
1714,28.5667,0.3356,0.27194,-0.06367,0.015,0.03028,0.04683,-0.01655,+,False
1715,28.5833,0.33585,0.27185,-0.06401,0.015,0.03148,0.047,-0.01553,+,False
1716,28.6,0.3361,0.27183,-0.06427,0.015,0.03793,0.04714,-0.00921,+,False
1717,28.6167,0.33635,0.27184,-0.06452,0.015,0.0362,0.04726,-0.01106,+,False
1718,28.6333,0.3366,0.27187,-0.06474,0.015,0.04028,0.04737,-0.00709,+,False
1719,28.65,0.33685,0.27192,-0.06493,0.015,0.0398,0.04747,-0.00767,+,False
1720,28.6667,0.3371,0.27196,-0.06514,0.015,0.03719,0.04757,-0.01039,+,False
1721,28.6833,0.33735,0.27199,-0.06537,0.015,0.03896,0.04768,-0.00872,+,False
1722,28.7,0.3376,0.27203,-0.06557,0.015,0.0392,0.04778,-0.00858,+,False
1723,28.7167,0.33785,0.27207,-0.06578,0.015,0.03687,0.04789,-0.01102,+,False
1724,28.7333,0.3381,0.27207,-0.06603,0.015,0.03566,0.04802,-0.01236,+,False
1725,28.75,0.33835,0.27201,-0.06634,0.015,0.03041,0.04817,-0.01776,+,False
1726,28.7667,0.3386,0.27195,-0.06665,0.015,0.03426,0.04832,-0.01406,+,False
1727,28.7833,0.33885,0.27193,-0.06693,0.015,0.03522,0.04846,-0.01325,+,False
1728,28.8,0.3391,0.27185,-0.06725,0.015,0.03128,0.04863,-0.01735,+,False
1729,28.8167,0.33935,0.27175,-0.06761,0.015,0.02958,0.0488,-0.01922,+,False
1730,28.8333,0.3396,0.27164,-0.06796,0.015,0.03053,0.04898,-0.01845,+,False
1731,28.85,0.33985,0.27159,-0.06826,0.015,0.03526,0.04913,-0.01387,+,False
1732,28.8667,0.3401,0.27152,-0.06858,0.015,0.03079,0.04929,-0.0185,+,False
1733,28.8833,0.34035,0.27147,-0.06888,0.015,0.03435,0.04944,-0.01509,+,False
1734,28.9,0.3406,0.27141,-0.06919,0.015,0.03216,0.0496,-0.01744,+,False
1735,28.9167,0.34085,0.27135,-0.0695,0.015,0.03311,0.04975,-0.01664,+,False
1736,28.9333,0.3411,0.27132,-0.06979,0.015,0.03625,0.04989,-0.01365,+,False
1737,28.95,0.34135,0.2713,-0.07005,0.015,0.03514,0.05,-0.01486,+,False
1738,28.9667,0.3416,0.27132,-0.07029,0.015,0.03932,0.05,-0.01068,+,False
1739,28.9833,0.34185,0.27137,-0.07048,0.015,0.03947,0.05,-0.01053,+,False
1740,29.0,0.3421,0.27141,-0.07069,0.015,0.03862,0.05,-0.01138,+,False
1741,29.0167,0.34235,0.27152,-0.07083,0.015,0.04554,0.05,-0.00446,+,False
1742,29.0333,0.3426,0.27173,-0.07087,0.015,0.05044,0.05,0.00044,+,False
1743,29.05,0.34285,0.2719,-0.07095,0.015,0.04284,0.05,-0.00716,+,False
1744,29.0667,0.3431,0.27201,-0.07109,0.015,0.04352,0.05,-0.00648,+,False
1745,29.0833,0.34335,0.27218,-0.07117,0.015,0.04705,0.05,-0.00295,+,False
1746,29.1,0.3436,0.27235,-0.07125,0.015,0.04559,0.05,-0.00441,+,False
1747,29.1167,0.34385,0.27245,-0.0714,0.015,0.04029,0.05,-0.00971,+,False
1748,29.1333,0.3441,0.27243,-0.07167,0.015,0.03087,0.05,-0.01913,+,False
1749,29.15,0.34435,0.2724,-0.07196,0.015,0.03595,0.05,-0.01405,+,False
1750,29.1667,0.3446,0.27238,-0.07222,0.015,0.03497,0.05,-0.01503,+,False
1751,29.1833,0.34485,0.27238,-0.07247,0.015,0.03671,0.05,-0.01329,+,False
1752,29.2,0.3451,0.27235,-0.07275,0.015,0.03389,0.05,-0.01611,+,False
1753,29.2167,0.34535,0.27231,-0.07304,0.015,0.03293,0.05,-0.01707,+,False
1754,29.2333,0.3456,0.27225,-0.07335,0.015,0.03266,0.05,-0.01734,+,False
1755,29.25,0.34585,0.2722,-0.07365,0.015,0.03336,0.05,-0.01664,+,False
1756,29.2667,0.3461,0.27216,-0.07395,0.015,0.03476,0.05,-0.01524,+,False
1757,29.2833,0.34635,0.27212,-0.07423,0.015,0.0345,0.05,-0.0155,+,False
1758,29.3,0.3466,0.272,-0.07461,0.015,0.02568,0.05,-0.02432,+,False
1759,29.3167,0.34685,0.27183,-0.07502,0.015,0.02671,0.05,-0.02329,+,False
1760,29.3333,0.3471,0.27169,-0.07541,0.015,0.02915,0.05,-0.02085,+,False
1761,29.35,0.34735,0.2716,-0.07575,0.015,0.03291,0.05,-0.01709,+,False
1762,29.3667,0.3476,0.27151,-0.07609,0.015,0.03041,0.05,-0.01959,+,False
1763,29.3833,0.34785,0.27145,-0.0764,0.015,0.03476,0.05,-0.01524,+,False
1764,29.4,0.3481,0.27143,-0.07667,0.015,0.03581,0.05,-0.01419,+,False
1765,29.4167,0.34835,0.27143,-0.07692,0.015,0.03722,0.05,-0.01278,+,False
1766,29.4333,0.3486,0.27144,-0.07716,0.015,0.03764,0.05,-0.01236,+,False
1767,29.45,0.34885,0.27149,-0.07736,0.015,0.04016,0.05,-0.00984,+,False
1768,29.4667,0.3491,0.27151,-0.07759,0.015,0.03689,0.05,-0.01311,+,False
1769,29.4833,0.34935,0.27153,-0.07783,0.015,0.03789,0.05,-0.01211,+,False
1770,29.5,0.3496,0.27155,-0.07805,0.015,0.03856,0.05,-0.01144,+,False
1771,29.5167,0.34985,0.27158,-0.07828,0.015,0.03777,0.05,-0.01223,+,False
1772,29.5333,0.3499,0.27161,-0.07829,-0.015,0.03887,0.02414,0.01473,-,False
1773,29.55,0.34965,0.27165,-0.078,-0.015,0.03869,0.024,0.01469,-,False
1774,29.5667,0.3494,0.27168,-0.07772,-0.015,0.03691,0.02386,0.01306,-,False
1775,29.5833,0.34915,0.27169,-0.07745,-0.015,0.037,0.02373,0.01327,-,False
1776,29.6,0.3489,0.2717,-0.0772,-0.015,0.03592,0.0236,0.01232,-,False
1777,29.6167,0.34865,0.27167,-0.07698,-0.015,0.03312,0.02349,0.00963,-,False
1778,29.6333,0.3484,0.27163,-0.07676,-0.015,0.03455,0.02338,0.01117,-,False
1779,29.65,0.34815,0.27164,-0.0765,-0.015,0.03823,0.02325,0.01498,-,False
1780,29.6667,0.3479,0.27167,-0.07622,-0.015,0.03885,0.02311,0.01574,-,False
1781,29.6833,0.34765,0.27171,-0.07594,-0.015,0.0379,0.02297,0.01493,-,False
1782,29.7,0.3474,0.27173,-0.07567,-0.015,0.03773,0.02284,0.01489,-,False
1783,29.7167,0.34715,0.2717,-0.07545,-0.015,0.03304,0.02272,0.01031,-,False
1784,29.7333,0.3469,0.27163,-0.07527,-0.015,0.03149,0.02263,0.00885,-,False
1785,29.75,0.34665,0.27163,-0.07502,-0.015,0.03938,0.02251,0.01688,-,False
1786,29.7667,0.3464,0.2717,-0.0747,-0.015,0.04118,0.02235,0.01883,-,False
1787,29.7833,0.34615,0.27178,-0.07437,-0.015,0.04139,0.02218,0.01921,-,False
1788,29.8,0.3459,0.27187,-0.07403,-0.015,0.04153,0.02202,0.01951,-,False
1789,29.8167,0.34565,0.27197,-0.07368,-0.015,0.04097,0.02184,0.01913,-,False
1790,29.8333,0.3454,0.27202,-0.07338,-0.015,0.03818,0.02169,0.01649,-,False
1791,29.85,0.34515,0.27208,-0.07307,-0.015,0.04062,0.02153,0.01909,-,False
1792,29.8667,0.3449,0.27215,-0.07275,-0.015,0.03982,0.02137,0.01845,-,False
1793,29.8833,0.34465,0.27219,-0.07245,-0.015,0.03803,0.02123,0.01681,-,False
1794,29.9,0.3444,0.27221,-0.07219,-0.015,0.03602,0.02109,0.01492,-,False
1795,29.9167,0.34415,0.2722,-0.07195,-0.015,0.03476,0.02098,0.01378,-,False
1796,29.9333,0.3439,0.27221,-0.07169,-0.015,0.03743,0.02085,0.01658,-,False
1797,29.95,0.34365,0.27221,-0.07144,-0.015,0.03562,0.02072,0.01491,-,False
1798,29.9667,0.3434,0.27218,-0.07122,-0.015,0.03411,0.02061,0.01351,-,False
1799,29.9833,0.34315,0.27217,-0.07098,-0.015,0.03648,0.02049,0.01599,-,False
1800,30.0,0.3429,0.27222,-0.07068,-0.015,0.04088,0.02034,0.02054,-,False
1801,30.0167,0.34265,0.27227,-0.07038,-0.015,0.03786,0.02019,0.01767,-,False
1802,30.0333,0.3424,0.2723,-0.0701,-0.015,0.03847,0.02005,0.01842,-,False
1803,30.05,0.34215,0.2723,-0.06985,-0.015,0.03404,0.01992,0.01412,-,False
1804,30.0667,0.3419,0.27229,-0.06961,-0.015,0.03729,0.0198,0.01748,-,False
1805,30.0833,0.34165,0.27236,-0.06929,-0.015,0.04317,0.01964,0.02353,-,False
1806,30.1,0.3414,0.27243,-0.06897,-0.015,0.04085,0.01948,0.02136,-,False
1807,30.1167,0.34115,0.27248,-0.06866,-0.015,0.03816,0.01933,0.01883,-,False
1808,30.1333,0.3409,0.27252,-0.06838,-0.015,0.03927,0.01919,0.02008,-,False
1809,30.15,0.34065,0.27256,-0.06809,-0.015,0.03832,0.01904,0.01927,-,False
1810,30.1667,0.3404,0.27254,-0.06786,-0.015,0.03355,0.01893,0.01462,-,False
1811,30.1833,0.34015,0.2725,-0.06765,-0.015,0.03391,0.01882,0.01509,-,False
1812,30.2,0.3399,0.27241,-0.06749,-0.015,0.03038,0.01874,0.01164,-,False
1813,30.2167,0.33965,0.27228,-0.06737,-0.015,0.02692,0.01868,0.00824,-,False
1814,30.2333,0.3394,0.2722,-0.0672,-0.015,0.03454,0.0186,0.01594,-,False
1815,30.25,0.33915,0.27221,-0.06694,-0.015,0.03893,0.01847,0.02046,-,False
1816,30.2667,0.3389,0.27223,-0.06666,-0.015,0.03718,0.01833,0.01885,-,False
1817,30.2833,0.33865,0.27223,-0.06642,-0.015,0.03518,0.01821,0.01697,-,False
1818,30.3,0.3384,0.27218,-0.06622,-0.015,0.03357,0.01811,0.01546,-,False
1819,30.3167,0.33815,0.27212,-0.06602,-0.015,0.03233,0.01801,0.01432,-,False
1820,30.3333,0.3379,0.27208,-0.06582,-0.015,0.03537,0.01791,0.01746,-,False
1821,30.35,0.33765,0.27202,-0.06563,-0.015,0.03136,0.01782,0.01355,-,False
1822,30.3667,0.3374,0.27194,-0.06546,-0.015,0.03199,0.01773,0.01426,-,False
1823,30.3833,0.33715,0.27187,-0.06528,-0.015,0.03316,0.01764,0.01552,-,False
1824,30.4,0.3369,0.27181,-0.06509,-0.015,0.03293,0.01754,0.01539,-,False
1825,30.4167,0.33665,0.27173,-0.06492,-0.015,0.03095,0.01746,0.01349,-,False
1826,30.4333,0.3364,0.27167,-0.06473,-0.015,0.03421,0.01736,0.01685,-,False
1827,30.45,0.33615,0.27159,-0.06456,-0.015,0.03004,0.01728,0.01276,-,False
1828,30.4667,0.3359,0.27144,-0.06445,-0.015,0.0275,0.01723,0.01027,-,False
1829,30.4833,0.33565,0.27136,-0.06429,-0.015,0.03297,0.01714,0.01582,-,False
1830,30.5,0.3354,0.27133,-0.06407,-0.015,0.03582,0.01703,0.01879,-,False
1831,30.5167,0.33515,0.27136,-0.06379,-0.015,0.0388,0.0169,0.0219,-,False
1832,30.5333,0.3349,0.27138,-0.06352,-0.015,0.03698,0.01676,0.02022,-,False
1833,30.55,0.33465,0.27141,-0.06324,-0.015,0.03974,0.01662,0.02312,-,False
1834,30.5667,0.3344,0.27143,-0.06296,-0.015,0.03752,0.01648,0.02104,-,False
1835,30.5833,0.33415,0.27142,-0.06273,-0.015,0.03449,0.01636,0.01813,-,False
1836,30.6,0.3339,0.27146,-0.06244,-0.015,0.04198,0.01622,0.02576,-,False
1837,30.6167,0.33365,0.27168,-0.06197,-0.015,0.05206,0.01599,0.03608,-,False
1838,30.6333,0.3334,0.2719,-0.0615,-0.015,0.04799,0.01575,0.03224,-,False
1839,30.65,0.33315,0.27206,-0.06109,-0.015,0.04385,0.01554,0.0283,-,False
1840,30.6667,0.3329,0.27205,-0.06085,-0.015,0.0288,0.01542,0.01337,-,False
1841,30.6833,0.33265,0.27193,-0.06072,-0.015,0.03108,0.01536,0.01572,-,False
1842,30.7,0.3324,0.27193,-0.06047,-0.015,0.03937,0.01523,0.02413,-,False
1843,30.7167,0.33215,0.27193,-0.06022,-0.015,0.03577,0.01511,0.02066,-,False
1844,30.7333,0.3319,0.27198,-0.05991,-0.015,0.04168,0.01496,0.02672,-,False
1845,30.75,0.33165,0.2721,-0.05955,-0.015,0.04412,0.01477,0.02935,-,False
1846,30.7667,0.3314,0.27215,-0.05924,-0.015,0.03831,0.01462,0.02369,-,False
1847,30.7833,0.33115,0.27213,-0.05902,-0.015,0.0321,0.01451,0.01759,-,False
1848,30.8,0.3309,0.27209,-0.05881,-0.015,0.03518,0.01441,0.02078,-,False
1849,30.8167,0.33065,0.27207,-0.05858,-0.015,0.03568,0.01429,0.02138,-,False
1850,30.8333,0.3304,0.27201,-0.05838,-0.015,0.03033,0.01419,0.01614,-,False
1851,30.85,0.33015,0.27189,-0.05826,-0.015,0.02844,0.01413,0.01431,-,False
1852,30.8667,0.3299,0.27189,-0.058,-0.015,0.04276,0.014,0.02876,-,False
1853,30.8833,0.32965,0.272,-0.05765,-0.015,0.04364,0.01382,0.02982,-,False
1854,30.9,0.3294,0.27214,-0.05726,-0.015,0.04483,0.01363,0.03119,-,False
1855,30.9167,0.32915,0.27218,-0.05697,-0.015,0.03728,0.01348,0.0238,-,False
1856,30.9333,0.3289,0.27211,-0.05678,-0.015,0.02947,0.01339,0.01608,-,False
1857,30.95,0.32865,0.27199,-0.05666,-0.015,0.02905,0.01333,0.01572,-,False
1858,30.9667,0.3284,0.27189,-0.0565,-0.015,0.03133,0.01325,0.01808,-,False
1859,30.9833,0.32815,0.2718,-0.05634,-0.015,0.03166,0.01317,0.01849,-,False
1860,31.0,0.3279,0.27166,-0.05624,-0.015,0.02622,0.01312,0.0131,-,False
1861,31.0167,0.32765,0.2715,-0.05615,-0.015,0.02699,0.01307,0.01391,-,False
1862,31.0333,0.3274,0.27142,-0.05598,-0.015,0.03567,0.01299,0.02268,-,False
1863,31.05,0.32715,0.27136,-0.05579,-0.015,0.03236,0.01289,0.01947,-,False
1864,31.0667,0.3269,0.27131,-0.05559,-0.015,0.03432,0.01279,0.02153,-,False
1865,31.0833,0.32665,0.27139,-0.05526,-0.015,0.04525,0.01263,0.03262,-,False
1866,31.1,0.3264,0.27156,-0.05484,-0.015,0.04805,0.01242,0.03563,-,False
1867,31.1167,0.32615,0.27177,-0.05438,-0.015,0.04825,0.01219,0.03605,-,False
1868,31.1333,0.3259,0.27197,-0.05393,-0.015,0.04894,0.01196,0.03698,-,False
1869,31.15,0.32565,0.27207,-0.05358,-0.015,0.0394,0.01179,0.02761,-,False
1870,31.1667,0.3254,0.27211,-0.05329,-0.015,0.03642,0.01164,0.02478,-,False
1871,31.1833,0.32515,0.27216,-0.05299,-0.015,0.04161,0.01149,0.03012,-,False
1872,31.2,0.3249,0.27228,-0.05262,-0.015,0.04576,0.01131,0.03445,-,False
1873,31.2167,0.32465,0.27238,-0.05226,-0.015,0.0403,0.01113,0.02917,-,False
1874,31.2333,0.3244,0.2724,-0.05199,-0.015,0.03648,0.011,0.02548,-,False
1875,31.25,0.32415,0.27237,-0.05178,-0.015,0.03192,0.01089,0.02103,-,False
1876,31.2667,0.3239,0.27232,-0.05158,-0.015,0.03456,0.01079,0.02377,-,False
1877,31.2833,0.32365,0.27236,-0.05129,-0.015,0.04007,0.01065,0.02943,-,False
1878,31.3,0.3234,0.2724,-0.051,-0.015,0.039,0.0105,0.0285,-,False
1879,31.3167,0.32315,0.27235,-0.0508,-0.015,0.02951,0.0104,0.01911,-,False
1880,31.3333,0.3229,0.27227,-0.05063,-0.015,0.03263,0.01032,0.02232,-,False
1881,31.35,0.32265,0.27231,-0.05034,-0.015,0.04287,0.01017,0.0327,-,False
1882,31.3667,0.3224,0.27238,-0.05002,-0.015,0.03889,0.01001,0.02888,-,False
1883,31.3833,0.32215,0.27247,-0.04968,-0.015,0.04395,0.00984,0.03411,-,False
1884,31.4,0.3219,0.27252,-0.04938,-0.015,0.03767,0.00969,0.02798,-,False
1885,31.4167,0.32165,0.27256,-0.04909,-0.015,0.03744,0.00954,0.02789,-,False
1886,31.4333,0.3214,0.27254,-0.04885,-0.015,0.03387,0.00943,0.02445,-,False
1887,31.45,0.32115,0.27252,-0.04862,-0.015,0.03436,0.00931,0.02505,-,False
1888,31.4667,0.3209,0.27243,-0.04847,-0.015,0.02961,0.00924,0.02038,-,False
1889,31.4833,0.32065,0.27232,-0.04833,-0.015,0.02938,0.00916,0.02021,-,False
1890,31.5,0.3204,0.27223,-0.04817,-0.015,0.03231,0.00908,0.02323,-,False
1891,31.5167,0.32015,0.27221,-0.04794,-0.015,0.03735,0.00897,0.02838,-,False
1892,31.5333,0.3199,0.27221,-0.04769,-0.015,0.0374,0.00884,0.02856,-,False
1893,31.55,0.31965,0.27215,-0.0475,-0.015,0.03097,0.00875,0.02222,-,False
1894,31.5667,0.3194,0.27208,-0.04732,-0.015,0.03243,0.00866,0.02377,-,False
1895,31.5833,0.31915,0.27205,-0.04709,-0.015,0.03678,0.00855,0.02824,-,False
1896,31.6,0.3189,0.27201,-0.04689,-0.015,0.032,0.00844,0.02355,-,False
1897,31.6167,0.31865,0.27193,-0.04672,-0.015,0.03098,0.00836,0.02262,-,False
1898,31.6333,0.3184,0.27188,-0.04652,-0.015,0.03566,0.00826,0.0274,-,False
1899,31.65,0.31815,0.27183,-0.04631,-0.015,0.0325,0.00816,0.02434,-,False
1900,31.6667,0.3179,0.27179,-0.04611,-0.015,0.03413,0.00806,0.02607,-,False
1901,31.6833,0.31765,0.27179,-0.04586,-0.015,0.03842,0.00793,0.0305,-,False
1902,31.7,0.3174,0.27179,-0.04561,-0.015,0.03701,0.00781,0.02921,-,False
1903,31.7167,0.31715,0.27179,-0.04535,-0.015,0.03592,0.00768,0.02824,-,False
1904,31.7333,0.3169,0.27184,-0.04505,-0.015,0.04194,0.00753,0.03442,-,False
1905,31.75,0.31665,0.27186,-0.04479,-0.015,0.03404,0.0074,0.02665,-,False
1906,31.7667,0.3164,0.27189,-0.04451,-0.015,0.04127,0.00725,0.03401,-,False
1907,31.7833,0.31615,0.27197,-0.04418,-0.015,0.04266,0.00709,0.03557,-,False
1908,31.8,0.3159,0.27202,-0.04388,-0.015,0.03675,0.00694,0.02981,-,False
1909,31.8167,0.31565,0.27201,-0.04364,-0.015,0.03392,0.00682,0.0271,-,False
1910,31.8333,0.3154,0.27199,-0.04341,-0.015,0.03458,0.00671,0.02788,-,False
1911,31.85,0.31515,0.27197,-0.04318,-0.015,0.03536,0.00659,0.02877,-,False
1912,31.8667,0.3149,0.27192,-0.04298,-0.015,0.031,0.00649,0.02451,-,False
1913,31.8833,0.31465,0.27179,-0.04286,-0.015,0.02626,0.00643,0.01983,-,False
1914,31.9,0.3144,0.27165,-0.04274,-0.015,0.02964,0.00637,0.02327,-,False
1915,31.9167,0.31415,0.27157,-0.04258,-0.015,0.0325,0.00629,0.02621,-,False
1916,31.9333,0.3139,0.27147,-0.04242,-0.015,0.03042,0.00621,0.0242,-,False
1917,31.95,0.31365,0.27137,-0.04228,-0.015,0.03207,0.00614,0.02593,-,False
1918,31.9667,0.3134,0.2713,-0.04209,-0.015,0.03214,0.00605,0.02609,-,False
1919,31.9833,0.31315,0.27131,-0.04183,-0.015,0.03965,0.00592,0.03373,-,False
1920,32.0,0.3129,0.27147,-0.04143,-0.015,0.04794,0.00572,0.04222,-,False
1921,32.0167,0.31265,0.27166,-0.04099,-0.015,0.04765,0.0055,0.04215,-,False
1922,32.0333,0.3124,0.27182,-0.04058,-0.015,0.04372,0.00529,0.03843,-,False
1923,32.05,0.31215,0.27194,-0.04021,-0.015,0.04418,0.0051,0.03907,-,False
1924,32.0667,0.3119,0.27211,-0.03979,-0.015,0.046,0.00489,0.04111,-,False
1925,32.0833,0.31165,0.2722,-0.03945,-0.015,0.03925,0.00472,0.03453,-,False
1926,32.1,0.3114,0.27227,-0.03913,-0.015,0.04105,0.00456,0.03649,-,False
1927,32.1167,0.31115,0.27233,-0.03881,-0.015,0.04022,0.00441,0.03581,-,False
1928,32.1333,0.3109,0.2724,-0.0385,-0.015,0.03932,0.00425,0.03507,-,False
1929,32.15,0.31065,0.27236,-0.03829,-0.015,0.03087,0.00414,0.02672,-,False
1930,32.1667,0.3104,0.27223,-0.03817,-0.015,0.02701,0.00409,0.02293,-,False
1931,32.1833,0.31015,0.27206,-0.03809,-0.015,0.02601,0.00405,0.02197,-,False
1932,32.2,0.3099,0.27189,-0.03801,-0.015,0.02636,0.00401,0.02235,-,False
1933,32.2167,0.30965,0.27174,-0.03791,-0.015,0.02915,0.00395,0.02519,-,False
1934,32.2333,0.3094,0.27155,-0.03785,-0.015,0.02329,0.00393,0.01936,-,False
1935,32.25,0.30915,0.27135,-0.0378,-0.015,0.02644,0.0039,0.02254,-,False
1936,32.2667,0.3089,0.27118,-0.03772,-0.015,0.02694,0.00386,0.02308,-,False
1937,32.2833,0.30865,0.27115,-0.0375,-0.015,0.03973,0.00375,0.03598,-,False
1938,32.3,0.3084,0.27122,-0.03718,-0.015,0.04192,0.00359,0.03833,-,False
1939,32.3167,0.30815,0.27132,-0.03683,-0.015,0.04312,0.00341,0.03971,-,False
1940,32.3333,0.3079,0.27148,-0.03642,-0.015,0.04707,0.00321,0.04386,-,False
1941,32.35,0.30765,0.2717,-0.03594,-0.015,0.05192,0.00297,0.04894,-,False
1942,32.3667,0.3074,0.27197,-0.03543,-0.015,0.05034,0.00272,0.04762,-,False
1943,32.3833,0.30715,0.27209,-0.03506,-0.015,0.04137,0.00253,0.03884,-,False
1944,32.4,0.3069,0.27215,-0.03475,-0.015,0.03686,0.00237,0.03449,-,False
1945,32.4167,0.30665,0.2721,-0.03455,-0.015,0.03242,0.00227,0.03015,-,False
1946,32.4333,0.3064,0.272,-0.03439,-0.015,0.02887,0.0022,0.02667,-,False
1947,32.45,0.30615,0.27184,-0.03431,-0.015,0.02634,0.00215,0.02418,-,False
1948,32.4667,0.3059,0.27171,-0.03419,-0.015,0.02892,0.00209,0.02682,-,False
1949,32.4833,0.30565,0.2716,-0.03404,-0.015,0.03226,0.00202,0.03024,-,False
1950,32.5,0.3054,0.27149,-0.0339,-0.015,0.02863,0.00195,0.02668,-,False
1951,32.5167,0.30515,0.27141,-0.03374,-0.015,0.03414,0.00187,0.03227,-,False
1952,32.5333,0.3049,0.27146,-0.03343,-0.015,0.04442,0.00172,0.0427,-,False
1953,32.55,0.30465,0.2716,-0.03304,-0.015,0.04447,0.00152,0.04295,-,False
1954,32.5667,0.3044,0.27175,-0.03265,-0.015,0.04708,0.00132,0.04575,-,False
1955,32.5833,0.30415,0.2719,-0.03224,-0.015,0.04433,0.00112,0.04321,-,False
1956,32.6,0.3039,0.27194,-0.03196,-0.015,0.035,0.00098,0.03402,-,False
1957,32.6167,0.30365,0.27201,-0.03164,-0.015,0.04341,0.00082,0.04259,-,False
1958,32.6333,0.3034,0.27209,-0.03131,-0.015,0.04084,0.00065,0.04018,-,False
1959,32.65,0.30315,0.27219,-0.03096,-0.015,0.04113,0.00048,0.04065,-,False
1960,32.6667,0.3029,0.27224,-0.03066,-0.015,0.03918,0.00033,0.03885,-,False
1961,32.6833,0.30265,0.27222,-0.03043,-0.015,0.0324,0.00021,0.03219,-,False
1962,32.7,0.3024,0.27213,-0.03027,-0.015,0.03114,0.00014,0.03101,-,False
1963,32.7167,0.30215,0.27204,-0.03011,-0.015,0.03079,5e-05,0.03073,-,False
1964,32.7333,0.3019,0.27192,-0.02998,-0.015,0.02961,-1e-05,0.02962,-,False
1965,32.75,0.30165,0.27182,-0.02982,-0.015,0.02998,-9e-05,0.03007,-,False
1966,32.7667,0.3014,0.27176,-0.02964,-0.015,0.03538,-0.00018,0.03556,-,False
1967,32.7833,0.30115,0.27176,-0.02939,-0.015,0.03724,-0.00031,0.03755,-,False
1968,32.8,0.3009,0.27175,-0.02915,-0.015,0.03619,-0.00043,0.03661,-,False
1969,32.8167,0.30065,0.27176,-0.02889,-0.015,0.03764,-0.00055,0.03819,-,False
1970,32.8333,0.3004,0.27178,-0.02862,-0.015,0.03865,-0.00069,0.03934,-,False
1971,32.85,0.30015,0.27186,-0.02828,-0.015,0.04311,-0.00086,0.04397,-,False
1972,32.8667,0.2999,0.27193,-0.02797,-0.015,0.03936,-0.00102,0.04038,-,False
1973,32.8833,0.29965,0.27196,-0.02769,-0.015,0.03808,-0.00116,0.03923,-,False
1974,32.9,0.2994,0.27199,-0.02741,-0.015,0.0383,-0.00129,0.03959,-,False
1975,32.9167,0.29915,0.272,-0.02715,-0.015,0.03581,-0.00143,0.03723,-,False
1976,32.9333,0.2989,0.27197,-0.02693,-0.015,0.03407,-0.00154,0.0356,-,False
1977,32.95,0.29865,0.27195,-0.0267,-0.015,0.03534,-0.00165,0.03699,-,False
1978,32.9667,0.2984,0.27189,-0.0265,-0.015,0.03249,-0.00175,0.03423,-,False
1979,32.9833,0.29815,0.27182,-0.02632,-0.015,0.03204,-0.00184,0.03387,-,False
1980,33.0,0.2979,0.27176,-0.02613,-0.015,0.03333,-0.00193,0.03527,-,False
1981,33.0167,0.29765,0.27175,-0.0259,-0.015,0.03866,-0.00205,0.04071,-,False
1982,33.0333,0.2974,0.27179,-0.02561,-0.015,0.03891,-0.0022,0.04111,-,False
1983,33.05,0.29715,0.27177,-0.02538,-0.015,0.03345,-0.00231,0.03577,-,False
1984,33.0667,0.2969,0.27179,-0.02511,-0.015,0.03752,-0.00245,0.03997,-,False
1985,33.0833,0.29665,0.27182,-0.02482,-0.015,0.03877,-0.00259,0.04136,-,False
1986,33.1,0.2964,0.27184,-0.02455,-0.015,0.03473,-0.00272,0.03745,-,False
1987,33.1167,0.29615,0.2718,-0.02434,-0.015,0.03376,-0.00283,0.03659,-,False
1988,33.1333,0.2959,0.27178,-0.02412,-0.015,0.03391,-0.00294,0.03685,-,False
1989,33.15,0.29565,0.27175,-0.0239,-0.015,0.03418,-0.00305,0.03723,-,False
1990,33.1667,0.2954,0.27174,-0.02366,-0.015,0.03677,-0.00317,0.03994,-,False
1991,33.1833,0.29515,0.27174,-0.0234,-0.015,0.0359,-0.0033,0.03919,-,False
1992,33.2,0.2949,0.27178,-0.02312,-0.015,0.03985,-0.00344,0.04329,-,False
1993,33.2167,0.29465,0.27186,-0.02279,-0.015,0.04241,-0.00361,0.04601,-,False
1994,33.2333,0.2944,0.27189,-0.02251,-0.015,0.03507,-0.00374,0.03882,-,False
1995,33.25,0.29415,0.27182,-0.02232,-0.015,0.0305,-0.00384,0.03434,-,False
1996,33.2667,0.2939,0.27176,-0.02213,-0.015,0.03333,-0.00393,0.03727,-,False
1997,33.2833,0.29365,0.27177,-0.02188,-0.015,0.03736,-0.00406,0.04142,-,False
1998,33.3,0.2934,0.27182,-0.02158,-0.015,0.04118,-0.00421,0.04539,-,False
1999,33.3167,0.29315,0.27182,-0.02133,-0.015,0.03328,-0.00434,0.03761,-,False
2000,33.3333,0.2929,0.27187,-0.02103,-0.015,0.04266,-0.00449,0.04715,-,False
2001,33.35,0.29265,0.27197,-0.02068,-0.015,0.04404,-0.00466,0.0487,-,False
2002,33.3667,0.2924,0.27196,-0.02044,-0.015,0.02954,-0.00478,0.03432,-,False
2003,33.3833,0.29215,0.27187,-0.02028,-0.015,0.03235,-0.00486,0.03721,-,False
2004,33.4,0.2919,0.27185,-0.02005,-0.015,0.03668,-0.00498,0.04165,-,False
2005,33.4167,0.29165,0.27191,-0.01973,-0.015,0.04139,-0.00513,0.04653,-,False
2006,33.4333,0.2914,0.27195,-0.01945,-0.015,0.0374,-0.00528,0.04268,-,False
2007,33.45,0.29115,0.27196,-0.01919,-0.015,0.03572,-0.00541,0.04113,-,False
2008,33.4667,0.2909,0.27195,-0.01894,-0.015,0.03578,-0.00553,0.04131,-,False
2009,33.4833,0.29065,0.27193,-0.01872,-0.015,0.03432,-0.00564,0.03996,-,False
2010,33.5,0.2904,0.27192,-0.01848,-0.015,0.03554,-0.00576,0.0413,-,False
2011,33.5167,0.29015,0.27188,-0.01827,-0.015,0.03254,-0.00586,0.03841,-,False
2012,33.5333,0.2899,0.27177,-0.01813,-0.015,0.02781,-0.00594,0.03375,-,False
2013,33.55,0.28965,0.27163,-0.01802,-0.015,0.02777,-0.00599,0.03376,-,False
2014,33.5667,0.2894,0.27151,-0.01789,-0.015,0.03001,-0.00605,0.03606,-,False
2015,33.5833,0.28915,0.27143,-0.01772,-0.015,0.03198,-0.00614,0.03812,-,False
2016,33.6,0.2889,0.27136,-0.01753,-0.015,0.0336,-0.00623,0.03983,-,False
2017,33.6167,0.28865,0.27135,-0.0173,-0.015,0.03667,-0.00635,0.04302,-,False
2018,33.6333,0.2884,0.27135,-0.01704,-0.015,0.03691,-0.00648,0.04338,-,False
2019,33.65,0.28815,0.27136,-0.01678,-0.015,0.03715,-0.00661,0.04375,-,False
2020,33.6667,0.2879,0.27134,-0.01656,-0.015,0.03378,-0.00672,0.0405,-,False
2021,33.6833,0.28765,0.27125,-0.0164,-0.015,0.02937,-0.0068,0.03617,-,False
2022,33.7,0.2874,0.27118,-0.01622,-0.015,0.03398,-0.00689,0.04087,-,False
2023,33.7167,0.28715,0.27119,-0.01596,-0.015,0.03963,-0.00702,0.04665,-,False
2024,33.7333,0.2869,0.27125,-0.01565,-0.015,0.03975,-0.00717,0.04693,-,False
2025,33.75,0.28665,0.27128,-0.01536,-0.015,0.03757,-0.00732,0.04489,-,False
2026,33.7667,0.2864,0.2713,-0.0151,-0.015,0.03703,-0.00745,0.04448,-,False
2027,33.7833,0.28615,0.27127,-0.01488,-0.015,0.03165,-0.00756,0.03921,-,False
2028,33.8,0.2859,0.27121,-0.01469,-0.015,0.03343,-0.00765,0.04108,-,False
2029,33.8167,0.28565,0.27118,-0.01446,-0.015,0.03532,-0.00777,0.04309,-,False
2030,33.8333,0.2854,0.2712,-0.0142,-0.015,0.03814,-0.0079,0.04604,-,False
2031,33.85,0.28515,0.27124,-0.01391,-0.015,0.03955,-0.00805,0.04759,-,False
2032,33.8667,0.2849,0.27129,-0.01361,-0.015,0.03728,-0.0082,0.04548,-,False
2033,33.8833,0.28465,0.2713,-0.01335,-0.015,0.03731,-0.00833,0.04563,-,False
2034,33.9,0.2844,0.27134,-0.01306,-0.015,0.03759,-0.00847,0.04606,-,False
2035,33.9167,0.28415,0.27136,-0.01278,-0.015,0.03804,-0.00861,0.04665,-,False
2036,33.9333,0.2839,0.27138,-0.01252,-0.015,0.03605,-0.00874,0.04479,-,False
2037,33.95,0.28365,0.27134,-0.01231,-0.015,0.03171,-0.00884,0.04056,-,False
2038,33.9667,0.2834,0.27128,-0.01212,-0.015,0.03259,-0.00894,0.04153,-,False
2039,33.9833,0.28315,0.27116,-0.01199,-0.015,0.0275,-0.009,0.03651,-,False
2040,34.0,0.2829,0.27102,-0.01188,-0.015,0.02845,-0.00906,0.03751,-,False
2041,34.0167,0.28265,0.27093,-0.01172,-0.015,0.03348,-0.00914,0.04263,-,False
2042,34.0333,0.2824,0.27083,-0.01157,-0.015,0.02925,-0.00921,0.03846,-,False
2043,34.05,0.28215,0.27077,-0.01138,-0.015,0.03507,-0.00931,0.04438,-,False
2044,34.0667,0.2819,0.27084,-0.01106,-0.015,0.04405,-0.00947,0.05352,-,False
2045,34.0833,0.28165,0.27094,-0.01071,-0.015,0.0405,-0.00964,0.05015,-,False
2046,34.1,0.2814,0.27106,-0.01034,-0.015,0.04479,-0.00983,0.05462,-,False
2047,34.1167,0.28115,0.27123,-0.00991,-0.015,0.04724,-0.01004,0.05728,-,False
2048,34.1333,0.2809,0.27144,-0.00946,-0.015,0.04786,-0.01027,0.05814,-,False
2049,34.15,0.28065,0.27162,-0.00903,-0.015,0.04627,-0.01049,0.05676,-,False
2050,34.1667,0.2804,0.27185,-0.00854,-0.015,0.05257,-0.01073,0.0633,-,False
2051,34.1833,0.28015,0.27202,-0.00813,-0.015,0.04243,-0.01094,0.05336,-,False
2052,34.2,0.2799,0.27209,-0.00781,-0.015,0.03915,-0.01109,0.05025,-,False
2053,34.2167,0.27965,0.27219,-0.00745,-0.015,0.04473,-0.01127,0.056,-,False
2054,34.2333,0.2794,0.27232,-0.00708,-0.015,0.04337,-0.01146,0.05483,-,False
2055,34.25,0.27915,0.27239,-0.00676,-0.015,0.03749,-0.01162,0.04911,-,False
2056,34.2667,0.2789,0.27233,-0.00657,-0.015,0.02994,-0.01172,0.04166,-,False
2057,34.2833,0.27865,0.27217,-0.00648,-0.015,0.02474,-0.01176,0.0365,-,False
2058,34.3,0.2784,0.27197,-0.00642,-0.015,0.02505,-0.01179,0.03684,-,False
2059,34.3167,0.27815,0.27175,-0.0064,-0.015,0.0214,-0.0118,0.03319,-,False
2060,34.3333,0.2779,0.2715,-0.0064,-0.015,0.02266,-0.0118,0.03446,-,False
2061,34.35,0.27765,0.27125,-0.00639,-0.015,0.02126,-0.0118,0.03306,-,False
2062,34.3667,0.2774,0.27104,-0.00636,-0.015,0.02584,-0.01182,0.03766,-,False
2063,34.3833,0.27715,0.27091,-0.00624,-0.015,0.03037,-0.01188,0.04225,-,False
2064,34.4,0.2769,0.2709,-0.006,-0.015,0.04099,-0.012,0.05299,-,False
2065,34.4167,0.27665,0.27104,-0.00561,-0.015,0.04742,-0.0122,0.05962,-,False
2066,34.4333,0.2764,0.27119,-0.0052,-0.015,0.04522,-0.0124,0.05762,-,False
2067,34.45,0.27615,0.27139,-0.00476,-0.015,0.04928,-0.01262,0.06191,-,False
2068,34.4667,0.2759,0.27162,-0.00427,-0.015,0.0508,-0.01286,0.06366,-,False
2069,34.4833,0.27565,0.27178,-0.00386,-0.015,0.04044,-0.01307,0.05351,-,False
2070,34.5,0.2754,0.27192,-0.00348,-0.015,0.0464,-0.01326,0.05966,-,False
2071,34.5167,0.27515,0.27213,-0.00302,-0.015,0.05131,-0.01349,0.0648,-,False
2072,34.5333,0.2749,0.27223,-0.00267,-0.015,0.03677,-0.01367,0.05044,-,False
2073,34.55,0.27465,0.27225,-0.0024,-0.015,0.03626,-0.0138,0.05006,-,False
2074,34.5667,0.2744,0.27225,-0.00214,-0.015,0.03645,-0.01393,0.05037,-,False
2075,34.5833,0.27415,0.27223,-0.00192,-0.015,0.03359,-0.01404,0.04763,-,False
2076,34.6,0.2739,0.27214,-0.00175,-0.015,0.0305,-0.01412,0.04462,-,False
2077,34.6167,0.27365,0.27199,-0.00166,-0.015,0.02386,-0.01417,0.03803,-,False
2078,34.6333,0.2734,0.27185,-0.00155,-0.015,0.03028,-0.01422,0.04451,-,False
2079,34.65,0.27315,0.2718,-0.00134,-0.015,0.03609,-0.01433,0.05042,-,False
2080,34.6667,0.2729,0.2718,-0.00109,-0.015,0.0368,-0.01445,0.05125,-,False
2081,34.6833,0.27265,0.27186,-0.00079,-0.015,0.04173,-0.01461,0.05634,-,False
2082,34.7,0.2724,0.27189,-0.0005,-0.015,0.03542,-0.01475,0.05017,-,False
2083,34.7167,0.27215,0.27194,-0.00021,-0.015,0.04055,-0.0149,0.05544,-,False
2084,34.7333,0.2719,0.272,0.00011,-0.015,0.03907,-0.01505,0.05412,-,False
2085,34.75,0.27165,0.27203,0.00038,-0.015,0.03563,-0.01519,0.05082,-,False
2086,34.7667,0.2714,0.27197,0.00057,-0.015,0.03064,-0.01528,0.04592,-,False
2087,34.7833,0.27115,0.27186,0.00072,-0.015,0.02924,-0.01536,0.0446,-,False
2088,34.8,0.2709,0.27171,0.00081,-0.015,0.02642,-0.01541,0.04183,-,False
2089,34.8167,0.27065,0.27153,0.00088,-0.015,0.02557,-0.01544,0.04101,-,False
2090,34.8333,0.2704,0.27135,0.00096,-0.015,0.02543,-0.01548,0.04091,-,False
2091,34.85,0.27015,0.27124,0.00109,-0.015,0.0312,-0.01555,0.04674,-,False
2092,34.8667,0.2701,0.2712,0.0011,0.015,0.03563,0.01445,0.02118,+,False
2093,34.8833,0.27035,0.27125,0.00089,0.015,0.0417,0.01455,0.02714,+,False
2094,34.9,0.2706,0.27139,0.00079,0.015,0.04407,0.01461,0.02946,+,False
2095,34.9167,0.27085,0.27153,0.00068,0.015,0.04545,0.01466,0.03079,+,False
2096,34.9333,0.2711,0.27166,0.00056,0.015,0.04207,0.01472,0.02735,+,False
2097,34.95,0.27135,0.27178,0.00043,0.015,0.04221,0.01479,0.02743,+,False
2098,34.9667,0.2716,0.27179,0.00018,0.015,0.03287,0.01491,0.01797,+,False
2099,34.9833,0.27185,0.27172,-0.00013,0.015,0.03015,0.01507,0.01509,+,False
2100,35.0,0.2721,0.27164,-0.00047,0.015,0.03196,0.01523,0.01673,+,False
2101,35.0167,0.27235,0.27155,-0.0008,0.015,0.03045,0.0154,0.01505,+,False
2102,35.0333,0.2726,0.27144,-0.00116,0.015,0.02965,0.01558,0.01407,+,False
2103,35.05,0.27285,0.27141,-0.00145,0.015,0.0363,0.01572,0.02058,+,False
2104,35.0667,0.2731,0.27141,-0.00169,0.015,0.035,0.01585,0.01916,+,False
2105,35.0833,0.27335,0.2714,-0.00195,0.015,0.03653,0.01598,0.02055,+,False
2106,35.1,0.2736,0.27141,-0.0022,0.015,0.03724,0.0161,0.02114,+,False
2107,35.1167,0.27385,0.27143,-0.00243,0.015,0.03583,0.01621,0.01962,+,False
2108,35.1333,0.2741,0.27143,-0.00267,0.015,0.03667,0.01634,0.02034,+,False
2109,35.15,0.27435,0.27143,-0.00292,0.015,0.03658,0.01646,0.02012,+,False
2110,35.1667,0.2746,0.27141,-0.00319,0.015,0.03343,0.01659,0.01683,+,False
2111,35.1833,0.27485,0.27144,-0.00341,0.015,0.04014,0.01671,0.02343,+,False
2112,35.2,0.2751,0.27158,-0.00352,0.015,0.04869,0.01676,0.03193,+,False
2113,35.2167,0.27535,0.27166,-0.00369,0.015,0.03741,0.01685,0.02056,+,False
2114,35.2333,0.2756,0.27177,-0.00383,0.015,0.0445,0.01692,0.02758,+,False
2115,35.25,0.27585,0.27191,-0.00395,0.015,0.04416,0.01697,0.02719,+,False
2116,35.2667,0.2761,0.27203,-0.00407,0.015,0.04349,0.01703,0.02646,+,False
2117,35.2833,0.27635,0.27215,-0.0042,0.015,0.04269,0.0171,0.02559,+,False
2118,35.3,0.2766,0.27218,-0.00442,0.015,0.03624,0.01721,0.01903,+,False
2119,35.3167,0.27685,0.27213,-0.00473,0.015,0.03152,0.01736,0.01416,+,False
2120,35.3333,0.2771,0.2721,-0.005,0.015,0.0364,0.0175,0.0189,+,False
2121,35.35,0.27735,0.27215,-0.00521,0.015,0.04103,0.0176,0.02343,+,False
2122,35.3667,0.2776,0.27219,-0.00542,0.015,0.03737,0.01771,0.01966,+,False
2123,35.3833,0.27785,0.27218,-0.00567,0.015,0.03421,0.01784,0.01637,+,False
2124,35.4,0.2781,0.27217,-0.00594,0.015,0.03828,0.01797,0.02032,+,False
2125,35.4167,0.27835,0.27218,-0.00617,0.015,0.03609,0.01808,0.01801,+,False
2126,35.4333,0.2786,0.27222,-0.00638,0.015,0.03947,0.01819,0.02128,+,False
2127,35.45,0.27885,0.27234,-0.00651,0.015,0.04518,0.01826,0.02692,+,False
2128,35.4667,0.2791,0.27245,-0.00666,0.015,0.04088,0.01833,0.02256,+,False
2129,35.4833,0.27935,0.27243,-0.00692,0.015,0.03094,0.01846,0.01248,+,False
2130,35.5,0.2796,0.27235,-0.00725,0.015,0.03225,0.01863,0.01362,+,False
2131,35.5167,0.27985,0.27231,-0.00754,0.015,0.03505,0.01877,0.01628,+,False
2132,35.5333,0.2801,0.27228,-0.00782,0.015,0.03351,0.01891,0.01459,+,False
2133,35.55,0.28035,0.27219,-0.00817,0.015,0.03028,0.01908,0.0112,+,False
2134,35.5667,0.2806,0.27211,-0.00849,0.015,0.03208,0.01925,0.01284,+,False
2135,35.5833,0.28085,0.27203,-0.00883,0.015,0.03174,0.01941,0.01233,+,False
2136,35.6,0.2811,0.27195,-0.00916,0.015,0.03014,0.01958,0.01056,+,False
2137,35.6167,0.28135,0.27187,-0.00948,0.015,0.03328,0.01974,0.01354,+,False
2138,35.6333,0.2816,0.27188,-0.00972,0.015,0.03856,0.01986,0.0187,+,False
2139,35.65,0.28185,0.27198,-0.00988,0.015,0.04294,0.01994,0.023,+,False
2140,35.6667,0.2821,0.27213,-0.00997,0.015,0.04726,0.01999,0.02727,+,False
2141,35.6833,0.28235,0.27227,-0.01008,0.015,0.04234,0.02004,0.0223,+,False
2142,35.7,0.2826,0.27235,-0.01025,0.015,0.03998,0.02013,0.01985,+,False
2143,35.7167,0.28285,0.27237,-0.01048,0.015,0.0365,0.02024,0.01625,+,False
2144,35.7333,0.2831,0.27236,-0.01074,0.015,0.03501,0.02037,0.01464,+,False
2145,35.75,0.28335,0.27232,-0.01103,0.015,0.0337,0.02052,0.01318,+,False
2146,35.7667,0.2836,0.27226,-0.01135,0.015,0.03009,0.02067,0.00941,+,False
2147,35.7833,0.28385,0.27216,-0.01169,0.015,0.03203,0.02084,0.01118,+,False
2148,35.8,0.2841,0.27206,-0.01204,0.015,0.02838,0.02102,0.00736,+,False
2149,35.8167,0.28435,0.27194,-0.01242,0.015,0.03043,0.02121,0.00923,+,False
2150,35.8333,0.2846,0.27181,-0.01279,0.015,0.02855,0.02139,0.00716,+,False
2151,35.85,0.28485,0.27168,-0.01317,0.015,0.02647,0.02158,0.00488,+,False
2152,35.8667,0.2851,0.27154,-0.01357,0.015,0.02929,0.02178,0.00751,+,False
2153,35.8833,0.28535,0.27143,-0.01392,0.015,0.02939,0.02196,0.00743,+,False
2154,35.9,0.2856,0.27133,-0.01428,0.015,0.03103,0.02214,0.00889,+,False
2155,35.9167,0.28585,0.27129,-0.01456,0.015,0.03557,0.02228,0.01329,+,False
2156,35.9333,0.2861,0.27132,-0.01478,0.015,0.03881,0.02239,0.01642,+,False
2157,35.95,0.28635,0.27139,-0.01496,0.015,0.04097,0.02248,0.01849,+,False
2158,35.9667,0.2866,0.27147,-0.01513,0.015,0.04208,0.02256,0.01951,+,False
2159,35.9833,0.28685,0.27158,-0.01527,0.015,0.04311,0.02264,0.02047,+,False
2160,36.0,0.2871,0.2717,-0.01541,0.015,0.04218,0.0227,0.01948,+,False
2161,36.0167,0.28735,0.2718,-0.01555,0.015,0.04314,0.02278,0.02037,+,False
2162,36.0333,0.2876,0.27196,-0.01565,0.015,0.04681,0.02282,0.02398,+,False
2163,36.05,0.28785,0.272,-0.01585,0.015,0.03462,0.02293,0.0117,+,False
2164,36.0667,0.2881,0.27192,-0.01618,0.015,0.02786,0.02309,0.00476,+,False
2165,36.0833,0.28835,0.2718,-0.01655,0.015,0.0312,0.02327,0.00793,+,False
2166,36.1,0.2886,0.27174,-0.01686,0.015,0.0324,0.02343,0.00896,+,False
2167,36.1167,0.28885,0.27169,-0.01716,0.015,0.03539,0.02358,0.01181,+,False
2168,36.1333,0.2891,0.2717,-0.0174,0.015,0.03699,0.0237,0.01329,+,False
2169,36.15,0.28935,0.27169,-0.01767,0.015,0.03544,0.02383,0.01161,+,False
2170,36.1667,0.2896,0.27171,-0.01789,0.015,0.03734,0.02395,0.0134,+,False
2171,36.1833,0.28985,0.27174,-0.01812,0.015,0.04024,0.02406,0.01618,+,False
2172,36.2,0.2901,0.27182,-0.01829,0.015,0.04135,0.02414,0.01721,+,False
2173,36.2167,0.29035,0.27189,-0.01846,0.015,0.04284,0.02423,0.01861,+,False
2174,36.2333,0.2906,0.27202,-0.01859,0.015,0.04428,0.02429,0.01998,+,False
2175,36.25,0.29085,0.27214,-0.01871,0.015,0.04415,0.02435,0.0198,+,False
2176,36.2667,0.2911,0.27224,-0.01886,0.015,0.04005,0.02443,0.01562,+,False
2177,36.2833,0.29135,0.27228,-0.01907,0.015,0.03695,0.02453,0.01242,+,False
2178,36.3,0.2916,0.27231,-0.01929,0.015,0.03788,0.02465,0.01323,+,False
2179,36.3167,0.29185,0.27229,-0.01956,0.015,0.0329,0.02478,0.00812,+,False
2180,36.3333,0.2921,0.27223,-0.01987,0.015,0.03089,0.02493,0.00596,+,False
2181,36.35,0.29235,0.27216,-0.02019,0.015,0.03325,0.02509,0.00815,+,False
2182,36.3667,0.2926,0.27217,-0.02043,0.015,0.03722,0.02522,0.01201,+,False
2183,36.3833,0.29285,0.2722,-0.02065,0.015,0.03839,0.02533,0.01307,+,False
2184,36.4,0.2931,0.27222,-0.02088,0.015,0.03666,0.02544,0.01123,+,False
2185,36.4167,0.29335,0.27224,-0.02112,0.015,0.03655,0.02556,0.01099,+,False
2186,36.4333,0.2936,0.27224,-0.02136,0.015,0.03563,0.02568,0.00995,+,False
2187,36.45,0.29385,0.27229,-0.02157,0.015,0.04265,0.02578,0.01687,+,False
2188,36.4667,0.2941,0.2723,-0.0218,0.015,0.03328,0.0259,0.00738,+,False
2189,36.4833,0.29435,0.27225,-0.0221,0.015,0.03325,0.02605,0.0072,+,False
2190,36.5,0.2946,0.27222,-0.02238,0.015,0.0349,0.02619,0.00871,+,False
2191,36.5167,0.29485,0.27219,-0.02266,0.015,0.0335,0.02633,0.00717,+,False
2192,36.5333,0.2951,0.27215,-0.02295,0.015,0.03487,0.02647,0.0084,+,False
2193,36.55,0.29535,0.27211,-0.02324,0.015,0.03198,0.02662,0.00535,+,False
2194,36.5667,0.2956,0.27207,-0.02353,0.015,0.03427,0.02677,0.0075,+,False
2195,36.5833,0.29585,0.27205,-0.0238,0.015,0.03526,0.0269,0.00836,+,False
2196,36.6,0.2961,0.27206,-0.02404,0.015,0.03799,0.02702,0.01097,+,False
2197,36.6167,0.29635,0.27203,-0.02432,0.015,0.03108,0.02716,0.00392,+,False
2198,36.6333,0.2966,0.27201,-0.0246,0.015,0.03653,0.0273,0.00923,+,False
2199,36.65,0.29685,0.27201,-0.02484,0.015,0.03614,0.02742,0.00871,+,False
2200,36.6667,0.2971,0.27188,-0.02522,0.015,0.025,0.02761,-0.00261,+,False
2201,36.6833,0.29735,0.27173,-0.02563,0.015,0.02822,0.02781,0.0004,+,False
2202,36.7,0.2976,0.27158,-0.02602,0.015,0.02872,0.02801,0.00071,+,False
2203,36.7167,0.29785,0.27148,-0.02637,0.015,0.03288,0.02818,0.0047,+,False
2204,36.7333,0.2981,0.27142,-0.02668,0.015,0.03283,0.02834,0.00448,+,False
2205,36.75,0.29835,0.27138,-0.02697,0.015,0.03605,0.02848,0.00757,+,False
2206,36.7667,0.2986,0.27135,-0.02726,0.015,0.03309,0.02863,0.00447,+,False
2207,36.7833,0.29885,0.27131,-0.02754,0.015,0.03618,0.02877,0.00741,+,False
2208,36.8,0.2991,0.27135,-0.02775,0.015,0.03975,0.02887,0.01088,+,False
2209,36.8167,0.29935,0.2714,-0.02795,0.015,0.03864,0.02898,0.00967,+,False
2210,36.8333,0.2996,0.27146,-0.02814,0.015,0.04099,0.02907,0.01192,+,False
2211,36.85,0.29985,0.27156,-0.02829,0.015,0.04097,0.02915,0.01183,+,False
2212,36.8667,0.3001,0.27167,-0.02843,0.015,0.0448,0.02922,0.01558,+,False
2213,36.8833,0.30035,0.27172,-0.02864,0.015,0.03572,0.02932,0.0064,+,False
2214,36.9,0.3006,0.27172,-0.02888,0.015,0.03703,0.02944,0.00759,+,False
2215,36.9167,0.30085,0.2718,-0.02905,0.015,0.04149,0.02953,0.01196,+,False
2216,36.9333,0.3011,0.27191,-0.0292,0.015,0.04326,0.0296,0.01366,+,False
2217,36.95,0.30135,0.27196,-0.02939,0.015,0.03681,0.02969,0.00712,+,False
2218,36.9667,0.3016,0.27195,-0.02965,0.015,0.035,0.02983,0.00518,+,False
2219,36.9833,0.30185,0.272,-0.02985,0.015,0.04117,0.02992,0.01125,+,False
2220,37.0,0.3021,0.27211,-0.02999,0.015,0.04262,0.03,0.01262,+,False
2221,37.0167,0.30235,0.27223,-0.03013,0.015,0.04376,0.03006,0.0137,+,False
2222,37.0333,0.3026,0.27231,-0.03029,0.015,0.03965,0.03015,0.00951,+,False
2223,37.05,0.30285,0.27235,-0.03051,0.015,0.03835,0.03025,0.0081,+,False
2224,37.0667,0.3031,0.27242,-0.03068,0.015,0.04091,0.03034,0.01057,+,False
2225,37.0833,0.30335,0.27248,-0.03088,0.015,0.03966,0.03044,0.00922,+,False
2226,37.1,0.3036,0.27249,-0.03111,0.015,0.03488,0.03056,0.00433,+,False
2227,37.1167,0.30385,0.27246,-0.03139,0.015,0.03483,0.03069,0.00414,+,False
2228,37.1333,0.3041,0.27237,-0.03174,0.015,0.02846,0.03087,-0.00241,+,False
2229,37.15,0.30435,0.27221,-0.03214,0.015,0.02679,0.03107,-0.00429,+,False
2230,37.1667,0.3046,0.27211,-0.03249,0.015,0.03211,0.03125,0.00086,+,False
2231,37.1833,0.30485,0.27202,-0.03283,0.015,0.02981,0.03142,-0.00161,+,False
2232,37.2,0.3051,0.27195,-0.03316,0.015,0.03434,0.03158,0.00277,+,False
2233,37.2167,0.30535,0.27194,-0.03341,0.015,0.03753,0.0317,0.00582,+,False
2234,37.2333,0.3056,0.27194,-0.03366,0.015,0.03526,0.03183,0.00343,+,False
2235,37.25,0.30585,0.27191,-0.03394,0.015,0.03481,0.03197,0.00284,+,False
2236,37.2667,0.3061,0.27186,-0.03424,0.015,0.03315,0.03212,0.00103,+,False
2237,37.2833,0.30635,0.27182,-0.03453,0.015,0.03618,0.03226,0.00392,+,False
2238,37.3,0.3066,0.27179,-0.03482,0.015,0.03406,0.03241,0.00165,+,False
2239,37.3167,0.30685,0.27177,-0.03508,0.015,0.03577,0.03254,0.00323,+,False
2240,37.3333,0.3071,0.27177,-0.03533,0.015,0.03697,0.03267,0.0043,+,False
2241,37.35,0.30735,0.27184,-0.03551,0.015,0.04194,0.03276,0.00919,+,False
2242,37.3667,0.3076,0.27187,-0.03573,0.015,0.03556,0.03287,0.00269,+,False
2243,37.3833,0.30785,0.27186,-0.03599,0.015,0.03586,0.033,0.00286,+,False
2244,37.4,0.3081,0.27186,-0.03624,0.015,0.03766,0.03312,0.00454,+,False
2245,37.4167,0.30835,0.27191,-0.03644,0.015,0.04029,0.03322,0.00707,+,False
2246,37.4333,0.3086,0.27202,-0.03658,0.015,0.04452,0.03329,0.01123,+,False
2247,37.45,0.30885,0.27212,-0.03673,0.015,0.03946,0.03337,0.0061,+,False
2248,37.4667,0.3091,0.27211,-0.03699,0.015,0.03484,0.0335,0.00134,+,False
2249,37.4833,0.30935,0.27207,-0.03728,0.015,0.03233,0.03364,-0.00132,+,False
2250,37.5,0.3096,0.27197,-0.03763,0.015,0.02928,0.03382,-0.00453,+,False
2251,37.5167,0.30985,0.27188,-0.03797,0.015,0.03236,0.03398,-0.00163,+,False
2252,37.5333,0.3101,0.27176,-0.03834,0.015,0.02757,0.03417,-0.0066,+,False
2253,37.55,0.31035,0.27166,-0.0387,0.015,0.03159,0.03435,-0.00276,+,False
2254,37.5667,0.3106,0.27159,-0.03901,0.015,0.03386,0.03451,-0.00065,+,False
2255,37.5833,0.31085,0.27153,-0.03933,0.015,0.03247,0.03466,-0.00219,+,False
2256,37.6,0.3111,0.27147,-0.03963,0.015,0.03238,0.03481,-0.00243,+,False
2257,37.6167,0.31135,0.27147,-0.03988,0.015,0.03925,0.03494,0.00431,+,False
2258,37.6333,0.3116,0.27147,-0.04013,0.015,0.0337,0.03507,-0.00137,+,False
2259,37.65,0.31185,0.27147,-0.04038,0.015,0.03721,0.03519,0.00202,+,False
2260,37.6667,0.3121,0.27153,-0.04057,0.015,0.04214,0.03529,0.00686,+,False
2261,37.6833,0.31235,0.27161,-0.04074,0.015,0.03758,0.03537,0.00221,+,False
2262,37.7,0.3126,0.27164,-0.04096,0.015,0.03915,0.03548,0.00368,+,False
2263,37.7167,0.31285,0.27172,-0.04113,0.015,0.04061,0.03557,0.00504,+,False
2264,37.7333,0.3131,0.27178,-0.04133,0.015,0.04042,0.03566,0.00476,+,False
2265,37.75,0.31335,0.27188,-0.04147,0.015,0.04367,0.03573,0.00794,+,False
2266,37.7667,0.3136,0.27197,-0.04164,0.015,0.0404,0.03582,0.00458,+,False
2267,37.7833,0.31385,0.27202,-0.04183,0.015,0.03926,0.03592,0.00335,+,False
2268,37.8,0.3141,0.27201,-0.04209,0.015,0.03383,0.03604,-0.00222,+,False
2269,37.8167,0.31435,0.27205,-0.0423,0.015,0.04111,0.03615,0.00496,+,False
2270,37.8333,0.3146,0.27214,-0.04246,0.015,0.04115,0.03623,0.00491,+,False
2271,37.85,0.31485,0.27221,-0.04264,0.015,0.04017,0.03632,0.00385,+,False
2272,37.8667,0.3151,0.27222,-0.04289,0.015,0.03506,0.03644,-0.00139,+,False
2273,37.8833,0.31535,0.27215,-0.04321,0.015,0.03059,0.0366,-0.00601,+,False
2274,37.9,0.3156,0.27214,-0.04346,0.015,0.039,0.03673,0.00227,+,False
2275,37.9167,0.31585,0.27219,-0.04366,0.015,0.03918,0.03683,0.00235,+,False
2276,37.9333,0.3161,0.27217,-0.04393,0.015,0.03315,0.03697,-0.00381,+,False
2277,37.95,0.31635,0.2721,-0.04425,0.015,0.03027,0.03712,-0.00685,+,False
2278,37.9667,0.3166,0.27199,-0.04461,0.015,0.02957,0.03731,-0.00774,+,False
2279,37.9833,0.31685,0.27193,-0.04493,0.015,0.03316,0.03746,-0.0043,+,False
2280,38.0,0.3171,0.2719,-0.0452,0.015,0.03594,0.0376,-0.00166,+,False
2281,38.0167,0.31735,0.27192,-0.04544,0.015,0.0368,0.03772,-0.00092,+,False
2282,38.0333,0.3176,0.27189,-0.04572,0.015,0.03288,0.03786,-0.00498,+,False
2283,38.05,0.31785,0.27186,-0.04599,0.015,0.03645,0.03799,-0.00154,+,False
2284,38.0667,0.3181,0.27188,-0.04622,0.015,0.03761,0.03811,-0.0005,+,False
2285,38.0833,0.31835,0.2719,-0.04645,0.015,0.03649,0.03823,-0.00174,+,False
2286,38.1,0.3186,0.27192,-0.04668,0.015,0.03946,0.03834,0.00112,+,False
2287,38.1167,0.31885,0.2719,-0.04695,0.015,0.03271,0.03848,-0.00577,+,False
2288,38.1333,0.3191,0.27184,-0.04726,0.015,0.03374,0.03863,-0.00489,+,False
2289,38.15,0.31935,0.27185,-0.04751,0.015,0.03765,0.03875,-0.00111,+,False
2290,38.1667,0.3196,0.27191,-0.0477,0.015,0.04132,0.03885,0.00247,+,False
2291,38.1833,0.31985,0.27193,-0.04792,0.015,0.03484,0.03896,-0.00412,+,False
2292,38.2,0.3201,0.27189,-0.04821,0.015,0.0328,0.03911,-0.00631,+,False
2293,38.2167,0.32035,0.27187,-0.04848,0.015,0.03724,0.03924,-0.002,+,False
2294,38.2333,0.3206,0.27195,-0.04865,0.015,0.04254,0.03933,0.00322,+,False
2295,38.25,0.32085,0.27211,-0.04874,0.015,0.04746,0.03937,0.00809,+,False
2296,38.2667,0.3211,0.27218,-0.04892,0.015,0.03582,0.03946,-0.00364,+,False
2297,38.2833,0.32135,0.27228,-0.04907,0.015,0.0454,0.03954,0.00586,+,False
2298,38.3,0.3216,0.2724,-0.0492,0.015,0.04207,0.0396,0.00247,+,False
2299,38.3167,0.32185,0.27245,-0.04941,0.015,0.03621,0.0397,-0.00349,+,False
2300,38.3333,0.3221,0.27239,-0.04972,0.015,0.03175,0.03986,-0.00811,+,False
2301,38.35,0.32235,0.2723,-0.05006,0.015,0.02978,0.04003,-0.01025,+,False
2302,38.3667,0.3226,0.27217,-0.05043,0.015,0.02853,0.04022,-0.01168,+,False
2303,38.3833,0.32285,0.2721,-0.05076,0.015,0.03444,0.04038,-0.00594,+,False
2304,38.4,0.3231,0.27204,-0.05106,0.015,0.03234,0.04053,-0.00819,+,False
2305,38.4167,0.32335,0.27198,-0.05138,0.015,0.03225,0.04069,-0.00843,+,False
2306,38.4333,0.3236,0.27192,-0.05168,0.015,0.03308,0.04084,-0.00776,+,False
2307,38.45,0.32385,0.27186,-0.05199,0.015,0.03342,0.04099,-0.00757,+,False
2308,38.4667,0.3241,0.27187,-0.05224,0.015,0.03687,0.04112,-0.00424,+,False
2309,38.4833,0.32435,0.27184,-0.05251,0.015,0.03425,0.04126,-0.00701,+,False
2310,38.5,0.3246,0.27185,-0.05276,0.015,0.0383,0.04138,-0.00308,+,False
2311,38.5167,0.32485,0.27181,-0.05305,0.015,0.03176,0.04152,-0.00976,+,False
2312,38.5333,0.3251,0.27177,-0.05334,0.015,0.03426,0.04167,-0.0074,+,False
2313,38.55,0.32535,0.27172,-0.05364,0.015,0.03314,0.04182,-0.00868,+,False
2314,38.5667,0.3256,0.27165,-0.05395,0.015,0.03246,0.04198,-0.00952,+,False
2315,38.5833,0.32585,0.2716,-0.05425,0.015,0.03393,0.04213,-0.0082,+,False
2316,38.6,0.3261,0.27157,-0.05453,0.015,0.0354,0.04227,-0.00686,+,False
2317,38.6167,0.32635,0.27159,-0.05476,0.015,0.03741,0.04238,-0.00497,+,False
2318,38.6333,0.3266,0.2716,-0.055,0.015,0.03654,0.0425,-0.00596,+,False
2319,38.65,0.32685,0.27162,-0.05523,0.015,0.03852,0.04262,-0.00409,+,False
2320,38.6667,0.3271,0.27172,-0.05538,0.015,0.04371,0.04269,0.00102,+,False
2321,38.6833,0.32735,0.27187,-0.05548,0.015,0.04614,0.04274,0.0034,+,False
2322,38.7,0.3276,0.27202,-0.05558,0.015,0.04219,0.04279,-0.0006,+,False
2323,38.7167,0.32785,0.27208,-0.05577,0.015,0.03883,0.04288,-0.00405,+,False
2324,38.7333,0.3281,0.27216,-0.05594,0.015,0.04093,0.04297,-0.00204,+,False
2325,38.75,0.32835,0.27216,-0.0562,0.015,0.03384,0.0431,-0.00926,+,False
2326,38.7667,0.3286,0.27207,-0.05653,0.015,0.02872,0.04327,-0.01455,+,False
2327,38.7833,0.32885,0.27204,-0.05681,0.015,0.03857,0.04341,-0.00484,+,False
2328,38.8,0.3291,0.27213,-0.05697,0.015,0.04414,0.04349,0.00066,+,False
2329,38.8167,0.32935,0.27222,-0.05714,0.015,0.03989,0.04357,-0.00368,+,False
2330,38.8333,0.3296,0.27229,-0.05732,0.015,0.04093,0.04366,-0.00273,+,False
2331,38.85,0.32985,0.2723,-0.05755,0.015,0.03452,0.04378,-0.00926,+,False
2332,38.8667,0.3301,0.27228,-0.05782,0.015,0.03473,0.04391,-0.00918,+,False
2333,38.8833,0.33035,0.27231,-0.05804,0.015,0.04072,0.04402,-0.0033,+,False
2334,38.9,0.3306,0.27234,-0.05826,0.015,0.03687,0.04413,-0.00726,+,False
2335,38.9167,0.33085,0.2723,-0.05855,0.015,0.03268,0.04427,-0.0116,+,False
2336,38.9333,0.3311,0.27226,-0.05884,0.015,0.03392,0.04442,-0.0105,+,False
2337,38.95,0.33135,0.2722,-0.05915,0.015,0.03316,0.04458,-0.01141,+,False
2338,38.9667,0.3316,0.27206,-0.05954,0.015,0.0246,0.04477,-0.02017,+,False
2339,38.9833,0.33185,0.27187,-0.05998,0.015,0.02677,0.04499,-0.01822,+,False
2340,39.0,0.3321,0.27177,-0.06033,0.015,0.03184,0.04517,-0.01333,+,False
2341,39.0167,0.33235,0.27172,-0.06064,0.015,0.03408,0.04532,-0.01124,+,False
2342,39.0333,0.3326,0.2717,-0.0609,0.015,0.03634,0.04545,-0.00912,+,False
2343,39.05,0.33285,0.27168,-0.06117,0.015,0.0353,0.04558,-0.01028,+,False
2344,39.0667,0.3331,0.27171,-0.06139,0.015,0.03839,0.0457,-0.00731,+,False
2345,39.0833,0.33335,0.27181,-0.06154,0.015,0.04475,0.04577,-0.00102,+,False
2346,39.1,0.3336,0.27197,-0.06163,0.015,0.04629,0.04581,0.00048,+,False
2347,39.1167,0.33385,0.27212,-0.06173,0.015,0.04453,0.04586,-0.00133,+,False
2348,39.1333,0.3341,0.27224,-0.06187,0.015,0.04067,0.04593,-0.00526,+,False
2349,39.15,0.33435,0.27233,-0.06203,0.015,0.04206,0.04601,-0.00395,+,False
2350,39.1667,0.3346,0.27244,-0.06217,0.015,0.04196,0.04608,-0.00412,+,False
2351,39.1833,0.33485,0.2725,-0.06235,0.015,0.03859,0.04618,-0.00758,+,False
2352,39.2,0.3351,0.27255,-0.06255,0.015,0.0397,0.04628,-0.00658,+,False
2353,39.2167,0.33535,0.27256,-0.06279,0.015,0.03367,0.0464,-0.01273,+,False
2354,39.2333,0.3356,0.27253,-0.06307,0.015,0.03541,0.04654,-0.01113,+,False
2355,39.25,0.33585,0.27251,-0.06334,0.015,0.03431,0.04667,-0.01236,+,False
2356,39.2667,0.3361,0.27242,-0.06369,0.015,0.03035,0.04684,-0.01649,+,False
2357,39.2833,0.33635,0.27233,-0.06403,0.015,0.03077,0.04701,-0.01624,+,False
2358,39.3,0.3366,0.27225,-0.06435,0.015,0.03239,0.04717,-0.01478,+,False
2359,39.3167,0.33685,0.27217,-0.06468,0.015,0.03068,0.04734,-0.01666,+,False
2360,39.3333,0.3371,0.27207,-0.06503,0.015,0.03018,0.04752,-0.01733,+,False
2361,39.35,0.33735,0.27195,-0.0654,0.015,0.0292,0.0477,-0.0185,+,False
2362,39.3667,0.3376,0.27185,-0.06576,0.015,0.03044,0.04788,-0.01744,+,False
2363,39.3833,0.33785,0.27178,-0.06608,0.015,0.03378,0.04804,-0.01426,+,False
2364,39.4,0.3381,0.27172,-0.06638,0.015,0.03283,0.04819,-0.01536,+,False
2365,39.4167,0.33835,0.27166,-0.0667,0.015,0.03088,0.04835,-0.01747,+,False
2366,39.4333,0.3386,0.27158,-0.06702,0.015,0.03241,0.04851,-0.0161,+,False
2367,39.45,0.33885,0.27156,-0.06729,0.015,0.0359,0.04865,-0.01275,+,False
2368,39.4667,0.3391,0.2715,-0.0676,0.015,0.03176,0.0488,-0.01704,+,False
2369,39.4833,0.33935,0.27145,-0.0679,0.015,0.03317,0.04895,-0.01579,+,False
2370,39.5,0.3396,0.27142,-0.06819,0.015,0.03511,0.04909,-0.01399,+,False
2371,39.5167,0.33985,0.27145,-0.0684,0.015,0.04008,0.0492,-0.00912,+,False
2372,39.5333,0.3401,0.27148,-0.06863,0.015,0.03609,0.04931,-0.01323,+,False
2373,39.55,0.34035,0.27148,-0.06887,0.015,0.03528,0.04943,-0.01415,+,False
2374,39.5667,0.3406,0.27154,-0.06907,0.015,0.04242,0.04953,-0.00712,+,False
2375,39.5833,0.34085,0.27168,-0.06917,0.015,0.04631,0.04959,-0.00327,+,False
2376,39.6,0.3411,0.27182,-0.06928,0.015,0.04379,0.04964,-0.00585,+,False
2377,39.6167,0.34135,0.27192,-0.06943,0.015,0.03999,0.04971,-0.00973,+,False
2378,39.6333,0.3416,0.27197,-0.06963,0.015,0.03889,0.04981,-0.01093,+,False
2379,39.65,0.34185,0.27204,-0.06981,0.015,0.04071,0.04991,-0.00919,+,False
2380,39.6667,0.3421,0.2721,-0.07,0.015,0.03917,0.05,-0.01083,+,False
2381,39.6833,0.34235,0.27214,-0.07021,0.015,0.03872,0.05,-0.01128,+,False
2382,39.7,0.3426,0.27212,-0.07048,0.015,0.03255,0.05,-0.01745,+,False
2383,39.7167,0.34285,0.27202,-0.07083,0.015,0.02835,0.05,-0.02165,+,False
2384,39.7333,0.3431,0.27197,-0.07114,0.015,0.03623,0.05,-0.01377,+,False
2385,39.75,0.34335,0.27199,-0.07136,0.015,0.03793,0.05,-0.01207,+,False
2386,39.7667,0.3436,0.27201,-0.0716,0.015,0.03666,0.05,-0.01334,+,False
2387,39.7833,0.34385,0.27205,-0.0718,0.015,0.03918,0.05,-0.01082,+,False
2388,39.8,0.3441,0.27208,-0.07203,0.015,0.03666,0.05,-0.01334,+,False
2389,39.8167,0.34435,0.27209,-0.07226,0.015,0.03558,0.05,-0.01442,+,False
2390,39.8333,0.3446,0.27212,-0.07248,0.015,0.03823,0.05,-0.01177,+,False
2391,39.85,0.34485,0.27219,-0.07266,0.015,0.04113,0.05,-0.00887,+,False
2392,39.8667,0.3451,0.27221,-0.0729,0.015,0.03616,0.05,-0.01384,+,False
2393,39.8833,0.34535,0.27223,-0.07312,0.015,0.03778,0.05,-0.01222,+,False
2394,39.9,0.3456,0.27228,-0.07332,0.015,0.0411,0.05,-0.0089,+,False
2395,39.9167,0.34585,0.27235,-0.0735,0.015,0.03899,0.05,-0.01101,+,False
2396,39.9333,0.3461,0.27234,-0.07376,0.015,0.03431,0.05,-0.01569,+,False
2397,39.95,0.34635,0.27232,-0.07403,0.015,0.03596,0.05,-0.01404,+,False
2398,39.9667,0.3466,0.2723,-0.0743,0.015,0.03563,0.05,-0.01437,+,False
2399,39.9833,0.32168,0.31617,-0.00551,-0.015,0.01155,-0.01224,0.0238,-,True
