height,height_error,com_minus_wheel_x_w,com_minus_wheel_x_b,root_x_minus_wheel_x_w,root_vx_b,root_vy_b,root_yaw_rate_b,wheel_action_left,wheel_action_right,wheel_action_rate_l2,wheel_torque_left,wheel_torque_right,wheel_torque_abs_max,height_cmd,step,t,done
0.2751982808113098,0.005198270082473755,0.0031163692474365234,0.003414546139538288,0.0429079532623291,0.3208256661891937,0.008217763155698776,0.25192028284072876,1.292533278465271,-0.24193075299263,0.3111981153488159,5.0,-2.7038145065307617,5.0,0.27,120,2.0,False
0.27471980452537537,0.004719793796539307,0.007531166076660156,0.008876873180270195,0.04788804054260254,0.383672833442688,0.03857564926147461,0.2362474650144577,1.6558550596237183,-0.9754558801651001,0.6700618863105774,5.0,4.083248138427734,5.0,0.27,121,2.01667,False
0.27373433113098145,0.0037343204021453857,0.011999845504760742,0.014542928896844387,0.05280804634094238,0.37550127506256104,0.03932856023311615,0.2911737859249115,0.5114696025848389,-0.30902525782585144,1.753747820854187,5.0,0.8163900375366211,5.0,0.27,122,2.03333,False
0.2730938494205475,0.0030938386917114258,0.012837648391723633,0.0157444067299366,0.05357837677001953,0.3369191586971283,-0.028447657823562622,0.44539281725883484,1.1759485006332397,1.1437424421310425,2.5520663261413574,5.0,5.0,5.0,0.27,123,2.05,False
0.27303606271743774,0.0030360519886016846,0.012045145034790039,0.014671223238110542,0.05247616767883301,0.29462721943855286,-0.013355500064790249,0.500914454460144,1.1073877811431885,-0.2958373427391052,2.0770905017852783,4.483360290527344,5.0,5.0,0.27,124,2.06667,False
0.2742901146411896,0.004290103912353516,0.004957914352416992,0.00595986470580101,0.04423713684082031,0.25064384937286377,0.015792105346918106,0.430393248796463,1.5619149208068848,-1.13811194896698,0.916021466255188,5.0,-5.0,5.0,0.27,125,2.08333,False
0.2763687074184418,0.006368696689605713,-0.001420736312866211,-0.0019081701757386327,0.0367739200592041,0.27736783027648926,0.021263394504785538,0.4123446047306061,1.079025149345398,0.30161482095718384,2.3059957027435303,5.0,5.0,5.0,0.27,126,2.1,False
0.2769321799278259,0.006932169198989868,-0.00021314620971679688,-0.00038337858859449625,0.038064002990722656,0.3731461465358734,0.02228916808962822,0.37779080867767334,0.9558262228965759,0.7184404730796814,0.18892160058021545,5.0,5.0,5.0,0.27,127,2.11667,False
0.27601104974746704,0.0060110390186309814,0.005070209503173828,0.006377361714839935,0.043920040130615234,0.4431707262992859,0.015932749956846237,0.41509440541267395,1.6995210647583008,-0.67753005027771,2.5018157958984375,5.0,-3.038087844848633,5.0,0.27,128,2.13333,False
0.27390626072883606,0.00390625,0.010591745376586914,0.013688651844859123,0.04996442794799805,0.4420124292373657,0.009970288723707199,0.4298919439315796,0.5314325094223022,-1.4486931562423706,1.9591233730316162,5.0,-5.0,5.0,0.27,129,2.15,False
0.27231845259666443,0.002318441867828369,0.011092662811279297,0.014673668891191483,0.050284624099731445,0.3842703700065613,0.0071517713367938995,0.5025985836982727,1.124510645866394,0.6198227405548096,4.630499362945557,4.48228645324707,0.07444572448730469,4.48228645324707,0.27,130,2.16667,False
0.27182313799858093,0.001823127269744873,0.009811639785766602,0.01307442132383585,0.048616886138916016,0.3174715042114258,0.00043549761176109314,0.5359690189361572,1.0908446311950684,0.6132329702377319,0.001176825724542141,5.0,5.0,5.0,0.27,131,2.18333,False
0.27169883251190186,0.001698821783065796,0.007578611373901367,0.01031678356230259,0.045932769775390625,0.3349493145942688,0.0368674173951149,0.4204326868057251,0.5936704277992249,-0.9727493524551392,2.762521982192993,2.412168502807617,-5.0,5.0,0.27,132,2.2,False
0.272665798664093,0.002665787935256958,0.005541563034057617,0.007856940850615501,0.04355144500732422,0.3195076584815979,0.06633000820875168,0.39395830035209656,1.2303074598312378,0.928029477596283,4.018266677856445,5.0,5.0,5.0,0.27,133,2.21667,False
0.27489033341407776,0.004890322685241699,0.0031125545501708984,0.004705776460468769,0.04063057899475098,0.2883705794811249,0.05550960451364517,0.4917505085468292,1.3139041662216187,1.1233885288238525,0.04515356943011284,5.0,5.0,5.0,0.27,134,2.23333,False
0.2771238684654236,0.007123857736587524,0.0022873878479003906,0.003487601410597563,0.03939414024353027,0.32130861282348633,0.025042835623025894,0.5084008574485779,1.564945936203003,-0.704946756362915,3.405831813812256,5.0,-0.09215545654296875,5.0,0.27,135,2.25,False
0.27779948711395264,0.007799476385116577,0.0031290054321289062,0.004526343196630478,0.03995251655578613,0.3664276897907257,0.010869119316339493,0.49082812666893005,1.7281405925750732,-1.987435221672058,1.671409249305725,5.0,-3.0927810668945312,5.0,0.27,136,2.26667,False
0.2771676182746887,0.007167607545852661,0.004263877868652344,0.005970361642539501,0.04081606864929199,0.3432396948337555,-0.015024963766336441,0.4978771209716797,1.2804805040359497,-0.8623636960983276,1.466185450553894,5.0,-5.0,5.0,0.27,137,2.28333,False
0.2763189971446991,0.006318986415863037,0.002556324005126953,0.0037194848991930485,0.038578033447265625,0.3218294382095337,-0.02836313284933567,0.4942542612552643,1.1452562808990479,-0.24366462230682373,0.4010741412639618,-0.07857322692871094,5.0,5.0,0.27,138,2.3,False
0.2756121754646301,0.005612164735794067,-4.7206878662109375e-05,0.0004029700066894293,0.03557777404785156,0.36397886276245117,0.022772345691919327,0.32533594965934753,1.1874569654464722,-0.5585436224937439,0.10092968493700027,4.32512092590332,1.7955780029296875,4.32512092590332,0.27,139,2.31667,False
0.27550622820854187,0.0055062174797058105,-0.0006835460662841797,-8.563138544559479e-05,0.03496408462524414,0.3958033323287964,0.04281381890177727,0.21221312880516052,1.4627957344055176,0.37676772475242615,0.9506186842918396,3.7524547576904297,2.1581411361694336,3.7524547576904297,0.27,140,2.33333,False
0.27612438797950745,0.006124377250671387,0.0007634162902832031,0.002131030196323991,0.03659868240356445,0.4028147757053375,0.03934364393353462,0.24825958907604218,0.7641380429267883,0.6862713098526001,0.5839150547981262,5.0,2.4759559631347656,5.0,0.27,141,2.35,False
0.2765211760997772,0.006521165370941162,0.003498077392578125,0.005884825251996517,0.039560794830322266,0.4299849271774292,0.02725723385810852,0.34795814752578735,0.8933076858520508,0.7741217613220215,0.024402499198913574,5.0,2.520343780517578,5.0,0.27,142,2.36667,False
0.27576738595962524,0.005767375230789185,0.007047176361083984,0.010664479807019234,0.04331088066101074,0.42015406489372253,-0.025032425299286842,0.38197505474090576,1.1317095756530762,-1.0144211053848267,3.255721092224121,2.5619277954101562,-5.0,5.0,0.27,143,2.38333,False
0.27520933747291565,0.00520932674407959,0.007180452346801758,0.01080545224249363,0.04308724403381348,0.3500511348247528,-0.020346593111753464,0.3457787334918976,1.8141868114471436,-0.5809409618377686,0.6536802053451538,5.0,5.0,5.0,0.27,144,2.4,False
0.2745678722858429,0.004567861557006836,0.00409388542175293,0.006562321912497282,0.03940105438232422,0.3262886106967926,-0.04984044283628464,0.40869736671447754,0.5115417838096619,-0.13312891125679016,1.8974195718765259,3.0955772399902344,5.0,5.0,0.27,145,2.41667,False
0.2727576494216919,0.002757638692855835,0.006590604782104492,0.009764198213815689,0.04229092597961426,0.3920662999153137,-0.021816492080688477,0.27543243765830994,1.0072340965270996,1.1360841989517212,1.8566126823425293,5.0,5.0,5.0,0.27,146,2.43333,False
0.27305370569229126,0.0030536949634552,0.0058519840240478516,0.008587964810431004,0.04145526885986328,0.3214194178581238,-0.004280146211385727,0.27321597933769226,1.9017566442489624,0.11183818429708481,1.849250316619873,5.0,-3.73122501373291,5.0,0.27,147,2.45,False
0.2744596302509308,0.0044596195220947266,0.003913402557373047,0.0058912243694067,0.0391843318939209,0.35262197256088257,0.022164326161146164,0.2368720918893814,1.3898648023605347,-0.25507277250289917,0.39665693044662476,5.0,-0.3768935203552246,5.0,0.27,148,2.46667,False
0.2765175998210907,0.006517589092254639,0.001749277114868164,0.0029073813930153847,0.03658556938171387,0.33096301555633545,0.021803364157676697,0.3154783546924591,0.8962590098381042,0.13462361693382263,0.3955099582672119,5.0,1.0341918468475342,5.0,0.27,149,2.48333,False
0.27863526344299316,0.008635252714157104,-0.0006318092346191406,-0.000503425020724535,0.03362679481506348,0.3596610426902771,0.009165938943624496,0.36999547481536865,1.1864410638809204,-0.8257590532302856,1.0065405368804932,5.0,-2.5709457397460938,5.0,0.27,150,2.5,False
0.2796110510826111,0.009611040353775024,-0.0016520023345947266,-0.0018704141257330775,0.03216385841369629,0.4054371416568756,0.008251667022705078,0.31122636795043945,1.566733717918396,-1.082464337348938,0.21052011847496033,5.0,-5.0,5.0,0.27,151,2.51667,False
0.28025779128074646,0.0102577805519104,-0.003379344940185547,-0.004100339952856302,0.029875516891479492,0.40326499938964844,-0.010945159941911697,0.3226885199546814,1.601996898651123,-0.6586560010910034,0.18085698783397675,-5.0,0.18829345703125,5.0,0.27,152,2.53333,False
0.27952054142951965,0.009520530700683594,-0.002514362335205078,-0.0026130294427275658,0.030697107315063477,0.47986117005348206,-0.006313353776931763,0.23099878430366516,0.7488547563552856,-0.27335071563720703,0.8763116598129272,2.634500503540039,0.6267509460449219,2.634500503540039,0.27,153,2.55,False
0.2777631878852844,0.007763177156448364,0.0007722377777099609,0.002452489687129855,0.03453207015991211,0.4871489107608795,0.006533488631248474,0.14886218309402466,0.7632221579551697,0.7512258887290955,1.0499638319015503,5.0,5.0,5.0,0.27,154,2.56667,False
0.27700385451316833,0.007003843784332275,0.003130674362182617,0.006141515448689461,0.03724503517150879,0.45604047179222107,-0.002686925232410431,0.20090393722057343,0.786458432674408,0.5973110795021057,0.02422969415783882,5.0,5.0,5.0,0.27,155,2.58333,False
0.2768164277076721,0.00681641697883606,0.0041980743408203125,0.007931496016681194,0.03840780258178711,0.4407256245613098,-0.0028539299964904785,0.2262665182352066,0.8370264172554016,1.032304048538208,0.19177599251270294,5.0,5.0,5.0,0.27,156,2.6,False
0.2773094177246094,0.007309406995773315,0.0034894943237304688,0.0070151761174201965,0.03745079040527344,0.4141586422920227,-0.02235129475593567,0.32079142332077026,0.661996603012085,0.16572469472885132,0.7815951704978943,5.0,5.0,5.0,0.27,157,2.61667,False
0.2778926193714142,0.007892608642578125,0.0022373199462890625,0.00511989276856184,0.035768985748291016,0.4052318036556244,-0.03192592039704323,0.3445539176464081,0.9258027672767639,-0.5147736668586731,0.5326716899871826,3.978191375732422,-5.0,5.0,0.27,158,2.63333,False
0.278199702501297,0.008199691772460938,0.0017685890197753906,0.004242370370775461,0.03487873077392578,0.42244747281074524,-0.057024553418159485,0.33503198623657227,0.8109692335128784,-0.7606688737869263,0.07365119457244873,5.0,-1.0293865203857422,5.0,0.27,159,2.65,False
0.27769553661346436,0.007695525884628296,0.0010929107666015625,0.0032822436187416315,0.033860206604003906,0.4512549340724945,-0.05080568790435791,0.26812461018562317,0.7484516501426697,-0.6023550033569336,0.028971729800105095,5.0,-2.1810169219970703,5.0,0.27,160,2.66667,False
0.27691805362701416,0.006918042898178101,0.001516580581665039,0.004203695338219404,0.03434443473815918,0.49308502674102783,-0.0028064772486686707,0.11267323046922684,0.5990230441093445,-0.12782558798789978,0.24750708043575287,3.814716339111328,-4.976955413818359,4.976955413818359,0.27,161,2.68333,False
0.2764436602592468,0.006443649530410767,0.004538059234619141,0.009159577079117298,0.0379490852355957,0.4978432059288025,0.03143635392189026,0.007419255096465349,0.6386643648147583,0.7281045317649841,0.7341877222061157,-0.05922698974609375,-5.0,5.0,0.27,162,2.7,False
0.2766515016555786,0.006651490926742554,0.008031845092773438,0.014856334775686264,0.04196429252624512,0.47076329588890076,0.04626930505037308,0.061423227190971375,0.7683368921279907,1.1027957201004028,0.15720844268798828,2.6193199157714844,5.0,5.0,0.27,163,2.71667,False
0.2776845097541809,0.007684499025344849,0.008529901504516602,0.01600757986307144,0.042462825775146484,0.42593565583229065,0.032208144664764404,0.16677764058113098,0.6418560743331909,1.0772013664245605,0.016652468591928482,4.0316362380981445,4.973257064819336,4.973257064819336,0.27,164,2.73333,False
0.27877476811408997,0.008774757385253906,0.007188320159912109,0.014252317138016224,0.040810585021972656,0.41590356826782227,0.013251319527626038,0.2614026963710785,0.6785610914230347,0.3263629972934723,0.5651055574417114,5.0,5.0,5.0,0.27,165,2.75,False
0.2788074016571045,0.008807390928268433,0.007636308670043945,0.014709407463669777,0.04106926918029785,0.39416229724884033,-0.023221716284751892,0.32153138518333435,0.90865159034729,-0.5524902939796448,0.8253247737884521,5.0,2.5382938385009766,5.0,0.27,166,2.76667,False
0.27841776609420776,0.008417755365371704,0.007477760314941406,0.014122532680630684,0.04053997993469238,0.3839111924171448,-0.023084182292222977,0.3071369528770447,1.576141119003296,-0.92384934425354,0.5834498405456543,5.0,2.425241470336914,5.0,0.27,167,2.78333,False
0.2780027389526367,0.00800272822380066,0.004366636276245117,0.009312777779996395,0.03681468963623047,0.34995540976524353,-0.015344060957431793,0.25211045145988464,1.1148320436477661,-0.47751277685165405,0.4120224118232727,-2.236988067626953,1.9189348220825195,2.236988067626953,0.27,168,2.8,False
0.2779015898704529,0.007901579141616821,0.002284526824951172,0.006242027971893549,0.03450894355773926,0.39129477739334106,0.02443939447402954,0.09094815701246262,0.7981823682785034,0.13171127438545227,0.4714210033416748,5.0,-0.8289146423339844,5.0,0.27,169,2.81667,False
0.27821698784828186,0.0082169771194458,0.0032291412353515625,0.007951385341584682,0.035749197006225586,0.43446072936058044,0.07144036144018173,0.01846514269709587,1.1812418699264526,0.4784778952598572,0.26698166131973267,5.0,-0.14441585540771484,5.0,0.27,170,2.83333,False
0.27838945388793945,0.008389443159103394,0.005135774612426758,0.011361369863152504,0.037940025329589844,0.44422900676727295,0.08387000858783722,0.04818020761013031,1.408819317817688,0.468435674905777,0.051892343908548355,5.0,-0.6148757934570312,5.0,0.27,171,2.85,False
0.2781011760234833,0.008101165294647217,0.006779909133911133,0.014275714755058289,0.03971266746520996,0.46530792117118835,0.06409642845392227,0.20577798783779144,0.9059954881668091,0.13773059844970703,0.3621976673603058,-5.0,5.0,5.0,0.27,172,2.86667,False
0.2771492600440979,0.007149249315261841,0.0073392391204833984,0.015193543396890163,0.04012274742126465,0.4153645634651184,-0.001448705792427063,0.27223581075668335,1.0920368432998657,-0.8403317332267761,0.991217315196991,5.0,-1.5065040588378906,5.0,0.27,173,2.88333,False
0.2767111361026764,0.006711125373840332,0.0044345855712890625,0.010886626318097115,0.036547183990478516,0.3246709108352661,0.010946832597255707,0.23484660685062408,2.2710070610046387,-0.011461116373538971,2.0769972801208496,5.0,5.0,5.0,0.27,174,2.9,False
0.2762565612792969,0.006256550550460815,0.0025234222412109375,0.007558874785900116,0.03424882888793945,0.3225322961807251,-0.02337757870554924,0.34872791171073914,0.5837975144386292,0.20728358626365662,2.8945255279541016,0.18865966796875,5.0,5.0,0.27,175,2.91667,False
0.2736765146255493,0.003676503896713257,0.0069844722747802734,0.013428134843707085,0.03928685188293457,0.36500152945518494,-0.0035721883177757263,0.26461565494537354,1.6208436489105225,1.4372361898422241,2.5882482528686523,5.0,5.0,5.0,0.27,176,2.93333,False
0.27314966917037964,0.003149658441543579,0.0068781375885009766,0.012241387739777565,0.0390772819519043,0.24125389754772186,-0.024298308417201042,0.3390144109725952,2.109206438064575,0.34996622800827026,1.420654296875,5.0,3.869861602783203,5.0,0.27,177,2.95,False
0.27554288506507874,0.005542874336242676,0.0025877952575683594,0.004400655627250671,0.0340423583984375,0.19024278223514557,-0.014173822477459908,0.381056547164917,1.9467231035232544,0.20825916528701782,0.04648172855377197,5.0,-2.3414220809936523,5.0,0.27,178,2.96667,False
0.2790868580341339,0.009086847305297852,-0.002857208251953125,-0.00528021389618516,0.027601003646850586,0.18990445137023926,-0.013408277183771133,0.37322691082954407,1.1983249187469482,-0.4178958535194397,0.9521699547767639,5.0,-0.41156005859375,5.0,0.27,179,2.98333,False
0.2822745144367218,0.012274503707885742,-0.007704496383666992,-0.013954724185168743,0.021673202514648438,0.23096917569637299,-0.024074243381619453,0.3655734956264496,2.1737608909606934,-1.8180893659591675,2.9120171070098877,5.0,-5.0,5.0,0.27,180,3.0,False
0.2838641107082367,0.013864099979400635,-0.010403156280517578,-0.019089490175247192,0.01822066307067871,0.2827099561691284,-0.01747259870171547,0.26192376017570496,3.0993130207061768,-1.6792356967926025,0.8759270310401917,5.0,-0.4072113037109375,5.0,0.27,181,3.01667,False
0.2837926745414734,0.013792663812637329,-0.010799169540405273,-0.02034645713865757,0.017629146575927734,0.3629607856273651,-0.015536025166511536,0.25987276434898376,2.7036726474761963,-0.32335978746414185,1.9949309825897217,5.0,-5.0,5.0,0.27,182,3.03333,False
0.2812593877315521,0.011259377002716064,-0.007355213165283203,-0.015391377732157707,0.02159857749938965,0.45102769136428833,-0.015572816133499146,0.2584426701068878,1.581801414489746,0.2937297821044922,1.6393946409225464,-5.0,4.741532802581787,5.0,0.27,183,3.05,False
0.27782493829727173,0.007824927568435669,-0.0028078556060791016,-0.008487241342663765,0.026792287826538086,0.4515225291252136,-0.010995306074619293,0.25866490602493286,1.5903278589248657,0.46113818883895874,0.028098275884985924,5.0,2.603107452392578,5.0,0.27,184,3.06667,False
0.27670761942863464,0.006707608699798584,-0.004000425338745117,-0.010644350200891495,0.025296688079833984,0.34272509813308716,-0.011886291205883026,0.34153491258621216,1.701522707939148,0.08631932735443115,0.15285347402095795,5.0,5.0,5.0,0.27,185,3.08333,False
0.27757495641708374,0.007574945688247681,-0.008652448654174805,-0.018317947164177895,0.01973891258239746,0.3164975643157959,-0.009053602814674377,0.3613029420375824,1.4491901397705078,-0.22298884391784668,0.15934327244758606,5.0,4.263309001922607,5.0,0.27,186,3.1,False
0.27916306257247925,0.009163051843643188,-0.012915611267089844,-0.025362949818372726,0.01453256607055664,0.33579033613204956,-0.014477565884590149,0.3750787079334259,1.0516860485076904,-0.6086385846138,0.30673521757125854,5.0,-1.808187484741211,5.0,0.27,187,3.11667,False
0.2802236080169678,0.010223597288131714,-0.015482425689697266,-0.029464272782206535,0.011208295822143555,0.4166839122772217,-0.013029411435127258,0.37880322337150574,1.6025556325912476,-1.3716328144073486,0.8856174945831299,-4.976322174072266,-1.1999282836914062,4.976322174072266,0.27,188,3.13333,False
0.2797398567199707,0.009739845991134644,-0.013982057571411133,-0.026651667430996895,0.012677907943725586,0.5381276607513428,-0.01488320529460907,0.35584747791290283,1.1863471269607544,-0.8985081315040588,0.39707648754119873,5.0,-5.0,5.0,0.27,189,3.15,False
0.2780267894268036,0.00802677869796753,-0.009428739547729492,-0.018545066937804222,0.01767134666442871,0.5932749509811401,-0.03233715146780014,0.32805678248405457,0.44335708022117615,-0.6091302037239075,0.6357737183570862,5.0,-4.149946212768555,5.0,0.27,190,3.16667,False
0.2761507034301758,0.006150692701339722,-0.0049381256103515625,-0.010246717371046543,0.022629976272583008,0.5914188623428345,-0.023683011531829834,0.3156677186489105,0.34231603145599365,0.11615688353776932,0.536250650882721,4.283373832702637,5.0,5.0,0.27,191,3.18333,False
0.27490779757499695,0.004907786846160889,-0.0016224384307861328,-0.0037815768737345934,0.02639150619506836,0.5276274681091309,0.0024837255477905273,0.2514183521270752,0.26494306325912476,1.358597993850708,1.5496463775634766,-4.605127334594727,5.0,5.0,0.27,192,3.2,False
0.2753727436065674,0.005372732877731323,0.00010919570922851562,8.145463652908802e-05,0.028362512588500977,0.47699856758117676,0.04042792320251465,0.1844940334558487,0.49216994643211365,1.7554622888565063,0.2091333270072937,0.1165618896484375,2.9021759033203125,2.9021759033203125,0.27,193,3.21667,False
0.27672848105430603,0.006728470325469971,0.0012516975402832031,0.0030041036661714315,0.029619455337524414,0.4393717050552368,0.04863381385803223,0.16980473697185516,0.39711639285087585,1.3078190088272095,0.20941969752311707,-0.6910781860351562,5.0,5.0,0.27,194,3.23333,False
0.278861403465271,0.008861392736434937,0.0012176036834716797,0.0035555996000766754,0.029444456100463867,0.3775603771209717,0.03061079978942871,0.2812405526638031,0.40054425597190857,1.2808374166488647,0.0007397565641440451,4.738199234008789,5.0,5.0,0.27,195,3.25,False
0.28019875288009644,0.010198742151260376,0.0021245479583740234,0.005149966571480036,0.030190706253051758,0.3793858587741852,0.01077716052532196,0.3394288420677185,0.6680805683135986,0.2793232798576355,1.0746062994003296,0.7668685913085938,-0.06807422637939453,0.7668685913085938,0.27,196,3.26667,False
0.2796313166618347,0.009631305932998657,0.004341602325439453,0.008703647181391716,0.03232288360595703,0.3832187354564667,-0.0449424684047699,0.3557698428630829,0.6613524556159973,-0.8795710802078247,1.3430813550949097,0.0306854248046875,-4.2882080078125,4.2882080078125,0.27,197,3.28333,False
0.2776012420654297,0.007601231336593628,0.006333827972412109,0.01180719118565321,0.03414487838745117,0.3770710229873657,-0.057099346071481705,0.3047594428062439,0.7209466695785522,-1.2739651203155518,0.15909813344478607,-0.07604598999023438,5.0,5.0,0.27,198,3.3,False
0.2754100263118744,0.00541001558303833,0.005893707275390625,0.010968819260597229,0.033538103103637695,0.34249618649482727,-0.009663328528404236,0.15169818699359894,0.7486060261726379,0.25990423560142517,2.353520393371582,5.0,5.0,5.0,0.27,199,3.31667,False
0.2741582989692688,0.004158288240432739,0.005856990814208984,0.011152859777212143,0.03372693061828613,0.3591777980327606,0.024702608585357666,0.021941067650914192,0.7716118693351746,0.9700841903686523,0.5048848390579224,-2.842639923095703,4.319833755493164,4.319833755493164,0.27,200,3.33333,False
0.2743957042694092,0.00439569354057312,0.007953405380249023,0.015218064188957214,0.036324501037597656,0.34708523750305176,0.059108130633831024,-0.016834517940878868,0.9110560417175293,1.0306458473205566,0.02311239205300808,1.8886680603027344,0.2362499237060547,1.8886680603027344,0.27,201,3.35,False
0.2759176194667816,0.005917608737945557,0.008953332901000977,0.01752115786075592,0.0374913215637207,0.31954699754714966,0.06704157590866089,0.06978216022253036,1.185826301574707,0.8776354193687439,0.09891088306903839,5.0,5.0,5.0,0.27,202,3.36667,False
0.2781579792499542,0.008157968521118164,0.006424903869628906,0.013551855459809303,0.034552574157714844,0.29831743240356445,0.05516903102397919,0.19393575191497803,1.149536371231079,0.5450183153152466,0.11195109784603119,5.0,3.095818519592285,5.0,0.27,203,3.38333,False
0.27915918827056885,0.009159177541732788,0.004563093185424805,0.010433504357933998,0.032190799713134766,0.31602415442466736,0.003488019108772278,0.24079354107379913,1.470609188079834,-1.2667618989944458,3.3856351375579834,5.0,0.5580005645751953,5.0,0.27,204,3.4,False
0.27906709909439087,0.00906708836555481,0.002888202667236328,0.007460691034793854,0.029924869537353516,0.2898617386817932,0.002567000687122345,0.20749925076961517,1.9227575063705444,-1.294310450553894,0.2051970213651657,5.0,-3.6334915161132812,5.0,0.27,205,3.41667,False
0.2786303460597992,0.008630335330963135,6.175041198730469e-05,0.002501818584278226,0.026510953903198242,0.28440532088279724,0.013263016939163208,0.20915034413337708,1.8707212209701538,-0.1663755476474762,1.2749449014663696,5.0,5.0,5.0,0.27,206,3.43333,False
0.2775225043296814,0.007522493600845337,-0.0010190010070800781,0.000561876455321908,0.025341272354125977,0.3088873326778412,0.023700743913650513,0.1431497037410736,1.4577521085739136,0.6899374127388,0.9038154482841492,5.0,5.0,5.0,0.27,207,3.45,False
0.2768392562866211,0.006839245557785034,-0.0013158321380615234,0.000352656003087759,0.025114774703979492,0.34259891510009766,0.056395888328552246,0.060026463121175766,1.578487515449524,0.2001003623008728,0.2545173764228821,5.0,-3.4358997344970703,5.0,0.27,208,3.46667,False
0.27706462144851685,0.007064610719680786,-0.0016591548919677734,0.0004046279937028885,0.024724245071411133,0.3482314348220825,0.06514051556587219,0.07863922417163849,1.5260789394378662,0.395363986492157,0.04087454453110695,5.0,5.0,5.0,0.27,209,3.48333,False
0.27815669775009155,0.008156687021255493,-0.002901315689086914,-0.0013799478765577078,0.023186683654785156,0.3311843276023865,0.037148959934711456,0.20673513412475586,1.0441734790802002,0.5266211032867432,0.24946129322052002,5.0,2.365968704223633,5.0,0.27,210,3.5,False
0.27891772985458374,0.00891771912574768,-0.003063201904296875,-0.0015848492039367557,0.02277970314025879,0.35009482502937317,0.0036299601197242737,0.2976857125759125,1.0854806900024414,-0.4567195773124695,0.9686651825904846,4.732501983642578,1.1967506408691406,4.732501983642578,0.27,211,3.51667,False
0.27905598282814026,0.0090559720993042,-0.002485990524291992,-0.0005927940364927053,0.023104190826416016,0.35968005657196045,-0.0117269828915596,0.3025248050689697,1.476745843887329,-1.210548996925354,0.7213472127914429,5.0,-5.0,5.0,0.27,212,3.53333,False
0.27867358922958374,0.00867357850074768,-0.0027008056640625,-0.0009686261182650924,0.02249884605407715,0.35082581639289856,-0.015656985342502594,0.27433082461357117,1.3203357458114624,-1.1441131830215454,0.02887783572077751,5.0,-5.0,5.0,0.27,213,3.55,False
0.27806493639945984,0.00806492567062378,-0.0035521984100341797,-0.002358421217650175,0.021360158920288086,0.3673238158226013,-0.008813314139842987,0.1925807148218155,0.9449799060821533,-0.12434760481119156,1.1808139085769653,-1.5965709686279297,5.0,5.0,0.27,214,3.56667,False
0.27783361077308655,0.007833600044250488,-0.0046253204345703125,-0.003789826761931181,0.020227432250976562,0.39678508043289185,0.01939934492111206,0.0682453140616417,0.9506409764289856,0.16824081540107727,0.08564002066850662,5.0,-1.3389225006103516,5.0,0.27,215,3.58333,False
0.2777338922023773,0.00773388147354126,-0.003751516342163086,-0.0011763388756662607,0.021392345428466797,0.43695375323295593,0.07012109458446503,-0.03164856135845184,0.9403465390205383,0.19232088327407837,0.0006858250708319247,5.0,5.0,5.0,0.27,216,3.6,False
0.2778245508670807,0.007824540138244629,-0.0011217594146728516,0.004787702113389969,0.024425029754638672,0.43642717599868774,0.05702146887779236,0.040577713400125504,0.7982248663902283,0.896011471748352,0.515379011631012,5.0,2.3477249145507812,5.0,0.27,217,3.61667,False
0.2783515453338623,0.008351534605026245,-2.384185791015625e-05,0.007430543657392263,0.025580406188964844,0.3872007131576538,0.010931402444839478,0.2084653526544571,0.6942383050918579,0.7744928598403931,0.02557997778058052,5.0,5.0,5.0,0.27,218,3.63333,False
0.2786850333213806,0.008685022592544556,0.0016684532165527344,0.01043157372623682,0.027291297912597656,0.36441269516944885,-0.016203589737415314,0.29466885328292847,0.8506106734275818,-0.13967075943946838,0.8601474165916443,5.0,-0.6216316223144531,5.0,0.27,219,3.65,False
0.2784680724143982,0.008468061685562134,0.002911806106567383,0.01214386336505413,0.028402090072631836,0.33746880292892456,-0.04618711769580841,0.3045506179332733,1.2252874374389648,-1.1355490684509277,1.1321563720703125,5.0,-5.0,5.0,0.27,220,3.66667,False
0.2778424620628357,0.007842451333999634,0.0018856525421142578,0.00962294451892376,0.026930809020996094,0.3122882843017578,-0.047466594725847244,0.25022202730178833,1.261843204498291,-1.0630992650985718,0.006585298106074333,5.0,-5.0,5.0,0.27,221,3.68333,False
0.27747029066085815,0.007470279932022095,-0.0009016990661621094,0.004064453765749931,0.023658275604248047,0.29560697078704834,-0.021720729768276215,0.15905290842056274,0.8894590139389038,0.14661923050880432,1.6020886898040771,5.0,5.0,5.0,0.27,222,3.7,False
0.27755534648895264,0.007555335760116577,-0.0013322830200195312,0.0033797326032072306,0.02329564094543457,0.37379997968673706,0.024540752172470093,0.0409342423081398,0.9187073707580566,0.21229635179042816,0.005168950650840998,5.0,-3.5650367736816406,5.0,0.27,223,3.71667,False
0.2777325510978699,0.0077325403690338135,-4.673004150390625e-05,0.006606085691601038,0.024878740310668945,0.4031721353530884,0.054513558745384216,-0.006351567339152098,1.6684460639953613,0.027335263788700104,0.5963187217712402,5.0,2.9175667762756348,5.0,0.27,224,3.73333,False
0.2782592475414276,0.008259236812591553,0.0009272098541259766,0.009290225803852081,0.02595043182373047,0.40676257014274597,0.05231092870235443,0.10406980663537979,1.060065507888794,0.22755593061447144,0.41021522879600525,2.4176254272460938,5.0,5.0,0.27,225,3.75,False
0.27845025062561035,0.008450239896774292,0.002880573272705078,0.01309425849467516,0.02801990509033203,0.3688320815563202,0.00791613757610321,0.24973607063293457,0.8321608901023865,0.2827545404434204,0.05498740077018738,4.99946403503418,5.0,5.0,0.27,226,3.76667,False
0.27837011218070984,0.00837010145187378,0.004693269729614258,0.016000259667634964,0.02983832359313965,0.30447283387184143,-0.031912192702293396,0.29444220662117004,1.1797749996185303,-0.5898082852363586,0.8822014331817627,2.6507034301757812,4.719575881958008,4.719575881958008,0.27,227,3.78333,False
0.27830854058265686,0.0083085298538208,0.002928018569946289,0.011965705081820488,0.027566909790039062,0.26112356781959534,-0.022768229246139526,0.2600458264350891,1.5032968521118164,-1.1810407638549805,0.4542222321033478,5.0,-1.089813232421875,5.0,0.27,228,3.8,False
0.27830439805984497,0.008304387331008911,-0.0004146099090576172,0.005052115768194199,0.02358388900756836,0.2917209267616272,-0.013380676507949829,0.18681146204471588,1.4950474500656128,-0.4124073386192322,0.590865433216095,5.0,-0.23467063903808594,5.0,0.27,229,3.81667,False
0.27794793248176575,0.007947921752929688,-0.002228975296020508,0.001386864110827446,0.02150130271911621,0.33040112257003784,0.00807979702949524,0.11326725780963898,1.1880449056625366,0.10364218801259995,0.3605576455593109,5.0,-4.503416061401367,5.0,0.27,230,3.83333,False
0.2777766287326813,0.007776618003845215,-0.0024628639221191406,0.0012996327131986618,0.02128911018371582,0.3834814429283142,0.04050275683403015,0.038378968834877014,1.797306776046753,0.04077780619263649,0.37515196204185486,4.845354080200195,0.4540196657180786,4.845354080200195,0.27,231,3.85,False
0.2776067852973938,0.007606774568557739,-0.0020673274993896484,0.0029086412396281958,0.021754741668701172,0.4162803292274475,0.06120128929615021,0.042176492512226105,1.3857605457305908,-0.15657919645309448,0.20832008123397827,5.0,-5.0,5.0,0.27,232,3.86667,False
0.277664452791214,0.00766444206237793,-0.0011851787567138672,0.005308954510837793,0.02266216278076172,0.39805424213409424,0.031543418765068054,0.14985008537769318,1.0533307790756226,0.20452502369880676,0.24090582132339478,5.0,5.0,5.0,0.27,233,3.88333,False
0.2777816653251648,0.007781654596328735,0.00039696693420410156,0.008395642042160034,0.024263381958007812,0.36943840980529785,0.0003877878189086914,0.2614838778972626,1.007487416267395,-0.21072730422019958,0.1745361089706421,5.0,4.702919006347656,5.0,0.27,234,3.9,False
0.27758899331092834,0.007588982582092285,0.001621246337890625,0.010366921313107014,0.025368213653564453,0.35251450538635254,-0.028042465448379517,0.2511945068836212,1.295886754989624,-1.068066954612732,0.8182054162025452,-5.0,-5.0,5.0,0.27,235,3.91667,False
0.2772766053676605,0.007276594638824463,-0.00032067298889160156,0.006303754169493914,0.02290201187133789,0.3243284225463867,-0.026641584932804108,0.2193080335855484,1.5502654314041138,-0.9299056529998779,0.08379705250263214,5.0,-5.0,5.0,0.27,236,3.93333,False
0.2771444320678711,0.007144421339035034,-0.003020048141479492,0.0008855261839926243,0.019741296768188477,0.34241965413093567,0.005720406770706177,0.13320226967334747,1.053180456161499,-0.10166754573583603,0.9330718517303467,5.0,1.122544765472412,5.0,0.27,237,3.95,False
0.2768084406852722,0.006808429956436157,-0.003314971923828125,0.0006581256166100502,0.019504070281982422,0.41199392080307007,0.030611738562583923,0.04164627566933632,1.1902943849563599,0.24894875288009644,0.14173202216625214,5.0,-1.3532090187072754,5.0,0.27,238,3.96667,False
0.2764156758785248,0.006415665149688721,-0.002242565155029297,0.0037200194783508778,0.020816326141357422,0.4663102328777313,0.04971891641616821,0.02995678037405014,1.6263909339904785,-0.038871340453624725,0.2730206251144409,5.0,0.12412965297698975,5.0,0.27,239,3.98333,False
0.2759535312652588,0.0059535205364227295,-0.0007138252258300781,0.007746237795799971,0.02251744270324707,0.47083646059036255,0.030271902680397034,0.10880598425865173,1.0906678438186646,0.10591322183609009,0.3079617917537689,5.0,0.77413010597229,5.0,0.27,240,4.0,False
0.27578502893447876,0.0057850182056427,0.0007786750793457031,0.011068020015954971,0.024070262908935547,0.42099660634994507,-0.0066645145416259766,0.26460880041122437,0.8665913939476013,0.32559436559677124,0.0984700620174408,5.0,5.0,5.0,0.27,241,4.01667,False
0.2756616175174713,0.005661606788635254,0.001970052719116211,0.01307606790214777,0.025174856185913086,0.374181866645813,-0.037234872579574585,0.31233036518096924,0.9854819774627686,-0.5192652940750122,0.727922797203064,5.0,-1.3269453048706055,5.0,0.27,242,4.03333,False
0.2758082449436188,0.005808234214782715,0.0008955001831054688,0.0103183314204216,0.023682117462158203,0.35319653153419495,-0.01903076469898224,0.26408347487449646,1.5981565713882446,-1.0474700927734375,0.6543704271316528,-0.053218841552734375,-4.993978500366211,4.993978500366211,0.27,243,4.05,False
0.2762829661369324,0.0062829554080963135,-0.002454042434692383,0.0030728676356375217,0.019661664962768555,0.3559723198413849,-0.0186740905046463,0.19315002858638763,1.238158106803894,-0.6880903840065002,0.2587526738643646,0.09283447265625,-2.6043624877929688,2.6043624877929688,0.27,244,4.06667,False
0.27661675214767456,0.006616741418838501,-0.0038444995880126953,0.0003122156485915184,0.01804804801940918,0.4330366551876068,0.007340654730796814,0.09334464371204376,0.9918259382247925,0.023628398776054382,0.5672231912612915,5.0,-1.667301058769226,5.0,0.27,245,4.08333,False
0.276762455701828,0.006762444972991943,-0.0034744739532470703,0.0018426962196826935,0.01852893829345703,0.5071688294410706,0.034739404916763306,0.04263624548912048,1.3943241834640503,0.0009406581521034241,0.16251957416534424,5.0,-3.5606250762939453,5.0,0.27,246,4.1,False
0.2761225998401642,0.006122589111328125,-0.0018467903137207031,0.006445274222642183,0.020415306091308594,0.5578022003173828,0.046244800090789795,0.046441566199064255,1.238341212272644,-0.22584420442581177,0.0757620558142662,5.0,5.0,5.0,0.27,247,4.11667,False
0.2751496732234955,0.005149662494659424,0.0006885528564453125,0.012674117460846901,0.02320098876953125,0.5310118794441223,0.009545400738716125,0.17436011135578156,0.811784565448761,0.28649863600730896,0.44444572925567627,3.4246559143066406,1.6153278350830078,3.4246559143066406,0.27,248,4.13333,False
0.27439647912979126,0.0043964684009552,0.003014802932739258,0.01751580461859703,0.025652170181274414,0.4542950391769409,-0.03216409683227539,0.29786452651023865,0.7786892652511597,0.317722350358963,0.0020702192559838295,5.0,-5.0,5.0,0.27,249,4.15,False
0.2742515504360199,0.004251539707183838,0.003827810287475586,0.018587268888950348,0.02632737159729004,0.39593592286109924,-0.043699488043785095,0.3248484134674072,0.8219661116600037,-0.2738407254219055,0.35181981325149536,5.0,-0.35137462615966797,5.0,0.27,250,4.16667,False
0.274834543466568,0.004834532737731934,0.0012581348419189453,0.012323472648859024,0.023176193237304688,0.3359108567237854,-0.03494218736886978,0.31511619687080383,1.3226685523986816,-0.4990304708480835,0.301413357257843,4.356407165527344,5.0,5.0,0.27,251,4.18333,False
0.2758382558822632,0.005838245153427124,-0.0013287067413330078,0.006249349098652601,0.020063400268554688,0.381755530834198,-0.008952990174293518,0.23357169330120087,1.344717264175415,-0.3611384630203247,0.019500350579619408,3.840883255004883,-1.5132932662963867,3.840883255004883,0.27,252,4.2,False
0.2763745188713074,0.0063745081424713135,-0.0018422603607177734,0.005138359498232603,0.01940464973449707,0.45309630036354065,0.005222484469413757,0.1527172327041626,1.4695661067962646,-0.34223413467407227,0.01594460755586624,5.0,-2.425320625305176,5.0,0.27,253,4.21667,False
0.2765824496746063,0.006582438945770264,-0.0011703968048095703,0.007113064173609018,0.020106077194213867,0.5046883821487427,0.04124563932418823,0.13848602771759033,1.3846594095230103,-0.33557286858558655,0.0072535197250545025,5.0,0.3047924041748047,5.0,0.27,254,4.23333,False
0.2763463258743286,0.006346315145492554,-0.0008535385131835938,0.00849222857505083,0.02036452293395996,0.5036335587501526,0.03028455376625061,0.20117177069187164,1.1911630630493164,0.142424538731575,0.2659223675727844,5.0,1.0309205055236816,5.0,0.27,255,4.25,False
0.27627408504486084,0.00627407431602478,-0.00020503997802734375,0.010121805593371391,0.02090311050415039,0.5004493594169617,-0.010912880301475525,0.33883264660835266,0.9269119501113892,-0.1636424958705902,0.1635056883096695,-5.0,5.0,5.0,0.27,256,4.26667,False
0.2754834294319153,0.005483418703079224,0.0006532669067382812,0.011825555935502052,0.02158522605895996,0.5004175901412964,-0.021917730569839478,0.33391764760017395,1.2631738185882568,-1.1880239248275757,1.1624293327331543,2.5873355865478516,-2.8924293518066406,2.8924293518066406,0.27,257,4.28333,False
0.2753990888595581,0.005399078130722046,-0.0011668205261230469,0.007552274502813816,0.01923084259033203,0.4095914661884308,-0.002816244959831238,0.2825794816017151,2.174974203109741,0.2469121813774109,2.8904213905334473,5.0,5.0,5.0,0.27,258,4.3,False
0.2754819095134735,0.005481898784637451,-0.0026857852935791016,0.003667755052447319,0.017299652099609375,0.42667800188064575,-0.018672317266464233,0.32904738187789917,0.4930359721183777,0.33295318484306335,2.8363192081451416,0.2162942886352539,4.761924743652344,4.761924743652344,0.27,259,4.31667,False
0.2739278972148895,0.003927886486053467,-0.0006320476531982422,0.0079300906509161,0.019594907760620117,0.4935043752193451,-0.004128441214561462,0.23464559018611908,1.1428403854370117,1.2508127689361572,1.2647119760513306,-4.005119323730469,5.0,5.0,0.27,260,4.33333,False
0.27394863963127136,0.003948628902435303,-4.863739013671875e-05,0.008751828223466873,0.02008056640625,0.43326061964035034,-0.027498185634613037,0.3242931067943573,2.069908618927002,-0.16877341270446777,2.874680519104004,5.0,-0.6177210807800293,5.0,0.27,261,4.35,False
0.2752019762992859,0.005201965570449829,-0.0016455650329589844,0.004169118124991655,0.018004179000854492,0.4095761775970459,-0.04496684670448303,0.383836954832077,1.441527247428894,-0.272838294506073,0.4056926667690277,5.0,5.0,5.0,0.27,262,4.36667,False
0.2766053080558777,0.006605297327041626,-0.0024213790893554688,0.0011037907097488642,0.016792774200439453,0.42659085988998413,-0.038479700684547424,0.3853265643119812,0.6055802702903748,-0.6795933246612549,0.8642569780349731,5.0,-1.2717437744140625,5.0,0.27,263,4.38333,False
0.27799728512763977,0.007997274398803711,-0.00356292724609375,-0.002851600758731365,0.015158414840698242,0.4389335513114929,-0.04284605383872986,0.3456380367279053,1.0713775157928467,-1.126575231552124,0.4167599081993103,5.0,-5.0,5.0,0.27,264,4.4,False
0.2786812484264374,0.008681237697601318,-0.0035223960876464844,-0.003309383988380432,0.015010595321655273,0.5115289688110352,-0.012321680784225464,0.20489108562469482,1.4422229528427124,-0.8195552229881287,0.23178762197494507,5.0,-5.0,5.0,0.27,265,4.41667,False
0.2782469093799591,0.008246898651123047,-0.002428770065307617,-0.0001527438871562481,0.016250133514404297,0.596964955329895,0.030578255653381348,0.10863441973924637,1.0288300514221191,-0.3291211426258087,0.4114192724227905,5.0,-4.501407146453857,5.0,0.27,266,4.43333,False
0.2768107056617737,0.006810694932937622,-0.00020837783813476562,0.0065008969977498055,0.0187835693359375,0.6211735606193542,0.047138988971710205,0.10295242816209793,0.7651274800300598,-0.11093982309103012,0.11714213341474533,5.0,-1.1531548500061035,5.0,0.27,267,4.45,False
0.2752223014831543,0.005222290754318237,0.0015461444854736328,0.012395501136779785,0.020705699920654297,0.6034782528877258,0.04564869403839111,0.14859658479690552,0.7771068215370178,0.9421056509017944,1.1090483665466309,5.0,5.0,5.0,0.27,268,4.46667,False
0.2751227021217346,0.00512269139289856,0.0007486343383789062,0.011594962328672409,0.019650936126708984,0.5339972376823425,0.03468206524848938,0.25997433066368103,1.0061123371124268,1.130232334136963,0.08783517777919769,5.0,5.0,5.0,0.27,269,4.48333,False
0.27602851390838623,0.006028503179550171,-0.0006418228149414062,0.008921467699110508,0.017834901809692383,0.5117074847221375,0.018332839012145996,0.3215782046318054,0.7924507260322571,-0.1550191342830658,1.697522759437561,5.0,5.0,5.0,0.27,270,4.5,False
0.27725839614868164,0.007258385419845581,-0.0022933483123779297,0.005197946447879076,0.015676021575927734,0.4896635413169861,0.011458337306976318,0.33720943331718445,1.0434589385986328,-0.3785594701766968,0.11297540366649628,2.4155120849609375,3.041567802429199,3.041567802429199,0.27,271,4.51667,False
0.27833348512649536,0.008333474397659302,-0.0032014846801757812,0.002951872069388628,0.014326810836791992,0.4860877990722656,-0.02041032910346985,0.37129759788513184,1.0932480096817017,-0.6195365786552429,0.06054891645908356,1.3006229400634766,2.7865867614746094,2.7865867614746094,0.27,272,4.53333,False
0.2785322666168213,0.00853225588798523,-0.0022737979888916016,0.005209241062402725,0.015073776245117188,0.5380170345306396,-0.02422231435775757,0.32916226983070374,0.9087147116661072,-0.5342880487442017,0.04131985083222389,5.0,-5.0,5.0,0.27,273,4.55,False
0.2775314450263977,0.0075314342975616455,-0.0018739700317382812,0.006290263030678034,0.015325546264648438,0.5626799464225769,-0.00010776519775390625,0.2580481469631195,0.7646118402481079,-0.6163352727890015,0.027497384697198868,-5.0,-5.0,5.0,0.27,274,4.56667,False
0.2759906053543091,0.0059905946254730225,-0.0015194416046142578,0.00777090061455965,0.01566004753112793,0.5879393219947815,0.035588622093200684,0.14281776547431946,0.7242498397827148,-0.05159115046262741,0.32056498527526855,2.8540573120117188,-2.142357349395752,2.8540573120117188,0.27,275,4.58333,False
0.2749748229980469,0.004974812269210815,-0.0003254413604736328,0.011907756328582764,0.016997814178466797,0.5585023164749146,0.01690959930419922,0.10607889294624329,0.5550462007522583,0.9329071640968323,0.9978668689727783,0.38501739501953125,4.879314422607422,4.879314422607422,0.27,276,4.6,False
0.2755977213382721,0.005597710609436035,-0.00017118453979492188,0.013152043335139751,0.017095327377319336,0.5259475708007812,0.03153812885284424,0.18789251148700714,0.7419391870498657,1.3544175624847412,0.2126000076532364,5.0,5.0,5.0,0.27,277,4.61667,False
0.2770887613296509,0.007088750600814819,-0.0011217594146728516,0.011097331531345844,0.01582813262939453,0.49350762367248535,0.019496560096740723,0.2809257209300995,0.7616863250732422,0.76738041639328,0.34500256180763245,4.79475212097168,5.0,5.0,0.27,278,4.63333,False
0.2782202363014221,0.00822022557258606,-0.0016078948974609375,0.009620485827326775,0.015011787414550781,0.48594599962234497,-0.003052651882171631,0.3335047662258148,0.6759961843490601,-0.08159860223531723,0.7281081676483154,-5.0,5.0,5.0,0.27,279,4.65,False
0.27793318033218384,0.007933169603347778,-0.0005490779876708984,0.011630353517830372,0.01587677001953125,0.5070957541465759,-0.05333155393600464,0.36069607734680176,0.7750215530395508,-1.0787204504013062,1.0040580034255981,5.0,-4.482423782348633,5.0,0.27,280,4.66667,False
0.27668440341949463,0.006684392690658569,0.0011181831359863281,0.014946057461202145,0.017432451248168945,0.47114622592926025,-0.0692792534828186,0.3487509489059448,0.9842756986618042,-0.6165010333061218,0.25743407011032104,-0.12376976013183594,-2.7780866622924805,2.7780866622924805,0.27,281,4.68333,False
0.27581465244293213,0.005814641714096069,0.0006005764007568359,0.012244819663465023,0.01666426658630371,0.4305996894836426,-0.03754609823226929,0.2171502411365509,0.8269398808479309,-0.22719839215278625,0.17631110548973083,5.0,2.4561619758605957,5.0,0.27,282,4.7,False
0.2755202054977417,0.00552019476890564,0.0008013248443603516,0.012566093355417252,0.016950368881225586,0.4804961383342743,0.005739957094192505,0.03572405129671097,0.7362004518508911,0.15945783257484436,0.15773668885231018,-1.5567684173583984,-2.4276251792907715,2.4276251792907715,0.27,283,4.71667,False
0.27616551518440247,0.006165504455566406,0.001712799072265625,0.016184013336896896,0.018103361129760742,0.48523494601249695,0.05066964030265808,-0.016220049932599068,1.1418455839157104,0.792959451675415,0.565872311592102,5.0,2.0552711486816406,5.0,0.27,284,4.73333,False
0.2778325080871582,0.007832497358322144,0.001651763916015625,0.01728753186762333,0.01803135871887207,0.43989527225494385,0.05631789565086365,0.07456989586353302,1.3955397605895996,0.8191409707069397,0.06504620611667633,5.0,5.0,5.0,0.27,285,4.75,False
0.2802974581718445,0.010297447443008423,5.793571472167969e-05,0.013490109704434872,0.016098976135253906,0.4190436005592346,0.04137405753135681,0.177006334066391,1.3802071809768677,0.20203657448291779,0.3810529410839081,5.0,4.6466474533081055,5.0,0.27,286,4.76667,False
0.282012403011322,0.012012392282485962,-0.001981973648071289,0.007932275533676147,0.013556718826293945,0.4226950705051422,0.03714442253112793,0.20577077567577362,1.78520929813385,-1.0153876543045044,1.6461485624313354,-5.0,-1.4041290283203125,5.0,0.27,287,4.78333,False
0.28262099623680115,0.012620985507965088,-0.0035490989685058594,0.00370984710752964,0.011501312255859375,0.4368150234222412,0.028070271015167236,0.15189799666404724,1.9994051456451416,-1.263135552406311,0.1072588786482811,5.0,-4.68962287902832,5.0,0.27,288,4.8,False
0.28279244899749756,0.012792438268661499,-0.005400180816650391,-0.0015942612662911415,0.009206771850585938,0.3907102048397064,0.009288221597671509,0.14255394041538239,2.1473283767700195,-0.2822548747062683,0.9840081930160522,5.0,2.8133554458618164,5.0,0.27,289,4.81667,False
0.28290581703186035,0.012905806303024292,-0.006441593170166016,-0.004651825875043869,0.007979631423950195,0.4093151092529297,0.02090829610824585,0.14100143313407898,1.8254870176315308,0.49687081575393677,0.7106186747550964,5.0,5.0,5.0,0.27,290,4.83333,False
0.28282690048217773,0.012826889753341675,-0.00668787956237793,-0.00515319686383009,0.007695913314819336,0.4404807388782501,0.03349784016609192,0.07781572639942169,1.778718113899231,0.08899340778589249,0.16855131089687347,5.0,5.0,5.0,0.27,291,4.85,False
0.2827616035938263,0.012761592864990234,-0.006697654724121094,-0.004454945679754019,0.007628679275512695,0.47108280658721924,0.044747889041900635,0.0919276624917984,1.7237612009048462,-0.07943051308393478,0.031386882066726685,5.0,-2.141479015350342,5.0,0.27,292,4.86667,False
0.2826906144618988,0.012690603733062744,-0.006767749786376953,-0.004481082782149315,0.00742340087890625,0.4552477300167084,0.012104421854019165,0.22661952674388885,1.1239750385284424,0.16201698780059814,0.41804033517837524,5.0,5.0,5.0,0.27,293,4.88333,False
0.28229737281799316,0.012297362089157104,-0.005913257598876953,-0.0024760712403804064,0.008177042007446289,0.4461194574832916,-0.03722245991230011,0.29937753081321716,1.0798346996307373,-0.5044102072715759,0.4460735619068146,-5.0,4.019143104553223,5.0,0.27,294,4.9,False
0.2820607125759125,0.012060701847076416,-0.0058133602142333984,-0.0028132093138992786,0.008008956909179688,0.4297524690628052,-0.030171185731887817,0.29590681195259094,1.6603590250015259,-1.1168022155761719,0.7120324373245239,5.0,-5.0,5.0,0.27,295,4.91667,False
0.28215131163597107,0.01215130090713501,-0.007256746292114258,-0.007933865301311016,0.006089687347412109,0.4342297613620758,-0.004626542329788208,0.22357547283172607,1.4139621257781982,-1.1488990783691406,0.06174164265394211,5.0,-2.939849853515625,5.0,0.27,296,4.93333,False
0.2814052700996399,0.011405259370803833,-0.007946252822875977,-0.00972730666399002,0.00520777702331543,0.5384967923164368,0.018599599599838257,0.0950576663017273,0.9993561506271362,-0.31102457642555237,0.873931884765625,5.0,-3.1166539192199707,5.0,0.27,297,4.95,False
0.2798938751220703,0.009893864393234253,-0.007681131362915039,-0.007468748837709427,0.005564689636230469,0.6140487194061279,0.04353240132331848,0.03780757635831833,1.06394624710083,-0.038673870265483856,0.07834678143262863,5.0,-2.3605124950408936,5.0,0.27,298,4.96667,False
0.2776722013950348,0.0076721906661987305,-0.006479740142822266,-0.0015502297319471836,0.006993770599365234,0.6681072115898132,0.051078200340270996,0.025280531495809555,0.942639172077179,0.0907929390668869,0.03147706016898155,5.0,5.0,5.0,0.27,299,4.98333,False
0.27556687593460083,0.0055668652057647705,-0.0047037601470947266,0.0058776577934622765,0.009000062942504883,0.6367267370223999,0.008492857217788696,0.14638668298721313,0.6088696718215942,0.7534980177879333,0.5505800843238831,4.504600524902344,5.0,5.0,0.27,300,5.0,False
0.2745850086212158,0.004584997892379761,-0.0033845901489257812,0.011062465608119965,0.010352611541748047,0.5559059381484985,-0.012218832969665527,0.2800512909889221,0.5554999113082886,0.8210057020187378,0.007405618671327829,5.0,5.0,5.0,0.27,301,5.01667,False
0.2742687463760376,0.004268735647201538,-0.002088785171508789,0.014381131157279015,0.01158452033996582,0.4692144989967346,-0.042418211698532104,0.3821732997894287,0.6772409677505493,0.14080595970153809,0.4774925708770752,5.0,5.0,5.0,0.27,302,5.03333,False
0.27467820048332214,0.004678189754486084,-0.0017011165618896484,0.013925017789006233,0.011716365814208984,0.39938274025917053,-0.06793855130672455,0.4177241027355194,1.1558177471160889,-0.3035883903503418,0.42652207612991333,5.0,-4.6975250244140625,5.0,0.27,303,5.05,False
0.275653600692749,0.005653589963912964,-0.0024061203002929688,0.009344122372567654,0.01060032844543457,0.380818247795105,-0.07066057622432709,0.39558473229408264,1.0861443281173706,-0.35784685611724854,0.0077983662486076355,5.0,1.478236198425293,5.0,0.27,304,5.06667,False
0.2761175334453583,0.006117522716522217,-0.002773761749267578,0.006464814301580191,0.009971380233764648,0.4276310205459595,-0.026578038930892944,0.27169179916381836,0.9804633259773254,-0.3311959207057953,0.011878746561706066,5.0,-5.0,5.0,0.27,305,5.08333,False
0.27687928080558777,0.006879270076751709,-0.0030918121337890625,0.004836693871766329,0.009499788284301758,0.4492909014225006,0.007857918739318848,0.18415167927742004,1.5270967483520508,-0.11759110540151596,0.34443509578704834,5.0,-3.7813358306884766,5.0,0.27,306,5.1,False
0.2777367830276489,0.007736772298812866,-0.003154277801513672,0.004994896240532398,0.009329795837402344,0.48123785853385925,0.028654754161834717,0.16640570759773254,1.5494354963302612,-0.5445456504821777,0.18278920650482178,5.0,-1.280735969543457,5.0,0.27,307,5.11667,False
0.27840590476989746,0.008405894041061401,-0.0033364295959472656,0.005121862515807152,0.008972883224487305,0.4950295686721802,0.02641311287879944,0.21171723306179047,1.496172547340393,-0.18996447324752808,0.1285647600889206,5.0,-3.482916831970215,5.0,0.27,308,5.13333,False
0.27921080589294434,0.009210795164108276,-0.004137277603149414,0.0025838667061179876,0.007835149765014648,0.4886350631713867,0.01608368754386902,0.2854674160480499,1.2320162057876587,-0.4478909373283386,0.13630464673042297,5.0,5.0,5.0,0.27,309,5.15,False
0.2797572612762451,0.009757250547409058,-0.00454258918762207,0.0009614450391381979,0.007092475891113281,0.49142301082611084,0.006353557109832764,0.30695217847824097,1.2305493354797363,-0.5935962796211243,0.021232198923826218,5.0,-5.0,5.0,0.27,310,5.16667,False
0.28008994460105896,0.0100899338722229,-0.004968166351318359,-0.0007608094019815326,0.0063092708587646484,0.4870581030845642,-0.007333546876907349,0.280705988407135,1.4116008281707764,-0.8303800225257874,0.08884617686271667,5.0,-2.3038864135742188,5.0,0.27,311,5.18333,False
0.27973097562789917,0.00973096489906311,-0.005434989929199219,-0.002187501871958375,0.005577802658081055,0.5457372665405273,0.005317419767379761,0.1843188852071762,1.232350468635559,-0.8051667213439941,0.03276640176773071,5.0,-4.342964172363281,5.0,0.27,312,5.2,False
0.2784179151058197,0.008417904376983643,-0.005156278610229492,-3.302085679024458e-05,0.005850553512573242,0.6169605255126953,0.02217918634414673,0.0783621221780777,0.800067663192749,-0.2030206024646759,0.5494483709335327,5.0,-3.859030246734619,5.0,0.27,313,5.21667,False
0.27671483159065247,0.006714820861816406,-0.004209041595458984,0.0051237065345048904,0.006947755813598633,0.6307435631752014,0.02475234866142273,0.08494122326374054,0.7801304459571838,0.4762650728225708,0.46182650327682495,5.0,2.740447998046875,5.0,0.27,314,5.23333,False
0.27534937858581543,0.00534936785697937,-0.0032804012298583984,0.010081330314278603,0.007979154586791992,0.5967217087745667,0.018183797597885132,0.11577653884887695,0.7363343834877014,0.893770694732666,0.17622902989387512,5.0,5.0,5.0,0.27,315,5.25,False
0.27533504366874695,0.005335032939910889,-0.003165721893310547,0.011234835721552372,0.007978200912475586,0.556823194026947,0.013088703155517578,0.21915824711322784,0.7403635382652283,0.8547248840332031,0.001540809404104948,5.0,5.0,5.0,0.27,316,5.26667,False
0.2762112021446228,0.006211191415786743,-0.003801107406616211,0.008627879433333874,0.007042646408081055,0.4968947768211365,-0.0026660263538360596,0.2950429618358612,0.9241465926170349,0.3764215111732483,0.26255032420158386,-5.0,5.0,5.0,0.27,317,5.28333,False
0.2771235406398773,0.00712352991104126,-0.004182100296020508,0.00652392627671361,0.006339311599731445,0.5211002826690674,-0.021450847387313843,0.3353666365146637,0.8306001424789429,-0.7689402103424072,1.3206042051315308,4.143484115600586,-1.9362869262695312,4.143484115600586,0.27,318,5.3,False
0.27746114134788513,0.007461130619049072,-0.004273176193237305,0.0046841977164149284,0.005939960479736328,0.5174437165260315,-0.039663344621658325,0.29904887080192566,1.3121695518493652,-1.2222646474838257,0.4374121427536011,4.647603988647461,-2.495777130126953,4.647603988647461,0.27,319,5.31667,False
0.27784642577171326,0.007846415042877197,-0.004519939422607422,0.002315651625394821,0.005427360534667969,0.5117844343185425,-0.05008098483085632,0.24983026087284088,1.0810133218765259,-0.40531089901924133,0.7208466529846191,5.0,-2.7298402786254883,5.0,0.27,320,5.33333,False
0.2779248356819153,0.007924824953079224,-0.004339933395385742,0.002698376774787903,0.0055332183837890625,0.5775758028030396,-0.007965296506881714,0.1138806864619255,0.7103132009506226,-0.3015311062335968,0.14818882942199707,5.0,-5.0,5.0,0.27,321,5.35,False
0.27740272879600525,0.0074027180671691895,-0.003694772720336914,0.006759056821465492,0.006299257278442383,0.6138502955436707,0.026007771492004395,0.022471623495221138,0.7748258709907532,-0.013081729412078857,0.08736492693424225,3.5092716217041016,-2.506303310394287,3.5092716217041016,0.27,322,5.36667,False
0.27669036388397217,0.006690353155136108,-0.0024721622467041016,0.01429166179150343,0.007715702056884766,0.6121146082878113,0.04653209447860718,0.050955139100551605,0.6907601952552795,0.8595151901245117,0.7684924006462097,5.0,5.0,5.0,0.27,323,5.38333,False
0.277142733335495,0.0071427226066589355,-0.002145051956176758,0.0167202427983284,0.00798487663269043,0.5413113236427307,0.013983011245727539,0.19202512502670288,0.9453440308570862,1.2093499898910522,0.18719731271266937,-5.0,5.0,5.0,0.27,324,5.4,False
0.2779693007469177,0.007969290018081665,-0.0024483203887939453,0.01519568357616663,0.0074498653411865234,0.5063422322273254,-0.013654112815856934,0.2760503590106964,0.9023641347885132,0.08538259565830231,1.2651499509811401,5.0,5.0,5.0,0.27,325,5.41667,False
0.2781519889831543,0.008151978254318237,-0.0026204586029052734,0.013319057412445545,0.006997346878051758,0.49934226274490356,-0.06449088454246521,0.2914735674858093,0.9179101586341858,-1.3012925386428833,1.923109531402588,-5.0,-2.934865951538086,5.0,0.27,326,5.43333,False
0.27787384390830994,0.007873833179473877,-0.003175020217895508,0.009109591133892536,0.00609898567199707,0.47965022921562195,-0.037611812353134155,0.2656216621398926,1.4303267002105713,-0.9342868328094482,0.39726388454437256,-5.0,-0.15764808654785156,5.0,0.27,327,5.45,False
0.27784717082977295,0.00784716010093689,-0.004209041595458984,0.0029212639201432467,0.004751920700073242,0.48325788974761963,-0.0021159350872039795,0.18670770525932312,1.2378352880477905,-0.017156772315502167,0.8781804442405701,5.0,-5.0,5.0,0.27,328,5.46667,False
0.27839720249176025,0.008397191762924194,-0.004500627517700195,0.0013869740068912506,0.0043413639068603516,0.5018523335456848,0.007389575242996216,0.12510965764522552,1.3026769161224365,0.5749248266220093,0.35476505756378174,4.9207763671875,5.0,5.0,0.27,329,5.48333,False
0.27884334325790405,0.008843332529067993,-0.004082202911376953,0.004911134950816631,0.004803895950317383,0.5610653162002563,0.033476829528808594,0.0715034157037735,0.9272682070732117,-0.17881113290786743,0.7090495824813843,5.0,-3.7631261348724365,5.0,0.27,330,5.5,False
0.2782931625843048,0.00829315185546875,-0.003278017044067383,0.011204625479876995,0.00566554069519043,0.5833867788314819,0.05263727903366089,0.11672620475292206,0.9868423938751221,0.20178332924842834,0.14840123057365417,5.0,5.0,5.0,0.27,331,5.51667,False
0.27779102325439453,0.007791012525558472,-0.002719402313232422,0.014784861356019974,0.0061304569244384766,0.5079081654548645,0.0007919967174530029,0.3133971691131592,1.1133309602737427,0.1107185035943985,0.02429215982556343,2.6105880737304688,5.0,5.0,0.27,332,5.53333,False
0.2774675488471985,0.007467538118362427,-0.0021975040435791016,0.016466809436678886,0.006445884704589844,0.4998907446861267,-0.01581922173500061,0.36528635025024414,1.0934258699417114,-0.756222665309906,0.7519831657409668,5.0,1.8275794982910156,5.0,0.27,333,5.55,False
0.27672579884529114,0.006725788116455078,-0.0020570755004882812,0.015784330666065216,0.006283998489379883,0.4592810869216919,-0.03595608472824097,0.35373324155807495,1.153671145439148,-1.4613051414489746,0.5007708072662354,5.0,-3.2157039642333984,5.0,0.27,334,5.56667,False
0.2762288451194763,0.006228834390640259,-0.0029261112213134766,0.009775884449481964,0.005026817321777344,0.39017003774642944,-0.0166856050491333,0.30583709478378296,1.6128973960876465,-0.16574382781982422,1.8893678188323975,-5.0,-4.049402236938477,5.0,0.27,335,5.58333,False
0.2766737639904022,0.006673753261566162,-0.003671884536743164,0.0049842894077301025,0.004029989242553711,0.4218602478504181,0.012430399656295776,0.19110864400863647,1.3096824884414673,0.15554310381412506,0.19516456127166748,4.582952499389648,-0.9049530029296875,4.582952499389648,0.27,336,5.6,False
0.27699339389801025,0.006993383169174194,-0.0037763118743896484,0.006025754846632481,0.0038678646087646484,0.4635308086872101,0.05540657043457031,0.08192740380764008,1.9428852796554565,-0.21940118074417114,0.5415289998054504,5.0,-1.6045985221862793,5.0,0.27,337,5.61667,False
0.27800554037094116,0.008005529642105103,-0.004159450531005859,0.007103565614670515,0.0033528804779052734,0.4530045688152313,0.08164054155349731,0.12498269230127335,1.9895063638687134,-0.25061649084091187,0.003147921059280634,5.0,-5.0,5.0,0.27,338,5.63333,False
0.2795298397541046,0.009529829025268555,-0.004975795745849609,0.004947704263031483,0.002248048782348633,0.4324299395084381,0.03943246603012085,0.24297913908958435,1.5248838663101196,-0.1624477505683899,0.22364778816699982,5.0,5.0,5.0,0.27,339,5.65,False
0.28064045310020447,0.010640442371368408,-0.0052983760833740234,0.004496781621128321,0.0016276836395263672,0.4251074194908142,0.00900334119796753,0.29589152336120605,1.624094009399414,-0.693270206451416,0.29161515831947327,3.324207305908203,3.0586719512939453,3.324207305908203,0.27,340,5.66667,False
0.2812180817127228,0.011218070983886719,-0.005973339080810547,0.001511153532192111,0.000579833984375,0.4209846258163452,0.029951870441436768,0.25132375955581665,2.1547114849090576,-1.4733500480651855,0.8900794982910156,5.0,-1.7677726745605469,5.0,0.27,341,5.68333,False
0.28159573674201965,0.011595726013183594,-0.007240772247314453,-0.005373425781726837,-0.0011138916015625,0.4123591482639313,0.023133397102355957,0.20710697770118713,2.0859408378601074,-0.8632311820983887,0.3769744336605072,5.0,-3.6010913848876953,5.0,0.27,342,5.7,False
0.28119274973869324,0.011192739009857178,-0.00814199447631836,-0.009227941744029522,-0.0022809505462646484,0.4680032432079315,0.0435330867767334,0.146921306848526,1.7062819004058838,-0.062178827822208405,0.7858257293701172,5.0,-3.6315014362335205,5.0,0.27,343,5.71667,False
0.2807760238647461,0.010776013135910034,-0.008516550064086914,-0.00917164608836174,-0.002788066864013672,0.4943695068359375,0.038688093423843384,0.12517234683036804,1.8900128602981567,0.04173418879508972,0.04455497860908508,5.0,-1.3231287002563477,5.0,0.27,344,5.73333,False
0.2805410325527191,0.010541021823883057,-0.008851051330566406,-0.008365857414901257,-0.0032439231872558594,0.5327169299125671,0.04812973737716675,0.11939329653978348,1.7293323278427124,-0.1596710979938507,0.06638232618570328,5.0,-5.0,5.0,0.27,345,5.75,False
0.28039607405662537,0.010396063327789307,-0.00897979736328125,-0.006750001572072506,-0.0035037994384765625,0.5387203097343445,0.03640693426132202,0.1798488050699234,1.12336003780365,-0.04901523143053055,0.37944716215133667,-5.0,4.139325141906738,5.0,0.27,346,5.76667,False
0.2805752456188202,0.01057523488998413,-0.008880138397216797,-0.004996557720005512,-0.003576993942260742,0.5298611521720886,0.01292160153388977,0.2610071003437042,1.2088549137115479,-0.3505236804485321,0.09821672737598419,3.8969898223876953,5.0,5.0,0.27,347,5.78333,False
0.2805117070674896,0.010511696338653564,-0.008772134780883789,-0.004146669991314411,-0.003693103790283203,0.5325577855110168,0.00047072768211364746,0.2640828490257263,1.199257731437683,-0.9195078611373901,0.3238350749015808,5.0,-5.0,5.0,0.27,348,5.8,False
0.2796798646450043,0.009679853916168213,-0.008723258972167969,-0.004556330386549234,-0.003867626190185547,0.5425134301185608,-0.016513913869857788,0.22859595715999603,1.1074252128601074,-1.094521403312683,0.039062950760126114,5.0,-5.0,5.0,0.27,349,5.81667,False
0.2784944474697113,0.008494436740875244,-0.008645772933959961,-0.004393859300762415,-0.003945589065551758,0.5684434771537781,-0.012745708227157593,0.15395037829875946,1.104874610900879,-0.4321146607398987,0.4387891888618469,5.0,1.0641613006591797,5.0,0.27,350,5.83333,False
0.2771972119808197,0.007197201251983643,-0.008556127548217773,-0.0034736287780106068,-0.0038826465606689453,0.5863672494888306,-0.004591852426528931,0.09678847342729568,0.7980290055274963,-0.03020365536212921,0.2556867003440857,5.0,1.2212916612625122,5.0,0.27,351,5.85,False
0.2758134603500366,0.0058134496212005615,-0.008142948150634766,0.0016897731693461537,-0.0033431053161621094,0.6192985773086548,0.021957874298095703,0.004788569174706936,0.8067184686660767,0.41628366708755493,0.19942641258239746,4.6186676025390625,-4.429300308227539,4.6186676025390625,0.27,352,5.86667,False
0.27545401453971863,0.005454003810882568,-0.007836341857910156,0.006716972216963768,-0.0029633045196533203,0.5868918895721436,0.019324004650115967,0.08335845172405243,0.9238548278808594,0.8442406058311462,0.19686807692050934,5.0,5.0,5.0,0.27,353,5.88333,False
0.2762130796909332,0.006213068962097168,-0.007528066635131836,0.009415403008460999,-0.002722501754760742,0.523745059967041,-0.011343419551849365,0.19687558710575104,0.87978595495224,0.5345510840415955,0.09784966707229614,5.0,-0.8347110748291016,5.0,0.27,354,5.9,False
0.2770957350730896,0.00709572434425354,-0.007218360900878906,0.009662216529250145,-0.002571582794189453,0.5099949240684509,-0.0273590087890625,0.25677934288978577,0.9793297052383423,-0.37587541341781616,0.8387854099273682,5.0,5.0,5.0,0.27,355,5.91667,False
0.2772875428199768,0.007287532091140747,-0.006797075271606445,0.008921420201659203,-0.0023298263549804688,0.5134018659591675,-0.04900252819061279,0.2838061451911926,1.128174901008606,-1.4139963388442993,1.099850058555603,5.0,-2.9620742797851562,5.0,0.27,356,5.93333,False
0.27709677815437317,0.007096767425537109,-0.006612539291381836,0.005791569594293833,-0.0023567676544189453,0.49244576692581177,-0.05455547571182251,0.22623422741889954,1.307834267616272,-1.094765067100525,0.13418608903884888,5.0,-3.1252918243408203,5.0,0.27,357,5.95,False
0.27699190378189087,0.00699189305305481,-0.006707906723022461,0.0020139121916145086,-0.002593994140625,0.5139861106872559,-0.02904948592185974,0.1255783587694168,1.1139713525772095,-0.3555634915828705,0.5840017199516296,5.0,5.0,5.0,0.27,358,5.96667,False
0.2770979702472687,0.007097959518432617,-0.006739139556884766,0.002475739223882556,-0.002621889114379883,0.5727784037590027,0.006715059280395508,0.0007117625791579485,1.0626845359802246,-0.10586550086736679,0.0649794191122055,5.0,-1.7002990245819092,5.0,0.27,359,5.98333,False
0.2770983874797821,0.007098376750946045,-0.006640434265136719,0.007365316618233919,-0.0024361610412597656,0.6166964173316956,0.038235604763031006,-0.044528599828481674,1.206630825996399,0.10224467515945435,0.06403037905693054,5.0,-4.368365287780762,5.0,0.27,360,6.0,False
0.277178019285202,0.007178008556365967,-0.0064983367919921875,0.012561386451125145,-0.002268552780151367,0.6056567430496216,0.029679417610168457,0.0576956681907177,0.95665043592453,0.4511836767196655,0.18424862623214722,5.0,4.802829742431641,5.0,0.27,361,6.01667,False
0.2775910794734955,0.007591068744659424,-0.006369829177856445,0.014546247199177742,-0.002234935760498047,0.5390433073043823,-0.0014915764331817627,0.21164555847644806,1.0229763984680176,0.3297393023967743,0.01914786919951439,3.0004959106445312,1.003213882446289,3.0004959106445312,0.27,362,6.03333,False
0.2779431641101837,0.007943153381347656,-0.006232738494873047,0.014448434114456177,-0.0022895336151123047,0.5166193246841431,-0.01967024803161621,0.2608570158481598,1.1458170413970947,-0.7445212602615356,1.1691256761550903,5.0,2.7701244354248047,5.0,0.27,363,6.05,False
0.27777940034866333,0.0077793896198272705,-0.006407737731933594,0.010098334401845932,-0.0027205944061279297,0.4786410629749298,-0.0273420512676239,0.21106678247451782,1.4638466835021973,-1.3182244300842285,0.4302781820297241,5.0,-2.1706104278564453,5.0,0.27,364,6.06667,False
0.2779633402824402,0.007963329553604126,-0.006844043731689453,0.0036650525871664286,-0.003414630889892578,0.47369152307510376,-0.021366477012634277,0.18591515719890594,1.4265799522399902,-0.2297210693359375,1.1862283945083618,5.0,5.0,5.0,0.27,365,6.08333,False
0.2780228853225708,0.008022874593734741,-0.006930351257324219,0.0017368234694004059,-0.0036139488220214844,0.49545690417289734,0.006725996732711792,0.15830036997795105,1.0325087308883667,0.2554384768009186,0.39067190885543823,5.0,-5.0,5.0,0.27,366,6.1,False
0.27785634994506836,0.0078563392162323,-0.006838560104370117,0.00447655376046896,-0.0035505294799804688,0.553874671459198,0.029641419649124146,0.09163965284824371,1.580959439277649,-0.11349933594465256,0.43691331148147583,4.99235725402832,3.007786750793457,4.99235725402832,0.27,367,6.11667,False
0.27762433886528015,0.007624328136444092,-0.006886005401611328,0.007442213594913483,-0.003650188446044922,0.5669126510620117,0.039071857929229736,0.11597232520580292,1.4213577508926392,-0.2509010136127472,0.04435192048549652,5.0,5.0,5.0,0.27,368,6.13333,False
0.277275413274765,0.007275402545928955,-0.006730794906616211,0.010609863325953484,-0.003604412078857422,0.5516306757926941,0.028042465448379517,0.21946769952774048,0.9381198883056641,0.09590183198451996,0.3537910580635071,-5.0,5.0,5.0,0.27,369,6.15,False
0.2770451307296753,0.007045120000839233,-0.006527900695800781,0.01161358691751957,-0.003578662872314453,0.5075061321258545,-0.010298997163772583,0.2967919111251831,1.200752854347229,-0.07612406462430954,0.09856898337602615,-5.0,1.3488273620605469,5.0,0.27,370,6.16667,False
0.2772623300552368,0.007262319326400757,-0.0066530704498291016,0.007231750525534153,-0.003972053527832031,0.48263248801231384,-0.013010919094085693,0.2730605900287628,1.4689990282058716,-1.1944591999053955,1.322629451751709,5.0,-3.2528305053710938,5.0,0.27,371,6.18333,False
0.27778661251068115,0.007786601781845093,-0.007086515426635742,0.000775995897129178,-0.004685878753662109,0.4987148642539978,-0.005051642656326294,0.1835937201976776,1.6758506298065186,-1.1382476091384888,0.045947328209877014,5.0,-5.0,5.0,0.27,372,6.2,False
0.2788577973842621,0.008857786655426025,-0.007633686065673828,-0.004122510086745024,-0.005475282669067383,0.5046727061271667,0.008014589548110962,0.1591963917016983,1.1980364322662354,-0.17830082774162292,1.1498041152954102,5.0,4.766060829162598,5.0,0.27,373,6.21667,False
0.2793503403663635,0.009350329637527466,-0.0078122615814208984,-0.002559199696406722,-0.005763053894042969,0.588337242603302,0.023137569427490234,0.09091835469007492,1.0470256805419922,-0.09209128469228745,0.03023633360862732,5.0,-2.9015321731567383,5.0,0.27,374,6.23333,False
0.27829602360725403,0.008296012878417969,-0.007756233215332031,0.0034610426519066095,-0.005707263946533203,0.6645093560218811,0.025831639766693115,0.07077150791883469,1.411881685256958,-0.32753145694732666,0.18855197727680206,-3.1707115173339844,-3.601485252380371,3.601485252380371,0.27,375,6.25,False
0.27596476674079895,0.005964756011962891,-0.007319927215576172,0.011453785002231598,-0.00525212287902832,0.666228711605072,0.004159748554229736,0.14932562410831451,0.8333937525749207,-0.41830217838287354,0.34288761019706726,5.0,-2.598893165588379,5.0,0.27,376,6.26667,False
0.273638516664505,0.0036385059356689453,-0.006587028503417969,0.01848185807466507,-0.004544734954833984,0.581756591796875,-0.03536263108253479,0.25228652358055115,0.7221760749816895,0.4324520230293274,0.7361521124839783,-0.003765106201171875,4.7752885818481445,4.7752885818481445,0.27,377,6.28333,False
0.2725156843662262,0.0025156736373901367,-0.0060498714447021484,0.019680434837937355,-0.004143714904785156,0.47198355197906494,-0.045119255781173706,0.29042819142341614,0.8246387243270874,0.35983648896217346,0.015771610662341118,5.0,-5.0,5.0,0.27,378,6.3,False
0.2733873724937439,0.003387361764907837,-0.006072521209716797,0.01258370466530323,-0.0043888092041015625,0.41101643443107605,-0.012446492910385132,0.22991666197776794,1.3787952661514282,-0.037808023393154144,0.4652106463909149,5.0,0.2436826229095459,5.0,0.27,379,6.31667,False
0.27549290657043457,0.005492895841598511,-0.006316423416137695,0.006663021631538868,-0.004832744598388672,0.4443184733390808,0.0014447271823883057,0.15446737408638,1.654611349105835,-0.4592186212539673,0.2536613941192627,4.301959991455078,-2.2168197631835938,4.301959991455078,0.27,380,6.33333,False
0.27757421135902405,0.007574200630187988,-0.006694316864013672,0.003963766619563103,-0.005354404449462891,0.49357709288597107,0.027098238468170166,0.084859699010849,1.4949922561645508,-0.30198830366134644,0.05019962787628174,5.0,-5.0,5.0,0.27,381,6.35,False
0.27898108959198,0.008981078863143921,-0.007055521011352539,0.004140354692935944,-0.005842924118041992,0.5244399309158325,0.027350515127182007,0.0846087634563446,1.6401089429855347,-0.5684220194816589,0.09204578399658203,5.0,0.8663444519042969,5.0,0.27,382,6.36667,False
0.27993544936180115,0.009935438632965088,-0.0073566436767578125,0.0034143191296607256,-0.006300687789916992,0.5402683615684509,0.018122553825378418,0.1374272257089615,1.8496243953704834,-0.7436455488204956,0.07460001111030579,5.0,-3.1157188415527344,5.0,0.27,383,6.38333,False
0.2801319658756256,0.01013195514678955,-0.007458209991455078,0.0022445092909038067,-0.006560802459716797,0.5500419735908508,0.008741557598114014,0.1689656525850296,1.3460627794265747,-1.1028579473495483,0.3826078772544861,5.0,-5.0,5.0,0.27,384,6.4,False
0.2793318033218384,0.00933179259300232,-0.007385730743408203,0.0033399418462067842,-0.006619691848754883,0.5714007019996643,-0.007996559143066406,0.1594035029411316,1.0334482192993164,-0.7112959027290344,0.2510486841201782,0.027364730834960938,0.36813926696777344,0.36813926696777344,0.27,385,6.41667,False
0.27782687544822693,0.00782686471939087,-0.007284402847290039,0.004629003349691629,-0.006594657897949219,0.583597719669342,-0.0011087656021118164,0.09372406452894211,1.1618379354476929,-0.35052379965782166,0.14664043486118317,5.0,5.0,5.0,0.27,386,6.43333,False
0.2764192223548889,0.0064192116260528564,-0.007387638092041016,0.0048260074108839035,-0.0067291259765625,0.6056277751922607,0.017454087734222412,0.051350727677345276,1.1436936855316162,0.18958741426467896,0.2920493185520172,5.0,-0.6289048194885254,5.0,0.27,387,6.45,False
0.27520468831062317,0.005204677581787109,-0.007588624954223633,0.008036762475967407,-0.006923198699951172,0.6092866659164429,0.04167830944061279,-0.00522152055054903,0.9982917308807373,0.48277759552001953,0.10710221529006958,5.0,5.0,5.0,0.27,388,6.46667,False
0.2753981053829193,0.005398094654083252,-0.007976770401000977,0.010646650567650795,-0.007379055023193359,0.5803166031837463,0.04539191722869873,0.06270896643400192,1.224029302597046,0.7610589861869812,0.12839798629283905,5.0,5.0,5.0,0.27,389,6.48333,False
0.2766473889350891,0.006647378206253052,-0.008328914642333984,0.008634074591100216,-0.00791168212890625,0.527976930141449,0.0309755802154541,0.19623133540153503,1.198838710784912,0.09052923321723938,0.450244665145874,5.0,-0.6138558387756348,5.0,0.27,390,6.5,False
0.27820834517478943,0.00820833444595337,-0.00850677490234375,0.00704536959528923,-0.008331537246704102,0.5160819888114929,0.00930863618850708,0.24594713747501373,1.4238264560699463,-0.540465235710144,0.44877347350120544,5.0,5.0,5.0,0.27,391,6.51667,False
0.2792208790779114,0.009220868349075317,-0.008610010147094727,0.004574037156999111,-0.008675336837768555,0.5238182544708252,0.005348920822143555,0.23358695209026337,1.5996748208999634,-1.3133283853530884,0.6282401084899902,5.0,-5.0,5.0,0.27,392,6.53333,False
0.27975931763648987,0.009759306907653809,-0.008642435073852539,-1.8207530956715345e-05,-0.008922100067138672,0.5036543011665344,-0.009987294673919678,0.19070972502231598,1.6328840255737305,-0.9119584560394287,0.1622006744146347,5.0,-1.33282470703125,5.0,0.27,393,6.55,False
0.2798927426338196,0.00989273190498352,-0.00873565673828125,-0.003365053329616785,-0.009172439575195312,0.5511037707328796,-0.0030155181884765625,0.13618695735931396,1.5557256937026978,-0.4268609285354614,0.24127301573753357,5.0,-2.791393280029297,5.0,0.27,394,6.56667,False
0.279558926820755,0.009558916091918945,-0.00888204574584961,-0.004075904376804829,-0.009405851364135742,0.6062514185905457,0.015747368335723877,0.05259992554783821,1.5466045141220093,-0.4062066078186035,0.0005097968969494104,5.0,-5.0,5.0,0.27,395,6.58333,False
0.27882149815559387,0.008821487426757812,-0.009143590927124023,-0.0008696661097928882,-0.009684324264526367,0.6687909364700317,0.04257696866989136,-0.00965561531484127,0.9946775436401367,-0.11259060353040695,0.3908337354660034,5.0,-4.944626808166504,5.0,0.27,396,6.6,False
0.2777569591999054,0.007756948471069336,-0.00936269760131836,0.005163195542991161,-0.009907245635986328,0.6831080913543701,0.03648024797439575,0.056966692209243774,0.7601465582847595,0.6395123600959778,0.6206636428833008,5.0,2.6410064697265625,5.0,0.27,397,6.61667,False
0.27718406915664673,0.007184058427810669,-0.009210586547851562,0.009499523788690567,-0.009815454483032227,0.6154906153678894,0.019428253173828125,0.20554444193840027,0.7663414478302002,0.6772899031639099,0.0014655194245278835,5.0,5.0,5.0,0.27,398,6.63333,False
0.27722975611686707,0.007229745388031006,-0.008877992630004883,0.011782724410295486,-0.009627342224121094,0.5426612496376038,-0.032757073640823364,0.283932089805603,0.9577364325523376,-0.08466091006994247,0.6172010898590088,5.0,5.0,5.0,0.27,399,6.65,False
0.2777097225189209,0.007709711790084839,-0.008490800857543945,0.00910683162510395,-0.009433507919311523,0.5020391941070557,-0.05695900321006775,0.27882298827171326,1.2376724481582642,-0.85324627161026,0.6690877079963684,5.0,-1.1727008819580078,5.0,0.27,400,6.66667,False
0.2782481610774994,0.00824815034866333,-0.008122920989990234,0.004041116219013929,-0.009228706359863281,0.527014970779419,-0.02881494164466858,0.2302202731370926,1.114048719406128,-1.0248252153396606,0.04472216218709946,5.0,-4.0149383544921875,5.0,0.27,401,6.68333,False
0.27846288681030273,0.008462876081466675,-0.00783538818359375,0.0011675006244331598,-0.00904536247253418,0.5404873490333557,-0.033312201499938965,0.1600182056427002,0.9482164978981018,-0.09691260010004044,0.8885220885276794,5.0,5.0,5.0,0.27,402,6.7,False
0.2784935534000397,0.008493542671203613,-0.007754802703857422,0.002086634049192071,-0.00902867317199707,0.6087618470191956,0.0005428791046142578,0.0978182926774025,1.2380930185317993,-0.13077065348625183,0.08517476916313171,5.0,-3.7844228744506836,5.0,0.27,403,6.71667,False
0.27736610174179077,0.007366091012954712,-0.007920503616333008,0.00648037763312459,-0.009224891662597656,0.6722462177276611,0.019099712371826172,0.04690534994006157,1.4115980863571167,-0.5367960929870605,0.19496066868305206,5.0,-5.0,5.0,0.27,404,6.73333,False
0.27596229314804077,0.005962282419204712,-0.008213281631469727,0.012137364596128464,-0.009599447250366211,0.6676177978515625,0.02571272850036621,0.12282419949769974,0.7281518578529358,0.06996569037437439,0.8352586030960083,5.0,-3.5445363521575928,5.0,0.27,405,6.75,False
0.27504485845565796,0.005044847726821899,-0.008198976516723633,0.013945437967777252,-0.00972127914428711,0.6075993776321411,0.004108726978302002,0.2551036775112152,0.9429460167884827,0.9799567461013794,0.8742202520370483,5.0,5.0,5.0,0.27,406,6.76667,False
0.2750624120235443,0.005062401294708252,-0.008028268814086914,0.0141435032710433,-0.009768009185791016,0.5324165225028992,0.00024497509002685547,0.3245003819465637,1.0571579933166504,0.18242788314819336,0.649096667766571,-5.0,3.40533185005188,5.0,0.27,407,6.78333,False
0.2761586308479309,0.006158620119094849,-0.0077359676361083984,0.008090096525847912,-0.009727954864501953,0.5042700171470642,-0.026932179927825928,0.32044023275375366,1.419508457183838,-1.2148849964141846,2.0837812423706055,3.9647483825683594,-3.951435089111328,3.9647483825683594,0.27,408,6.8,False
0.27771589159965515,0.007715880870819092,-0.007468700408935547,0.0009846568573266268,-0.009682178497314453,0.5048182606697083,-0.015770554542541504,0.2591800093650818,1.2868367433547974,-0.9326328039169312,0.09726808965206146,5.0,-0.12179756164550781,5.0,0.27,409,6.81667,False
0.27886590361595154,0.008865892887115479,-0.0073833465576171875,-0.0012470354558899999,-0.009779691696166992,0.5580347180366516,-0.00028783082962036133,0.22263048589229584,0.9587358832359314,-0.009958349168300629,0.9589783549308777,5.0,5.0,5.0,0.27,410,6.83333,False
0.27905890345573425,0.009058892726898193,-0.007391452789306641,0.0009157303138636053,-0.009917974472045898,0.6175217032432556,-0.0013640522956848145,0.18063057959079742,1.337214469909668,-0.17573034763336182,0.17072638869285583,5.0,-5.0,5.0,0.27,411,6.85,False
0.2779342234134674,0.007934212684631348,-0.0075836181640625,0.006307510659098625,-0.010215044021606445,0.6834940910339355,0.028440535068511963,0.13378192484378815,1.2657760381698608,-0.7498589754104614,0.33472710847854614,5.0,-2.0226802825927734,5.0,0.27,412,6.86667,False
0.2761254906654358,0.0061254799365997314,-0.007880926132202148,0.012636280618607998,-0.010617733001708984,0.6823945641517639,0.025510966777801514,0.13917557895183563,0.3527677059173584,-0.031821005046367645,1.3491626977920532,-1.4545440673828125,0.5762336254119873,1.4545440673828125,0.27,413,6.88333,False
0.27518436312675476,0.005184352397918701,-0.007898569107055664,0.01547277346253395,-0.010788679122924805,0.5905144214630127,-0.00885099172592163,0.27474790811538696,1.0435144901275635,1.2971128225326538,2.2431962490081787,4.337064743041992,5.0,5.0,0.27,414,6.9,False
0.27543655037879944,0.005436539649963379,-0.007562160491943359,0.013943192549049854,-0.010656118392944336,0.5393775105476379,-0.012499630451202393,0.3364579677581787,0.9689849019050598,0.538508415222168,0.581035315990448,5.0,5.0,5.0,0.27,415,6.91667,False
0.2766697406768799,0.006669729948043823,-0.007003068923950195,0.006520191207528114,-0.010313034057617188,0.5170832872390747,-0.016303420066833496,0.3182799518108368,1.0932151079177856,-0.9347822666168213,2.186018466949463,3.961885452270508,-4.310159683227539,4.310159683227539,0.27,416,6.93333,False
0.27845504879951477,0.008455038070678711,-0.006693124771118164,0.00018547428771853447,-0.010223865509033203,0.5302269458770752,0.00984334945678711,0.25366610288619995,1.0829604864120483,-0.4076555669307709,0.2779676616191864,5.0,-5.0,5.0,0.27,417,6.95,False
0.279946893453598,0.009946882724761963,-0.0066623687744140625,-0.001449776696972549,-0.01038813591003418,0.5663512349128723,0.018515706062316895,0.27223676443099976,1.0624536275863647,0.32245033979415894,0.5334751009941101,5.0,5.0,5.0,0.27,418,6.96667,False
0.2799026370048523,0.009902626276016235,-0.006917476654052734,0.003198368940502405,-0.010849475860595703,0.642881453037262,0.01628977060317993,0.25849926471710205,1.2725162506103516,-0.5799669027328491,0.8584831953048706,-5.0,-2.008633613586426,5.0,0.27,419,6.98333,False
0.278481662273407,0.008481651544570923,-0.007239580154418945,0.00852687656879425,-0.01137995719909668,0.6523287892341614,0.024849534034729004,0.2583761215209961,1.4948097467422485,-1.0790693759918213,0.2985176742076874,-5.0,5.0,5.0,0.27,420,7.0,False
0.27729493379592896,0.0072949230670928955,-0.007168769836425781,0.009709689766168594,-0.011514902114868164,0.5994555354118347,-0.009103238582611084,0.3227519392967224,0.8480262160301208,-0.2890944182872772,1.0423893928527832,5.0,5.0,5.0,0.27,421,7.01667,False
0.276594340801239,0.006594330072402954,-0.006879568099975586,0.009820380248129368,-0.011444091796875,0.561076819896698,-0.02006286382675171,0.36340367794036865,0.833037793636322,0.25318455696105957,0.2942911684513092,5.0,3.5949740409851074,5.0,0.27,422,7.03333,False
0.276955246925354,0.006955236196517944,-0.006326436996459961,0.0060058096423745155,-0.011080741882324219,0.5219334363937378,-0.010363101959228516,0.31416434049606323,1.1568349599838257,-0.15352767705917358,0.27025943994522095,5.0,-0.6719117164611816,5.0,0.27,423,7.05,False
0.2776727080345154,0.007672697305679321,-0.006028652191162109,0.0020304941572248936,-0.010955572128295898,0.5479065775871277,0.006696760654449463,0.18348328769207,1.5035293102264404,-0.7868924140930176,0.5213478803634644,3.9127578735351562,-5.0,5.0,0.27,424,7.06667,False
0.27809765934944153,0.008097648620605469,-0.006494283676147461,0.003408977761864662,-0.01160120964050293,0.6185801029205322,0.05639541149139404,0.11578024178743362,1.0171153545379639,-0.038354016840457916,0.7969082593917847,5.0,-0.1436765193939209,5.0,0.27,425,7.08333,False
0.27827703952789307,0.008277028799057007,-0.007067203521728516,0.0062996018677949905,-0.012371063232421875,0.61256343126297,0.02758997678756714,0.21126484870910645,0.927094042301178,0.42966538667678833,0.2271459847688675,3.8713455200195312,5.0,5.0,0.27,426,7.1,False
0.27800077199935913,0.008000761270523071,-0.0075225830078125,0.010147321969270706,-0.013062477111816406,0.6136853098869324,-0.002246677875518799,0.2725377678871155,0.938845694065094,-0.26730877161026,0.4859110713005066,-5.0,2.7895193099975586,5.0,0.27,427,7.11667,False
0.2778609097003937,0.007860898971557617,-0.0074579715728759766,0.010145872831344604,-0.01321554183959961,0.5584654211997986,-0.015251457691192627,0.34105542302131653,1.0959248542785645,-0.42300933599472046,0.0489165261387825,5.0,5.0,5.0,0.27,428,7.13333,False
0.27719846367836,0.007198452949523926,-0.007112741470336914,0.009573114104568958,-0.013065338134765625,0.5533328056335449,-0.038307011127471924,0.32305479049682617,0.8591594099998474,-1.130529522895813,0.5566427111625671,5.0,-4.955759048461914,5.0,0.27,429,7.15,False
0.27637141942977905,0.006371408700942993,-0.006732463836669922,0.008021263405680656,-0.012834787368774414,0.5443047285079956,-0.011376917362213135,0.22264133393764496,1.3346922397613525,0.0022102221846580505,1.5092308521270752,5.0,5.0,5.0,0.27,430,7.16667,False
0.27697935700416565,0.00697934627532959,-0.006218910217285156,0.0033443092834204435,-0.012432336807250977,0.515129566192627,0.015064835548400879,0.1810661405324936,1.0651026964187622,-0.07757740467786789,0.07904458791017532,5.0,1.0063459873199463,5.0,0.27,431,7.18333,False
0.2776957154273987,0.007695704698562622,-0.006680727005004883,0.003964601084589958,-0.013052940368652344,0.588258683681488,0.04894191026687622,0.05148020759224892,1.425896167755127,0.20361191034317017,0.20923936367034912,2.6302433013916016,-5.0,5.0,0.27,432,7.2,False
0.278032511472702,0.008032500743865967,-0.007720470428466797,0.007263734936714172,-0.014273405075073242,0.6170309782028198,0.06991684436798096,0.0566752664744854,1.1468420028686523,-0.24168574810028076,0.27616122364997864,5.0,5.0,5.0,0.27,433,7.21667,False
0.27837449312210083,0.00837448239326477,-0.008484125137329102,0.009209828451275826,-0.015234947204589844,0.6106414198875427,0.044374704360961914,0.18234091997146606,1.3127943277359009,-0.13254833221435547,0.039451148360967636,5.0,1.6876134872436523,5.0,0.27,434,7.23333,False
0.27837586402893066,0.008375853300094604,-0.008925676345825195,0.011024810373783112,-0.015905141830444336,0.5752677917480469,0.00919485092163086,0.2666058838367462,1.1174342632293701,-0.24533551931381226,0.05088650435209274,5.0,5.0,5.0,0.27,435,7.25,False
0.278073787689209,0.008073776960372925,-0.008912086486816406,0.010206451639533043,-0.016103267669677734,0.524120032787323,-0.006887078285217285,0.29996463656425476,1.415242075920105,-0.7979142665863037,0.3940327763557434,5.0,2.625946044921875,5.0,0.27,436,7.26667,False
0.27807602286338806,0.008076012134552002,-0.0084991455078125,0.006729555316269398,-0.01586174964904785,0.5279557704925537,0.00678408145904541,0.27026116847991943,1.2244278192520142,-0.9680660963058472,0.06536172330379486,5.0,-4.777734756469727,5.0,0.27,437,7.28333,False
0.2773565649986267,0.007356554269790649,-0.00810861587524414,0.0037358212284743786,-0.015603065490722656,0.5566730499267578,-0.005841493606567383,0.21013295650482178,1.1987990140914917,-0.1384260654449463,0.6889594197273254,5.0,-5.0,5.0,0.27,438,7.3,False
0.276789128780365,0.006789118051528931,-0.008246660232543945,0.00400294316932559,-0.01590871810913086,0.562188446521759,0.009225130081176758,0.15911902487277985,1.3510345220565796,0.2553448975086212,0.17823120951652527,5.0,-2.220977783203125,5.0,0.27,439,7.31667,False
0.27650877833366394,0.006508767604827881,-0.008648872375488281,0.005454306490719318,-0.01647162437438965,0.6032536625862122,0.03243643045425415,0.13876986503601074,1.554742455482483,-0.27537357807159424,0.32315900921821594,5.0,-1.8242321014404297,5.0,0.27,440,7.33333,False
0.2760688066482544,0.006068795919418335,-0.009269237518310547,0.007651038467884064,-0.017273902893066406,0.6122114658355713,0.03550082445144653,0.13478527963161469,0.9662548303604126,0.06458444148302078,0.4618891179561615,5.0,1.626369595527649,5.0,0.27,441,7.35,False
0.27636054158210754,0.006360530853271484,-0.00965738296508789,0.00888173095881939,-0.017875194549560547,0.5708829164505005,0.01775282621383667,0.2607598900794983,1.1183686256408691,0.2849767804145813,0.07171139121055603,5.0,5.0,5.0,0.27,442,7.36667,False
0.2772899568080902,0.00728994607925415,-0.009524822235107422,0.007905960083007812,-0.017974853515625,0.5240961909294128,-0.01808488368988037,0.35102155804634094,1.5195764303207397,-0.3105744421482086,0.5156489610671997,-5.0,5.0,5.0,0.27,443,7.38333,False
0.2783709168434143,0.008370906114578247,-0.008891582489013672,0.0043958574533462524,-0.017525434494018555,0.531251072883606,-0.012979269027709961,0.3177647888660431,1.4239476919174194,-1.2818737030029297,0.9525671601295471,5.0,-5.0,5.0,0.27,444,7.4,False
0.27963992953300476,0.009639918804168701,-0.007754802703857422,-0.0026551007758826017,-0.016451120376586914,0.50347501039505,-0.013249039649963379,0.26582077145576477,1.5380771160125732,-1.0813947916030884,0.0532173216342926,5.0,-5.0,5.0,0.27,445,7.41667,False
0.28043264150619507,0.010432630777359009,-0.007305622100830078,-0.006056630052626133,-0.016144990921020508,0.5787242650985718,0.010073304176330566,0.2285429686307907,1.3261473178863525,-0.2582355737686157,0.7225053310394287,5.0,5.0,5.0,0.27,446,7.43333,False
0.2798406481742859,0.009840637445449829,-0.007622718811035156,-0.00434487871825695,-0.016644954681396484,0.6550766229629517,0.01247251033782959,0.1632249653339386,1.664352297782898,-0.3189184367656708,0.11806502193212509,5.0,-4.157931804656982,5.0,0.27,447,7.45,False
0.278583288192749,0.008583277463912964,-0.008373498916625977,-0.00020686793141067028,-0.017594099044799805,0.6926369667053223,0.027629315853118896,0.12940967082977295,1.1400476694107056,-0.6930431127548218,0.41486459970474243,5.0,-1.4236373901367188,5.0,0.27,448,7.46667,False
0.2768356204032898,0.006835609674453735,-0.009726524353027344,0.006918058730661869,-0.019217967987060547,0.6871787905693054,0.028568685054779053,0.1826660931110382,0.646514356136322,0.41522136330604553,1.471825122833252,5.0,5.0,5.0,0.27,449,7.48333,False
0.276294082403183,0.006294071674346924,-0.009711742401123047,0.008460931479930878,-0.019373178482055664,0.6194247007369995,0.03182178735733032,0.3035006821155548,0.9365485310554504,1.067806363105774,0.5099870562553406,5.0,5.0,5.0,0.27,450,7.5,False
0.27659931778907776,0.006599307060241699,-0.009421586990356445,0.008231050334870815,-0.01928234100341797,0.5785978436470032,-0.022068798542022705,0.3546716272830963,0.8240034580230713,0.13565929234027863,0.8815646171569824,5.0,5.0,5.0,0.27,451,7.51667,False
0.277543842792511,0.007543832063674927,-0.008669376373291016,0.005050876643508673,-0.018695354461669922,0.5531727075576782,-0.020353615283966064,0.3269308805465698,0.8536396622657776,-0.7820842266082764,0.8431314826011658,5.0,-1.6277503967285156,5.0,0.27,452,7.53333,False
0.2786567211151123,0.008656710386276245,-0.007539272308349609,0.0001608876045793295,-0.01765275001525879,0.5435734391212463,-0.026272833347320557,0.2870934009552002,1.0865682363510132,-0.6297078132629395,0.07747429609298706,5.0,-5.0,5.0,0.27,453,7.55,False
0.2794736921787262,0.009473681449890137,-0.007171630859375,-0.0011423490941524506,-0.01742839813232422,0.5799658894538879,-0.013614296913146973,0.22553043067455292,1.012203335762024,-0.04088861495256424,0.3522382080554962,5.0,-0.6999107599258423,5.0,0.27,454,7.56667,False
0.2795746624469757,0.009574651718139648,-0.00720667839050293,-0.0005918582901358604,-0.017610788345336914,0.6485937833786011,0.008803904056549072,0.15961778163909912,1.074249267578125,-0.47361254692077637,0.19109970331192017,5.0,-5.0,5.0,0.27,455,7.58333,False
0.27837303280830383,0.008373022079467773,-0.008318185806274414,0.004603252746164799,-0.018954038619995117,0.7005096673965454,0.02873086929321289,0.09605289995670319,0.9462282061576843,-0.5441070795059204,0.021358871832489967,5.0,-1.5627994537353516,5.0,0.27,456,7.6,False
0.27680090069770813,0.00680088996887207,-0.00975942611694336,0.011319862678647041,-0.02067089080810547,0.6871675848960876,0.02638345956802368,0.19204005599021912,0.7644758224487305,0.5220714211463928,1.1697707176208496,-2.369670867919922,5.0,5.0,0.27,457,7.61667,False
0.2761403024196625,0.006140291690826416,-0.010114908218383789,0.013960343785583973,-0.021255016326904297,0.605179488658905,0.006481289863586426,0.319881409406662,0.8423269391059875,0.9575223326683044,0.19567829370498657,4.24359130859375,5.0,5.0,0.27,458,7.63333,False
0.2768029570579529,0.006802946329116821,-0.009786367416381836,0.013022242113947868,-0.02117323875427246,0.532119870185852,-0.02818351984024048,0.41308489441871643,0.9470571279525757,-0.02828628569841385,0.982787013053894,5.0,5.0,5.0,0.27,459,7.65,False
0.27876901626586914,0.008769005537033081,-0.008061885833740234,0.005640728864818811,-0.019536256790161133,0.4892119765281677,-0.013434231281280518,0.37568071484565735,1.3150943517684937,-1.010809302330017,1.1008028984069824,5.0,-1.802215576171875,5.0,0.27,460,7.66667,False
0.28035682439804077,0.010356813669204712,-0.0063517093658447266,-0.001791749382391572,-0.017834901809692383,0.5245999097824097,-0.012114405632019043,0.32579395174980164,1.376942753791809,-1.5518790483474731,0.2965816855430603,5.0,-5.0,5.0,0.27,461,7.68333,False
0.2808695435523987,0.010869532823562622,-0.005799293518066406,-0.004014868289232254,-0.017437219619750977,0.6019728779792786,7.003545761108398e-05,0.2656930088996887,1.403496503829956,-0.009500466287136078,2.379636526107788,5.0,-0.23069927096366882,5.0,0.27,462,7.7,False
0.28038814663887024,0.01038813591003418,-0.006107807159423828,-0.0023265278432518244,-0.017975568771362305,0.6431113481521606,0.004927456378936768,0.24499697983264923,1.231927514076233,-0.26315680146217346,0.09377744793891907,5.0,-1.3632478713989258,5.0,0.27,463,7.71667,False
0.2793126404285431,0.009312629699707031,-0.006942033767700195,0.0010006469674408436,-0.01908087730407715,0.6969119310379028,0.04069018363952637,0.16842032968997955,1.0663561820983887,-0.15936130285263062,0.03818736970424652,5.0,-2.343026638031006,5.0,0.27,464,7.73333,False
0.278434693813324,0.008434683084487915,-0.007740974426269531,0.003922502975910902,-0.02014327049255371,0.663299560546875,0.02561396360397339,0.25730475783348083,0.6996510028839111,0.35338136553764343,0.3973776698112488,5.0,5.0,5.0,0.27,465,7.75,False
0.27859094738960266,0.008590936660766602,-0.007914543151855469,0.00507226912304759,-0.02057337760925293,0.6030713319778442,0.00021010637283325195,0.3926159143447876,0.7914600372314453,0.656314492225647,0.10019738227128983,5.0,5.0,5.0,0.27,466,7.76667,False
0.27918434143066406,0.009184330701828003,-0.007764339447021484,0.005761886481195688,-0.020697832107543945,0.5663883686065674,-0.02662944793701172,0.45399975776672363,0.7392916679382324,-0.14299476146697998,0.6416168212890625,5.0,-5.0,5.0,0.27,467,7.78333,False
0.2798478603363037,0.009847849607467651,-0.006929636001586914,0.004208228085190058,-0.020034074783325195,0.5484541058540344,-0.04242151975631714,0.43489041924476624,1.0633481740951538,-0.9531018733978271,0.7612861394882202,2.9191665649414062,-1.7414226531982422,2.9191665649414062,0.27,468,7.8,False
0.28001338243484497,0.010013371706008911,-0.00598907470703125,0.0023596864193677902,-0.0192108154296875,0.581597089767456,-0.03462719917297363,0.37523597478866577,1.0282143354415894,-0.896266758441925,0.004464616999030113,1.2466697692871094,-5.0,5.0,0.27,469,7.81667,False
0.27944034337997437,0.009440332651138306,-0.005597591400146484,0.002174273831769824,-0.01898932456970215,0.6164054870605469,-0.012984037399291992,0.2523114085197449,0.7717023491859436,-0.24858805537223816,0.485286146402359,5.0,-5.0,5.0,0.27,470,7.83333,False
0.27895820140838623,0.008958190679550171,-0.006070613861083984,0.004143235273659229,-0.019720077514648438,0.6339058876037598,0.028228461742401123,0.15234367549419403,0.8386902809143066,0.19073250889778137,0.197489932179451,0.2699127197265625,-2.347405433654785,2.347405433654785,0.27,471,7.85,False
0.27858537435531616,0.008585363626480103,-0.007651329040527344,0.008819950744509697,-0.021624326705932617,0.6351015567779541,0.04975932836532593,0.10946883261203766,0.8167212009429932,0.6694690585136414,0.22967131435871124,3.936258316040039,5.0,5.0,0.27,472,7.86667,False
0.27842244505882263,0.008422434329986572,-0.008958578109741211,0.012244295328855515,-0.023221969604492188,0.6164926290512085,0.04696279764175415,0.19584880769252777,0.8029442429542542,0.640051007270813,0.001055226312018931,5.0,1.3410835266113281,5.0,0.27,473,7.88333,False
0.27870771288871765,0.008707702159881592,-0.008955955505371094,0.01154733169823885,-0.023415565490722656,0.5768311023712158,0.02253204584121704,0.3149723708629608,0.9734674096107483,0.3549632430076599,0.11035317927598953,5.0,0.9322147369384766,5.0,0.27,474,7.9,False
0.27899470925331116,0.008994698524475098,-0.008760929107666016,0.010684208944439888,-0.023433685302734375,0.5455081462860107,-0.002829432487487793,0.3533858060836792,1.030163049697876,-0.5081672072410583,0.7482085824012756,5.0,-5.0,5.0,0.27,475,7.91667,False
0.27900615334510803,0.009006142616271973,-0.008147716522216797,0.008804955519735813,-0.022965431213378906,0.5412334203720093,-0.01721513271331787,0.35856932401657104,1.227020263671875,-1.261006236076355,0.6055194139480591,5.0,2.134754180908203,5.0,0.27,476,7.93333,False
0.27907872200012207,0.00907871127128601,-0.00673365592956543,0.004498046822845936,-0.021564960479736328,0.5239352583885193,-0.0314367413520813,0.31037694215774536,1.2223705053329468,-0.7971782684326172,0.21515800058841705,5.0,-5.0,5.0,0.27,477,7.95,False
0.27910691499710083,0.00910690426826477,-0.005922794342041016,0.001761026680469513,-0.02082967758178711,0.5583892464637756,0.009337961673736572,0.17560775578022003,0.9444854855537415,-0.14042934775352478,0.5085391998291016,5.0,-1.475705623626709,5.0,0.27,478,7.96667,False
0.2787078022956848,0.008707791566848755,-0.006791353225708008,0.0038046229165047407,-0.021956682205200195,0.6220526695251465,0.053417861461639404,0.0730477049946785,0.9990218281745911,-0.08753865212202072,0.005771638359874487,5.0,5.0,5.0,0.27,479,7.98333,False
0.277819961309433,0.007819950580596924,-0.008852005004882812,0.009083524346351624,-0.024369478225708008,0.6691523194313049,0.06427210569381714,0.06701847165822983,1.0929299592971802,0.2344149947166443,0.11247289180755615,5.0,-4.379532814025879,5.0,0.27,480,8.0,False
0.27696600556373596,0.006965994834899902,-0.010659217834472656,0.013797993771731853,-0.026497840881347656,0.6369262933731079,0.03383713960647583,0.19644956290721893,0.8575008511543274,0.5860683917999268,0.17908698320388794,5.0,5.0,5.0,0.27,481,8.01667,False
0.27663755416870117,0.006637543439865112,-0.011325359344482422,0.015884514898061752,-0.02742147445678711,0.5701574683189392,0.005902588367462158,0.3063357472419739,0.8392192721366882,0.4517272412776947,0.018381761386990547,-5.0,3.970036506652832,5.0,0.27,482,8.03333,False
0.27702850103378296,0.007028490304946899,-0.011209964752197266,0.015450192615389824,-0.027518510818481445,0.5149269104003906,-0.009795427322387695,0.3389381170272827,1.0942909717559814,-0.15639972686767578,0.43488001823425293,5.0,5.0,5.0,0.27,483,8.05,False
0.2776447534561157,0.007644742727279663,-0.009946584701538086,0.01145843230187893,-0.026333332061767578,0.47782474756240845,-0.01928156614303589,0.3715113401412964,1.3457489013671875,-0.5373737215995789,0.20837226510047913,5.0,1.2701244354248047,5.0,0.27,484,8.06667,False
0.2780732214450836,0.008073210716247559,-0.008728504180908203,0.007926980033516884,-0.0251924991607666,0.508848249912262,-0.02192974090576172,0.3266654312610626,1.3513174057006836,-0.5055654048919678,0.0010427773231640458,5.0,-2.363619804382324,5.0,0.27,485,8.08333,False
0.27854064106941223,0.008540630340576172,-0.007488250732421875,0.004229453392326832,-0.023991823196411133,0.522615373134613,-0.006899595260620117,0.2645929455757141,1.4258551597595215,-0.42416292428970337,0.012182241305708885,5.0,0.29116249084472656,5.0,0.27,486,8.1,False
0.27926814556121826,0.009268134832382202,-0.006462812423706055,0.0007919424679130316,-0.02300715446472168,0.5551519393920898,0.014217674732208252,0.18588165938854218,1.5196930170059204,-0.42700761556625366,0.00881363544613123,5.0,-3.8499889373779297,5.0,0.27,487,8.11667,False
0.27963969111442566,0.0096396803855896,-0.00687861442565918,0.0012142900377511978,-0.02361273765563965,0.6239819526672363,0.0343928337097168,0.12627504765987396,1.3730748891830444,-0.5394739508628845,0.034145552664995193,5.0,-2.620497703552246,5.0,0.27,488,8.13333,False
0.2791801691055298,0.009180158376693726,-0.007979154586791992,0.003740086918696761,-0.024971485137939453,0.6595680713653564,0.029678642749786377,0.15414077043533325,1.0163706541061401,-0.21731972694396973,0.23102125525474548,5.0,-1.725205898284912,5.0,0.27,489,8.15,False
0.2780451774597168,0.008045166730880737,-0.009585380554199219,0.008342466317117214,-0.026912212371826172,0.651996910572052,0.017705798149108887,0.23440438508987427,0.9094231128692627,0.11230398714542389,0.12008955329656601,-5.0,5.0,5.0,0.27,490,8.16667,False
0.2776266634464264,0.007626652717590332,-0.010636568069458008,0.011565690860152245,-0.028278827667236328,0.5677239298820496,-0.01273047924041748,0.3317023813724518,1.0542341470718384,0.2775699496269226,0.04828307405114174,5.0,5.0,5.0,0.27,491,8.18333,False
0.27835726737976074,0.008357256650924683,-0.010018348693847656,0.009927064180374146,-0.02782154083251953,0.5026156306266785,-0.022075772285461426,0.3455164432525635,1.012006163597107,-0.41603755950927734,0.4828745722770691,5.0,5.0,5.0,0.27,492,8.2,False
0.27919498085975647,0.00919497013092041,-0.00849151611328125,0.00554417259991169,-0.026318073272705078,0.5143780708312988,-0.008474767208099365,0.29104846715927124,1.3878782987594604,-0.7040565013885498,0.22423477470874786,5.0,0.5740756988525391,5.0,0.27,493,8.21667,False
0.2800126075744629,0.010012596845626831,-0.006775617599487305,0.00044323084875941277,-0.024577617645263672,0.5390816926956177,0.009052813053131104,0.24025504291057587,1.4939501285552979,-0.5115429759025574,0.04831269010901451,5.0,-3.596813201904297,5.0,0.27,494,8.23333,False
0.28040701150894165,0.01040700078010559,-0.006136655807495117,-0.0018361147958785295,-0.024016380310058594,0.5859943628311157,0.021643459796905518,0.17550978064537048,1.325592041015625,-0.44461166858673096,0.03282424435019493,5.0,-2.3896093368530273,5.0,0.27,495,8.25,False
0.28031033277511597,0.010310322046279907,-0.006772279739379883,-0.0008293106220662594,-0.024877548217773438,0.6436655521392822,0.04331856966018677,0.13987082242965698,1.240944266319275,-0.1386967897415161,0.10074915736913681,5.0,-1.9878802299499512,5.0,0.27,496,8.26667,False
0.2795078754425049,0.009507864713668823,-0.007773637771606445,0.0014294541906565428,-0.026125669479370117,0.682906985282898,0.021228551864624023,0.18006324768066406,1.111470103263855,-0.27323272824287415,0.03486347943544388,4.808746337890625,-3.479734420776367,4.808746337890625,0.27,497,8.28333,False
0.2778458297252655,0.007845818996429443,-0.00964975357055664,0.0066835000179708,-0.028357267379760742,0.6794317960739136,0.0029389262199401855,0.21770374476909637,0.8608005046844482,-0.22354769706726074,0.06530384719371796,4.332736968994141,-1.836191177368164,4.332736968994141,0.27,498,8.3,False
0.2767132520675659,0.006713241338729858,-0.01094675064086914,0.010563712567090988,-0.029958724975585938,0.601527214050293,-0.01889258623123169,0.2830406725406647,0.8663753867149353,0.17642664909362793,0.16001056134700775,5.0,0.06842327117919922,5.0,0.27,499,8.31667,False
0.2764657139778137,0.006465703248977661,-0.01096343994140625,0.011032866314053535,-0.03016376495361328,0.5397558808326721,-0.043749213218688965,0.3161357641220093,0.930413544178009,0.01754598319530487,0.029343951493501663,5.0,2.3807945251464844,5.0,0.27,500,8.33333,False
0.2771698832511902,0.007169872522354126,-0.00941777229309082,0.007124174386262894,-0.0286407470703125,0.497374951839447,-0.015446305274963379,0.27862805128097534,1.389719009399414,0.10704772919416428,0.2189720720052719,5.0,-5.0,5.0,0.27,501,8.35,False
0.2782993018627167,0.008299291133880615,-0.00801539421081543,0.0032700435258448124,-0.027251482009887695,0.5323323607444763,0.0116499662399292,0.19476163387298584,1.4024707078933716,-0.6331587433815002,0.5480682253837585,5.0,-2.0921573638916016,5.0,0.27,502,8.36667,False
0.2790009379386902,0.009000927209854126,-0.008160591125488281,0.0029624574817717075,-0.02756524085998535,0.572024405002594,0.03238856792449951,0.10996314138174057,1.4711865186691284,-0.6702994108200073,0.006101291626691818,5.0,-5.0,5.0,0.27,503,8.38333,False
0.2804591953754425,0.010459184646606445,-0.00789332389831543,0.0012487636413425207,-0.02737879753112793,0.5594594478607178,0.02828603982925415,0.1708289384841919,1.6492146253585815,-0.17734447121620178,0.2746985852718353,5.0,1.2791523933410645,5.0,0.27,504,8.4,False
0.28161150217056274,0.011611491441726685,-0.007323026657104492,-0.0007948444690555334,-0.026856184005737305,0.5722430944442749,0.0180930495262146,0.23882675170898438,1.41563081741333,-0.5007233023643494,0.15913526713848114,5.0,5.0,5.0,0.27,505,8.41667,False
0.2813272774219513,0.011327266693115234,-0.007838726043701172,0.000525197945535183,-0.027547121047973633,0.6256394386291504,-0.011330068111419678,0.23540842533111572,1.0737888813018799,-1.0426300764083862,0.4105188846588135,-5.0,-3.3623580932617188,5.0,0.27,506,8.43333,False
0.2799375653266907,0.009937554597854614,-0.00834202766418457,0.002345222979784012,-0.028173446655273438,0.6453757286071777,-0.022251904010772705,0.18836934864521027,1.1759178638458252,-1.0991458892822266,0.013624366372823715,-0.16199874877929688,-5.0,5.0,0.27,507,8.45,False
0.2779814600944519,0.007981449365615845,-0.008936166763305664,0.004392240196466446,-0.028923988342285156,0.6660864353179932,-0.008970975875854492,0.13387617468833923,1.1107126474380493,-0.22729483246803284,0.7643760442733765,5.0,5.0,5.0,0.27,508,8.46667,False
0.2765524685382843,0.006552457809448242,-0.009352445602416992,0.005469531752169132,-0.029541015625,0.6341431736946106,0.02283400297164917,0.04607256129384041,0.9749044179916382,0.3628982603549957,0.36677175760269165,5.0,3.929588794708252,5.0,0.27,509,8.48333,False
0.276552677154541,0.006552666425704956,-0.01049184799194336,0.007255932781845331,-0.030947208404541016,0.6243239045143127,0.05005854368209839,0.002808940364047885,1.0752514600753784,0.41129666566848755,0.012411934323608875,1.8241729736328125,1.9789133071899414,1.9789133071899414,0.27,510,8.5,False
0.2776513993740082,0.007651388645172119,-0.011886358261108398,0.008945144712924957,-0.03259587287902832,0.5963481068611145,0.059862494468688965,0.05757151544094086,1.14866304397583,0.6673780679702759,0.0709669440984726,5.0,4.267315864562988,5.0,0.27,511,8.51667,False
0.2794415354728699,0.009441524744033813,-0.012442350387573242,0.008717421442270279,-0.033349037170410156,0.5524383783340454,0.0540350079536438,0.1927933692932129,1.1161524057388306,0.2954218089580536,0.1394083946943283,5.0,-3.299032211303711,5.0,0.27,512,8.53333,False
0.28100740909576416,0.0110073983669281,-0.011998176574707031,0.006649363785982132,-0.03300809860229492,0.543536365032196,0.018366634845733643,0.26596546173095703,1.54409921169281,-0.7062856554985046,1.1865562200546265,4.337484359741211,3.7288951873779297,4.337484359741211,0.27,513,8.55,False
0.2814861238002777,0.01148611307144165,-0.01179647445678711,0.005611971020698547,-0.03288984298706055,0.5411698222160339,-0.0044095516204833984,0.26742124557495117,1.7079041004180908,-1.5181093215942383,0.685889720916748,5.0,0.42522239685058594,5.0,0.27,514,8.56667,False
0.2812196910381317,0.011219680309295654,-0.010820388793945312,0.002994454000145197,-0.03187227249145508,0.5247524976730347,-0.015578269958496094,0.20681722462177277,1.667571783065796,-1.1984318494796753,0.10382037609815598,5.0,-5.0,5.0,0.27,515,8.58333,False
0.2809150516986847,0.010915040969848633,-0.009008169174194336,-0.0018108594231307507,-0.02995443344116211,0.531712532043457,0.013445019721984863,0.14785583317279816,1.4980137348175049,-0.2708228826522827,0.8892083168029785,5.0,5.0,5.0,0.27,516,8.6,False
0.28065603971481323,0.010656028985977173,-0.00867152214050293,-0.003542741294950247,-0.029733896255493164,0.5663290023803711,0.0281524658203125,0.042528338730335236,1.4702417850494385,-0.10327403992414474,0.028843892738223076,2.7373790740966797,-3.069547653198242,3.069547653198242,0.27,517,8.61667,False
0.2803857624530792,0.010385751724243164,-0.010587692260742188,-0.0006552156992256641,-0.03201150894165039,0.6170037388801575,0.06653028726577759,-0.01745196059346199,1.3918401002883911,0.1969355046749115,0.09627260267734528,5.0,-3.0230555534362793,5.0,0.27,518,8.63333,False
0.2802291512489319,0.010229140520095825,-0.013143777847290039,0.003775116056203842,-0.034952402114868164,0.6142934560775757,0.04763662815093994,0.0793687254190445,1.1803346872329712,0.4179486632347107,0.09358135610818863,5.0,5.0,5.0,0.27,519,8.65,False
0.2803163528442383,0.010316342115402222,-0.014810800552368164,0.006831595674157143,-0.036942243576049805,0.5595786571502686,0.01967519521713257,0.2546994090080261,1.2115024328231812,0.062164727598428726,0.12755362689495087,5.0,3.8835856914520264,5.0,0.27,520,8.66667,False
0.28035473823547363,0.010354727506637573,-0.015519142150878906,0.008374202996492386,-0.03788185119628906,0.556934654712677,-0.005091607570648193,0.28452014923095703,1.3620939254760742,-1.1032649278640747,1.380904197692871,5.0,-0.9853000640869141,5.0,0.27,521,8.68333,False
0.2798852324485779,0.009885221719741821,-0.014605522155761719,0.006044828332960606,-0.0369415283203125,0.5019324421882629,-0.011409103870391846,0.2530330419540405,1.8631912469863892,-1.0496019124984741,0.2539782226085663,5.0,-2.9662857055664062,5.0,0.27,522,8.7,False
0.27921608090400696,0.009216070175170898,-0.011710405349731445,-0.00044264132156968117,-0.03383779525756836,0.5088631510734558,-0.027830183506011963,0.19135402143001556,1.274740219116211,-0.41578400135040283,0.7479997873306274,5.0,0.28707122802734375,5.0,0.27,523,8.71667,False
0.2785753607749939,0.008575350046157837,-0.011301517486572266,-0.0016593770124018192,-0.033562660217285156,0.5252339839935303,-0.004262268543243408,0.17580260336399078,1.5482064485549927,0.7323083281517029,1.3928996324539185,2.284872055053711,5.0,5.0,0.27,524,8.73333,False
0.278864324092865,0.00886431336402893,-0.011542797088623047,-0.0015865457244217396,-0.03400158882141113,0.5026421546936035,-0.005366325378417969,0.17124798893928528,1.616824984550476,0.23052674531936646,0.2564932703971863,5.0,0.1497941017150879,5.0,0.27,525,8.75,False
0.2789638638496399,0.008963853120803833,-0.01318502426147461,0.0013573733158409595,-0.035979509353637695,0.5656800270080566,0.023787856101989746,0.1477883905172348,1.829986333847046,-0.406795859336853,0.45161786675453186,0.5807914733886719,-1.3116607666015625,1.3116607666015625,0.27,526,8.76667,False
0.27954310178756714,0.009543091058731079,-0.012317180633544922,-0.0008077993988990784,-0.03514456748962402,0.5255831480026245,-0.005136072635650635,0.23491431772708893,1.5163564682006836,-0.5268088579177856,0.1127668097615242,-5.0,0.052978515625,5.0,0.27,527,8.78333,False
0.2800526022911072,0.010052591562271118,-0.011743307113647461,-0.001991149503737688,-0.03461956977844238,0.5466246604919434,-0.006494045257568359,0.24978896975517273,1.3491222858428955,-0.8217269778251648,0.1149439737200737,5.0,-3.792011260986328,5.0,0.27,528,8.8,False
0.28019067645072937,0.01019066572189331,-0.010862112045288086,-0.0035828067921102047,-0.033699750900268555,0.5547230243682861,-0.020634174346923828,0.22753484547138214,1.3853315114974976,-0.9375637769699097,0.014729272574186325,5.0,-3.8697052001953125,5.0,0.27,529,8.81667,False
0.28023624420166016,0.010236233472824097,-0.009495258331298828,-0.006250486709177494,-0.032209157943725586,0.591538667678833,-0.005210459232330322,0.16354288160800934,1.5940051078796387,-1.2090790271759033,0.11726519465446472,5.0,-3.4058055877685547,5.0,0.27,530,8.83333,False
0.2793511748313904,0.009351164102554321,-0.009276151657104492,-0.006473151966929436,-0.03208279609680176,0.6702277064323425,0.006242096424102783,0.045068830251693726,1.324957251548767,-0.41423964500427246,0.7041563987731934,-4.1722564697265625,-5.0,5.0,0.27,531,8.85,False
0.27796486020088196,0.007964849472045898,-0.011582612991333008,-0.0015108473598957062,-0.03479576110839844,0.7414974570274353,0.041658103466033936,-0.015214016661047935,0.9428557753562927,0.03802923485636711,0.3505486845970154,5.0,-2.1290194988250732,5.0,0.27,532,8.86667,False
0.27654674649238586,0.006546735763549805,-0.01427769660949707,0.004229020327329636,-0.03787708282470703,0.7251526117324829,0.04102438688278198,0.017935551702976227,1.048300862312317,0.39884576201438904,0.14130723476409912,5.0,3.354130744934082,5.0,0.27,533,8.88333,False
0.2761549651622772,0.006154954433441162,-0.016258955001831055,0.008243855088949203,-0.040175437927246094,0.6832542419433594,0.01219940185546875,0.1479693204164505,0.9015103578567505,0.6015874147415161,0.0626516342163086,5.0,5.0,5.0,0.27,534,8.9,False
0.27656686305999756,0.006566852331161499,-0.016301631927490234,0.008461356163024902,-0.04033970832824707,0.6263100504875183,0.0008238554000854492,0.22508502006530762,1.058821439743042,-0.15843796730041504,0.6023853421211243,5.0,0.9086465835571289,5.0,0.27,535,8.91667,False
0.27719739079475403,0.007197380065917969,-0.015310287475585938,0.006783474236726761,-0.039339303970336914,0.6030566096305847,-0.0098227858543396,0.20761625468730927,1.1535321474075317,-1.115256667137146,0.9244721531867981,4.274272918701172,0.9324169158935547,4.274272918701172,0.27,536,8.93333,False
0.2777099311351776,0.007709920406341553,-0.013775110244750977,0.0040992433205246925,-0.037679433822631836,0.5846192836761475,-0.008971929550170898,0.1898692548274994,1.3156183958053589,-0.8357715606689453,0.10438387840986252,1.071603775024414,5.0,5.0,0.27,537,8.95,False
0.27773693203926086,0.007736921310424805,-0.01280355453491211,0.0026091202162206173,-0.036679983139038086,0.6071245074272156,-0.023233652114868164,0.14381150901317596,0.9937780499458313,-0.3699226677417755,0.3205963969230652,5.0,1.3252696990966797,5.0,0.27,538,8.96667,False
0.2772420346736908,0.007242023944854736,-0.01271367073059082,0.0029932325705885887,-0.03670763969421387,0.6438941955566406,-0.014112472534179688,0.08599519729614258,1.2070553302764893,-0.07835952192544937,0.13049627840518951,5.0,3.2231431007385254,5.0,0.27,539,8.98333,False
0.276673287153244,0.006673276424407959,-0.013609647750854492,0.005180933512747288,-0.037806034088134766,0.6763017177581787,0.00777047872543335,0.03253011405467987,1.1372616291046143,-0.21045517921447754,0.022320427000522614,5.0,-2.0233726501464844,5.0,0.27,540,9.0,False
0.27581846714019775,0.005818456411361694,-0.016118526458740234,0.010438192635774612,-0.04066729545593262,0.7165517807006836,0.024986565113067627,0.048613935708999634,0.9673577547073364,0.06902538239955902,0.106976717710495,5.0,-2.1517927646636963,5.0,0.27,541,9.01667,False
0.2758755385875702,0.005875527858734131,-0.01680135726928711,0.01208766270428896,-0.04151725769042969,0.628080427646637,0.0056528449058532715,0.20193620026111603,1.016455888748169,0.49273380637168884,0.18193946778774261,5.0,5.0,5.0,0.27,542,9.03333,False
0.2768395245075226,0.0068395137786865234,-0.016228199005126953,0.011212284676730633,-0.041033267974853516,0.577117919921875,-0.016654908657073975,0.2725163996219635,1.0183953046798706,-0.2714499533176422,0.5839805603027344,-5.0,-0.6867704391479492,5.0,0.27,543,9.05,False
0.2779942452907562,0.007994234561920166,-0.014413118362426758,0.007857954129576683,-0.03915214538574219,0.5899666547775269,-0.024271070957183838,0.27617403864860535,1.227202296257019,-0.9660365581512451,0.5260509848594666,5.0,-2.4630279541015625,5.0,0.27,544,9.06667,False
0.27844348549842834,0.008443474769592285,-0.012073278427124023,0.003798167686909437,-0.036606550216674805,0.5855435729026794,-0.03204226493835449,0.256064236164093,1.2121450901031494,-1.0224636793136597,0.003410739591345191,5.0,-2.7070960998535156,5.0,0.27,545,9.08333,False
0.2779216468334198,0.00792163610458374,-0.011001825332641602,0.0025666235014796257,-0.035489797592163086,0.6409857273101807,-0.03259766101837158,0.16403602063655853,0.9543805718421936,-0.46016210317611694,0.38262560963630676,5.0,-3.2119760513305664,5.0,0.27,546,9.1,False
0.2770066261291504,0.007006615400314331,-0.011314153671264648,0.003912508022040129,-0.03596639633178711,0.7056924104690552,-0.0006589889526367188,0.07509193569421768,1.1197680234909058,-0.3271940052509308,0.045033521950244904,5.0,-5.0,5.0,0.27,547,9.11667,False
0.2761337161064148,0.006133705377578735,-0.01279759407043457,0.007122344337403774,-0.03772449493408203,0.7314736843109131,0.02055305242538452,0.013022665865719318,1.0415841341018677,-0.10808710008859634,0.05412055924534798,5.0,0.5369482040405273,5.0,0.27,548,9.13333,False
0.2757469117641449,0.005746901035308838,-0.015245676040649414,0.011916056275367737,-0.04052591323852539,0.7075057029724121,0.03359037637710571,0.0657162070274353,0.7403526306152344,0.7346048355102539,0.8008701801300049,5.0,5.0,5.0,0.27,549,9.15,False
0.2765154540538788,0.006515443325042725,-0.01585531234741211,0.013274721801280975,-0.04130244255065918,0.6583934426307678,0.029398083686828613,0.1838632971048355,0.7680239081382751,1.0181246995925903,0.08114921301603317,5.0,5.0,5.0,0.27,550,9.16667,False
0.27711421251296997,0.007114201784133911,-0.01629805564880371,0.014402075670659542,-0.04191875457763672,0.61734539270401,-0.017161130905151367,0.2734326124191284,0.7673562169075012,-0.04872741550207138,1.1381738185882568,3.826549530029297,3.0999069213867188,3.826549530029297,0.27,551,9.18333,False
0.2776421010494232,0.007642090320587158,-0.0160675048828125,0.014353173784911633,-0.04178214073181152,0.5856896638870239,-0.0240439772605896,0.28303608298301697,1.1332786083221436,-0.6961330771446228,0.5530332922935486,4.60936164855957,2.949899673461914,4.60936164855957,0.27,552,9.2,False
0.27776995301246643,0.007769942283630371,-0.014527559280395508,0.011973930522799492,-0.0401463508605957,0.5715093016624451,-0.04456096887588501,0.2604830861091614,1.2886097431182861,-1.05715811252594,0.15446683764457703,0.0023021697998046875,-2.071683883666992,2.071683883666992,0.27,553,9.21667,False
0.2773530185222626,0.007353007793426514,-0.01288461685180664,0.009354517795145512,-0.03841543197631836,0.5876072645187378,-0.040648818016052246,0.16628985106945038,0.9763972163200378,-0.41820967197418213,0.5057317614555359,5.0,-0.08753013610839844,5.0,0.27,554,9.23333,False
0.2772550880908966,0.007255077362060547,-0.012044906616210938,0.007803343236446381,-0.03762340545654297,0.5957255363464355,-0.0038744211196899414,0.06577032059431076,1.071987271308899,-0.027798786759376526,0.1615581214427948,5.0,-1.493095874786377,5.0,0.27,555,9.25,False
0.27754366397857666,0.007543653249740601,-0.013527870178222656,0.00991462729871273,-0.03940987586975098,0.6385272741317749,0.03936105966567993,-0.023034321144223213,1.2735679149627686,0.1148247942328453,0.060976237058639526,2.620359420776367,-3.0142910480499268,3.0142910480499268,0.27,556,9.26667,False
0.2780429422855377,0.00804293155670166,-0.016077280044555664,0.01363492663949728,-0.04230999946594238,0.6397468447685242,0.057461321353912354,0.03367502987384796,1.2255918979644775,0.44154998660087585,0.10905104875564575,5.0,1.221282958984375,5.0,0.27,557,9.28333,False
0.2791123688220978,0.009112358093261719,-0.016815662384033203,0.013916771858930588,-0.043234825134277344,0.5876846313476562,0.03049015998840332,0.17334438860416412,1.3114421367645264,0.16465239226818085,0.08404254913330078,5.0,0.1942763328552246,5.0,0.27,558,9.3,False
0.28022703528404236,0.010227024555206299,-0.016146183013916016,0.011845694854855537,-0.042634010314941406,0.5585858821868896,0.01481848955154419,0.23909252882003784,1.5355528593063354,-0.46829473972320557,0.45084771513938904,-5.0,-1.5882177352905273,5.0,0.27,559,9.31667,False
0.28069907426834106,0.010699063539505005,-0.014589786529541016,0.008415766060352325,-0.04099392890930176,0.554476261138916,-0.0004258155822753906,0.2508300840854645,1.481453537940979,-1.2694894075393677,0.6448395848274231,5.0,-2.4461231231689453,5.0,0.27,560,9.33333,False
0.28081732988357544,0.01081731915473938,-0.011821508407592773,0.0027749184519052505,-0.03791666030883789,0.5301297307014465,-0.0076111555099487305,0.1991943120956421,1.8413989543914795,-1.0205005407333374,0.1915561556816101,5.0,-5.0,5.0,0.27,561,9.35,False
0.2809671461582184,0.010967135429382324,-0.009036540985107422,-0.002925983164459467,-0.03491020202636719,0.5554417967796326,-0.002522766590118408,0.1452237367630005,1.7454293966293335,-0.07476986199617386,0.903616726398468,4.646005630493164,5.0,5.0,0.27,562,9.36667,False
0.2807799279689789,0.010779917240142822,-0.009100675582885742,-0.0033699809573590755,-0.035130977630615234,0.6279764771461487,0.033330559730529785,0.0842316672205925,1.275144338607788,-0.02147188037633896,0.224008709192276,5.0,-1.8386001586914062,5.0,0.27,563,9.38333,False
0.27992162108421326,0.009921610355377197,-0.011469125747680664,0.00038425810635089874,-0.037918806076049805,0.6874420642852783,0.052136778831481934,0.03139221668243408,1.5823338031768799,-0.12880516052246094,0.10588579624891281,5.0,-5.0,5.0,0.27,564,9.4,False
0.2790144085884094,0.009014397859573364,-0.013871908187866211,0.004468461498618126,-0.04068946838378906,0.663988471031189,0.018595218658447266,0.12496607005596161,1.04444420337677,0.3266114890575409,0.4967295527458191,5.0,5.0,5.0,0.27,565,9.41667,False
0.27835071086883545,0.00835070013999939,-0.016530752182006836,0.00919337011873722,-0.04377627372741699,0.6242815256118774,-0.0019254088401794434,0.26476359367370605,0.9077873229980469,-0.025704018771648407,0.14280132949352264,5.0,5.0,5.0,0.27,566,9.43333,False
0.2781468331813812,0.008146822452545166,-0.016851425170898438,0.00987198669463396,-0.04428863525390625,0.5770167112350464,-0.02619260549545288,0.30969902873039246,1.3730523586273193,-0.6890779137611389,0.6565364599227905,3.6695194244384766,-2.441438674926758,3.6695194244384766,0.27,567,9.45,False
0.27815940976142883,0.008159399032592773,-0.014082193374633789,0.004816773347556591,-0.04124569892883301,0.5247253179550171,-0.03821158409118652,0.24277904629707336,1.6842851638793945,-1.1797693967819214,0.33764398097991943,5.0,-2.2962474822998047,5.0,0.27,568,9.46667,False
0.278795063495636,0.008795052766799927,-0.010034799575805664,-0.002851868513971567,-0.036782264709472656,0.50582355260849,-0.02062094211578369,0.2001645863056183,1.802394151687622,0.4921553432941437,2.809281826019287,5.0,5.0,5.0,0.27,569,9.48333,False
0.27844488620758057,0.008444875478744507,-0.011075735092163086,-0.001117075327783823,-0.038146257400512695,0.5807061791419983,-0.020479679107666016,0.19427676498889923,0.6064003705978394,0.6740549802780151,1.4634885787963867,0.21645355224609375,5.0,5.0,0.27,570,9.5,False
0.27683767676353455,0.006837666034698486,-0.014674186706542969,0.005546374246478081,-0.042374610900878906,0.6318390369415283,-0.008735954761505127,0.14341670274734497,2.0507166385650635,0.33011549711227417,2.2043440341949463,0.4706268310546875,-1.9664573669433594,1.9664573669433594,0.27,571,9.51667,False
0.2764032483100891,0.006403237581253052,-0.014261245727539062,0.004990505985915661,-0.04204416275024414,0.5530047416687012,-0.03282374143600464,0.2487788051366806,2.062122344970703,-0.5525486469268799,0.7792261242866516,5.0,-5.0,5.0,0.27,572,9.53333,False
0.27714309096336365,0.007143080234527588,-0.011888742446899414,0.0008515599183738232,-0.039508819580078125,0.5383913516998291,-0.03362768888473511,0.27891144156455994,1.3876677751541138,-0.23051458597183228,0.5585948824882507,5.0,-5.0,5.0,0.27,573,9.55,False
0.27842071652412415,0.008420705795288086,-0.008857011795043945,-0.004454938694834709,-0.03621864318847656,0.5260697603225708,-0.03632950782775879,0.2831052839756012,1.0877524614334106,-0.5281600952148438,0.17854204773902893,5.0,0.8795795440673828,5.0,0.27,574,9.56667,False
0.2799263596534729,0.00992634892463684,-0.006432294845581055,-0.008734915405511856,-0.03357648849487305,0.5665897130966187,-0.019869208335876465,0.21275749802589417,1.8951507806777954,-1.2894799709320068,1.2315000295639038,5.0,-1.3984699249267578,5.0,0.27,575,9.58333,False
0.2805134952068329,0.010513484477996826,-0.006103515625,-0.009315835312008858,-0.03329920768737793,0.671818196773529,0.016898274421691895,0.11063998937606812,1.900072693824768,-0.9886581897735596,0.09051796793937683,5.0,-5.0,5.0,0.27,576,9.6,False
0.2794853448867798,0.009485334157943726,-0.008702278137207031,-0.004610976204276085,-0.03635668754577637,0.7407828569412231,0.003735482692718506,0.08779999613761902,1.0144944190979004,-0.4385759234428406,1.0868394374847412,5.0,5.0,5.0,0.27,577,9.61667,False
0.27755069732666016,0.007550686597824097,-0.012384653091430664,0.0023039160296320915,-0.04059267044067383,0.7634109258651733,0.012197434902191162,0.14853911101818085,1.0715866088867188,0.0006912872195243835,0.1962152123451233,5.0,2.265709161758423,5.0,0.27,578,9.63333,False
0.27627602219581604,0.0062760114669799805,-0.013877153396606445,0.005398085340857506,-0.042382001876831055,0.6849991083145142,0.009694278240203857,0.2322334200143814,1.2710697650909424,0.2931872010231018,0.12534737586975098,5.0,5.0,5.0,0.27,579,9.65,False
0.2765161395072937,0.006516128778457642,-0.011496543884277344,0.0015669050626456738,-0.03985786437988281,0.6177681684494019,-0.0189782977104187,0.2559562921524048,1.0576447248458862,-0.40262743830680847,0.529708206653595,-5.0,5.0,5.0,0.27,580,9.66667,False
0.2781495153903961,0.008149504661560059,-0.007812738418579102,-0.0049763028509914875,-0.035849809646606445,0.5946651697158813,0.013313114643096924,0.212654247879982,1.332983374595642,-0.40192756056785583,0.07581186294555664,5.0,-1.614633560180664,5.0,0.27,581,9.68333,False
0.28068476915359497,0.010684758424758911,-0.004843950271606445,-0.010495049878954887,-0.03258800506591797,0.5765128135681152,0.000552058219909668,0.21590037643909454,1.3601921796798706,-0.24978876113891602,0.023886533454060555,5.0,-5.0,5.0,0.27,582,9.7,False
0.2822902500629425,0.012290239334106445,-0.005334138870239258,-0.010013192892074585,-0.0332489013671875,0.6695671081542969,0.022136032581329346,0.15467460453510284,1.4590588808059692,-0.5396283268928528,0.09378159791231155,5.0,-5.0,5.0,0.27,583,9.71667,False
0.28201398253440857,0.01201397180557251,-0.007905721664428711,-0.005305132828652859,-0.036253929138183594,0.73113614320755,0.009473621845245361,0.15621495246887207,1.456893801689148,-1.0771640539169312,0.2889493405818939,5.0,-4.155406951904297,5.0,0.27,584,9.73333,False
0.28051018714904785,0.010510176420211792,-0.011355876922607422,0.0014052707701921463,-0.04019761085510254,0.7653416395187378,-0.014411985874176025,0.20432104170322418,0.957277238368988,-0.665759265422821,0.41887062788009644,0.11905479431152344,-5.0,5.0,0.27,585,9.75,False
0.27769243717193604,0.007692426443099976,-0.014959335327148438,0.008722363039851189,-0.04427695274353027,0.7454978227615356,-0.032649338245391846,0.23288580775260925,0.6417806148529053,-0.45530247688293457,0.14383018016815186,0.010377883911132812,-5.0,5.0,0.27,586,9.76667,False
0.2755008339881897,0.005500823259353638,-0.0155181884765625,0.010492829605937004,-0.04503273963928223,0.646460771560669,-0.027726292610168457,0.19891662895679474,0.8999423384666443,0.17360913753509521,0.4621772766113281,5.0,1.4646143913269043,5.0,0.27,587,9.78333,False
0.2750941514968872,0.0050941407680511475,-0.013279199600219727,0.006907309405505657,-0.04271101951599121,0.5958291888237,0.00019419193267822266,0.13938532769680023,1.2520033121109009,0.4414227306842804,0.19567105174064636,5.0,-1.1059093475341797,5.0,0.27,588,9.8,False
0.27563220262527466,0.005632191896438599,-0.013971805572509766,0.007434797007590532,-0.04369544982910156,0.5959128141403198,0.02458822727203369,0.058528635650873184,1.241980791091919,0.6041836738586426,0.026591574773192406,2.689952850341797,1.94390869140625,2.689952850341797,0.27,589,9.81667,False
0.2768254578113556,0.006825447082519531,-0.015578985214233398,0.008975681848824024,-0.04560542106628418,0.6004040241241455,0.053294837474823,0.09992732852697372,1.5710855722427368,-0.0830530896782875,0.5806043148040771,5.0,-1.2382590770721436,5.0,0.27,590,9.83333,False
0.2784373462200165,0.00843733549118042,-0.014006376266479492,0.005482770502567291,-0.04395294189453125,0.5555646419525146,0.01891636848449707,0.22613264620304108,1.639304518699646,-0.36934566497802734,0.08661726862192154,5.0,5.0,5.0,0.27,591,9.85,False
0.27948588132858276,0.009485870599746704,-0.01356959342956543,0.004218798130750656,-0.043543100357055664,0.5847859382629395,-0.007844150066375732,0.27374139428138733,1.4701422452926636,-1.0540539026260376,0.49744123220443726,3.5273590087890625,-0.8223228454589844,3.5273590087890625,0.27,592,9.86667,False
0.2794775366783142,0.00947752594947815,-0.013141870498657227,0.0032471278682351112,-0.04304981231689453,0.583833634853363,-0.009498119354248047,0.251861035823822,1.7489383220672607,-1.4114617109298706,0.2054675817489624,5.0,-5.0,5.0,0.27,593,9.88333,False
0.2790970206260681,0.009097009897232056,-0.01131749153137207,0.00014359690248966217,-0.041020870208740234,0.5930164456367493,0.003521442413330078,0.18275846540927887,1.6290022134780884,-0.9982746839523315,0.18510818481445312,5.0,-0.3111991882324219,5.0,0.27,594,9.9,False
0.27808278799057007,0.008082777261734009,-0.010759353637695312,-0.00099851842969656,-0.04055905342102051,0.6405237317085266,0.028628051280975342,0.045027054846286774,1.4326785802841187,-0.26271742582321167,0.579587459564209,5.0,3.0597147941589355,5.0,0.27,595,9.91667,False
0.277800589799881,0.007800579071044922,-0.011499881744384766,-0.0005170144140720367,-0.041578054428100586,0.6554528474807739,0.05070918798446655,-0.019803402945399284,1.5032885074615479,0.03477651625871658,0.09348840266466141,4.59893798828125,-3.6300859451293945,4.59893798828125,0.27,596,9.93333,False
0.2780744433403015,0.008074432611465454,-0.013744354248046875,0.0020823003724217415,-0.04420208930969238,0.6664416193962097,0.0717814564704895,-0.009473810903728008,1.4394125938415527,0.26311782002449036,0.05621988698840141,5.0,2.0703868865966797,5.0,0.27,597,9.95,False
0.2790611684322357,0.009061157703399658,-0.015894651412963867,0.004346742294728756,-0.04669594764709473,0.6299749612808228,0.06131225824356079,0.07487767189741135,1.3041011095046997,0.3458521366119385,0.02515416592359543,-5.0,2.3901376724243164,5.0,0.27,598,9.96667,False
0.2805244028568268,0.010524392127990723,-0.015235185623168945,0.002343294210731983,-0.04603004455566406,0.6147538423538208,0.0374295711517334,0.16544653475284576,1.6126587390899658,-0.495441198348999,0.8029822707176208,5.0,2.6903629302978516,5.0,0.27,599,9.98333,False
0.3091101050376892,-0.000889897346496582,-0.014738321304321289,-0.02306263893842697,0.022453784942626953,-0.32068297266960144,0.045543793588876724,0.46490612626075745,2.129207134246826,-0.2007615566253662,2.031424045562744,5.0,0.3861517906188965,5.0,0.31,120,2.0,False
0.3095036745071411,-0.0004963278770446777,-0.018064260482788086,-0.02664952352643013,0.01834869384765625,-0.2443547546863556,-0.002875467762351036,0.5455808043479919,0.9930898547172546,1.0329848527908325,2.812892436981201,5.0,5.0,5.0,0.31,121,2.01667,False
0.3091259002685547,-0.0008741021156311035,-0.01605224609375,-0.023958012461662292,0.02054595947265625,-0.20512503385543823,0.004166786093264818,0.5773582458496094,0.3707088828086853,0.8168144226074219,0.43408772349357605,5.0,5.0,5.0,0.31,122,2.03333,False
0.30977848172187805,-0.00022152066230773926,-0.0169370174407959,-0.024709928780794144,0.01930093765258789,-0.2634659707546234,0.01285659521818161,0.5787534713745117,0.7101812958717346,0.5450758337974548,0.18908338248729706,5.0,5.0,5.0,0.31,123,2.05,False
0.31131815910339355,0.0013181567192077637,-0.018847227096557617,-0.02674594707787037,0.016765594482421875,-0.2725735008716583,-0.01142740249633789,0.6172134280204773,0.17784029245376587,1.2039698362350464,0.717528223991394,3.059622049331665,5.0,5.0,0.31,124,2.06667,False
0.3128480613231659,0.0028480589389801025,-0.01801776885986328,-0.02560894563794136,0.017433881759643555,-0.24619406461715698,-0.01870073564350605,0.6683213710784912,-0.07936660945415497,0.9996040463447571,0.10792077332735062,3.6141207218170166,5.0,5.0,0.31,125,2.08333,False
0.3136114478111267,0.003611445426940918,-0.012664318084716797,-0.01909322664141655,0.023427963256835938,-0.2123894989490509,-0.050093092024326324,0.7593377232551575,-0.1194196343421936,0.796748697757721,0.04275453835725784,3.4836087226867676,5.0,5.0,0.31,126,2.1,False
0.31342291831970215,0.0034229159355163574,-0.004565000534057617,-0.009379356168210506,0.032529354095458984,-0.23143550753593445,-0.06599728018045425,0.828053891658783,-0.07763105630874634,0.9304596185684204,0.019624896347522736,1.3581733703613281,5.0,5.0,0.31,127,2.11667,False
0.3123992681503296,0.002399265766143799,0.0026924610137939453,-0.0008594919345341623,0.040496110916137695,-0.27800509333610535,-0.08768905699253082,0.8421322703361511,0.17710676789283752,0.649876058101654,0.14361849427223206,-0.2356705665588379,5.0,5.0,0.31,128,2.13333,False
0.31064921617507935,0.0006492137908935547,0.005609750747680664,0.0024544005282223225,0.04361271858215332,-0.3041321337223053,-0.06590054929256439,0.7083097696304321,0.11171458661556244,0.21878379583358765,0.19011667370796204,-0.2542576789855957,-0.4853534698486328,0.4853534698486328,0.31,129,2.15,False
0.3087366223335266,-0.0012633800506591797,0.0068950653076171875,0.00388402515091002,0.04511451721191406,-0.31249451637268066,0.00727817602455616,0.5478248596191406,0.14361195266246796,0.8148320913314819,0.3562910258769989,1.6995444297790527,-3.2607479095458984,3.2607479095458984,0.31,130,2.16667,False
0.3075675070285797,-0.002432495355606079,0.007987737655639648,0.005052100867033005,0.0464024543762207,-0.33211225271224976,0.02724446728825569,0.4928995966911316,0.29637524485588074,2.2077929973602295,1.9636766910552979,0.9412493705749512,2.604330062866211,2.604330062866211,0.31,131,2.18333,False
0.3074727952480316,-0.002527207136154175,0.007279872894287109,0.003942396957427263,0.0454864501953125,-0.3713819980621338,0.05468891188502312,0.49329066276550293,0.3933529555797577,1.7893799543380737,0.1844741553068161,4.695150852203369,4.716205596923828,4.716205596923828,0.31,132,2.2,False
0.3087368607521057,-0.0012631416320800781,0.0024929046630859375,-0.0023599949199706316,0.03970456123352051,-0.40241312980651855,0.049022626131772995,0.555968165397644,0.9634054899215698,1.1813617944717407,0.6946459412574768,5.0,5.0,5.0,0.31,133,2.21667,False
0.3102847933769226,0.0002847909927368164,-0.004635334014892578,-0.011531620286405087,0.031104326248168945,-0.39113351702690125,0.05645943433046341,0.579111635684967,1.3472684621810913,0.018424242734909058,1.49977445602417,5.0,3.214677095413208,5.0,0.31,134,2.23333,False
0.31161460280418396,0.001614600419998169,-0.011673688888549805,-0.020279424265027046,0.02249312400817871,-0.34080731868743896,0.07012973725795746,0.5810309052467346,1.4411754608154297,-0.931061863899231,0.9103424549102783,5.0,-5.0,5.0,0.31,135,2.25,False
0.3123358488082886,0.002335846424102783,-0.015665769577026367,-0.02474793791770935,0.01733112335205078,-0.2616997957229614,0.03715803846716881,0.5718451142311096,0.6647112369537354,-0.687127411365509,0.6624007225036621,5.0,-5.0,5.0,0.31,136,2.26667,False
0.31202733516693115,0.0020273327827453613,-0.014731407165527344,-0.022604458034038544,0.01804637908935547,-0.19343151152133942,0.019214296713471413,0.6163925528526306,0.1689295917749405,0.4579452574253082,1.5569908618927002,3.575127124786377,5.0,5.0,0.31,137,2.28333,False
0.31111109256744385,0.0011110901832580566,-0.0095977783203125,-0.015070249326527119,0.023710966110229492,-0.17965081334114075,-0.013844018802046776,0.657028079032898,-0.16535396873950958,0.9340430498123169,0.33841460943222046,-0.5609321594238281,5.0,5.0,0.31,138,2.3,False
0.3102363049983978,0.00023630261421203613,-0.0042116641998291016,-0.007294190116226673,0.029707908630371094,-0.210534930229187,0.01678304746747017,0.6180042028427124,-0.2446007877588272,1.2466098070144653,0.10397803783416748,2.014519214630127,5.0,5.0,0.31,139,2.31667,False
0.31024155020713806,0.0002415478229522705,-0.0015270709991455078,-0.0032586203888058662,0.03265714645385742,-0.2736271321773529,0.011294854804873466,0.5520434975624084,-0.2620859146118164,1.9357277154922485,0.4751892387866974,-1.0581297874450684,5.0,5.0,0.31,140,2.33333,False
0.31063520908355713,0.0006352066993713379,0.00042557716369628906,-0.0003144393558613956,0.03478574752807617,-0.28953680396080017,0.02810705453157425,0.4944860339164734,-0.17590345442295074,2.1576311588287354,0.05666855350136757,-0.6142234802246094,5.0,5.0,0.31,141,2.35,False
0.3108590543270111,0.0008590519428253174,0.002360820770263672,0.0025528676342219114,0.03690600395202637,-0.29832273721694946,0.0337822288274765,0.47816500067710876,-0.18245629966259003,2.03967547416687,0.013956483453512192,-3.570725202560425,5.0,5.0,0.31,142,2.36667,False
0.3113873302936554,0.0013873279094696045,0.002332925796508789,0.0025813370011746883,0.03665280342102051,-0.3452868163585663,0.003646623343229294,0.5425518155097961,0.12228520214557648,1.9064959287643433,0.1106041744351387,-1.6783392429351807,5.0,5.0,0.31,143,2.38333,False
0.3121241629123688,0.0021241605281829834,0.0008237361907958984,0.0003900595474988222,0.03461885452270508,-0.3622611165046692,-0.00644727423787117,0.5623476505279541,0.20862744748592377,1.4616056680679321,0.2053823173046112,1.485177993774414,5.0,5.0,0.31,144,2.4,False
0.31306108832359314,0.0030610859394073486,-0.0007634162902832031,-0.002106382278725505,0.03247261047363281,-0.380876749753952,-0.0005348734557628632,0.5703642964363098,0.21374480426311493,0.9793722033500671,0.23257529735565186,3.4192559719085693,5.0,5.0,0.31,145,2.41667,False
0.3142003118991852,0.00420030951499939,-0.002853870391845703,-0.00531470961868763,0.029758453369140625,-0.3824007511138916,0.0014136135578155518,0.5659111738204956,0.43503880500793457,0.7796037793159485,0.08887845277786255,2.4430904388427734,5.0,5.0,0.31,146,2.43333,False
0.3147428333759308,0.004742830991744995,-0.002880573272705078,-0.005483047571033239,0.029489517211914062,-0.31714770197868347,0.02897626906633377,0.5136973857879639,0.4519577920436859,0.5603843927383423,0.048343390226364136,5.0,0.5097827911376953,5.0,0.31,147,2.45,False
0.3144110441207886,0.004411041736602783,-0.0016908645629882812,-0.003555776784196496,0.030645370483398438,-0.27816832065582275,0.028109794482588768,0.5249636769294739,0.1908840388059616,0.44394952058792114,0.08171658962965012,5.0,1.6043357849121094,5.0,0.31,148,2.46667,False
0.31392282247543335,0.003922820091247559,-0.00045490264892578125,-0.0015974424313753843,0.031778573989868164,-0.30589035153388977,0.004163462668657303,0.6217695474624634,0.09526192396879196,0.9019442796707153,0.2189027965068817,5.0,5.0,5.0,0.31,149,2.48333,False
0.3134758770465851,0.003475874662399292,0.00039649009704589844,-0.00038462894735857844,0.032399892807006836,-0.3085322380065918,-0.011050168424844742,0.6708369851112366,0.04764365032315254,1.130502700805664,0.05450645089149475,2.1100821495056152,5.0,5.0,0.31,150,2.5,False
0.3132239878177643,0.003223985433578491,0.0007345676422119141,-9.427627082914114e-05,0.032422780990600586,-0.34122902154922485,-0.020608849823474884,0.6865798234939575,0.18304260075092316,0.8053140640258789,0.12408052384853363,3.095808506011963,5.0,5.0,0.31,151,2.51667,False
0.31360989809036255,0.003609895706176758,-0.0008542537689208984,-0.002810858655720949,0.0301971435546875,-0.3761206865310669,-0.012729190289974213,0.6867756843566895,0.3613875210285187,0.7836874723434448,0.03227462247014046,5.0,5.0,5.0,0.31,152,2.53333,False
0.31415241956710815,0.004152417182922363,-0.0018506050109863281,-0.0045377518981695175,0.02872610092163086,-0.3498542904853821,0.0035833269357681274,0.6102256774902344,0.2198517769575119,0.8855953812599182,0.030417587608098984,3.345024585723877,5.0,5.0,0.31,153,2.55,False
0.31437957286834717,0.004379570484161377,-0.00029015541076660156,-0.002292281948029995,0.030260562896728516,-0.3213766813278198,0.03577170521020889,0.560102641582489,0.11845424771308899,0.821882963180542,0.014340730383992195,4.717906951904297,3.5064449310302734,4.717906951904297,0.31,154,2.56667,False
0.31458690762519836,0.004586905241012573,0.0006394386291503906,-0.0008352301665581763,0.03105306625366211,-0.3319863975048065,0.037681519985198975,0.5808858871459961,0.1763860434293747,1.0351245403289795,0.048828061670064926,3.9018912315368652,5.0,5.0,0.31,155,2.58333,False
0.31492042541503906,0.0049204230308532715,3.504753112792969e-05,-0.0017709853127598763,0.02999567985534668,-0.350485235452652,0.010508298873901367,0.6520429253578186,0.39094310998916626,1.1941721439361572,0.07133087515830994,4.736586570739746,5.0,5.0,0.31,156,2.6,False
0.31477871537208557,0.00477871298789978,4.38690185546875e-05,-0.0018080634763464332,0.029586076736450195,-0.33656418323516846,-0.006992965936660767,0.7071523666381836,0.5092756152153015,0.4969121217727661,0.5001741051673889,3.9493751525878906,5.0,5.0,0.31,157,2.61667,False
0.3142707049846649,0.004270702600479126,-0.00011324882507324219,-0.002167344558984041,0.0289151668548584,-0.3338281512260437,-0.022942766547203064,0.7233813405036926,0.5555810928344727,-0.10124950855970383,0.3599415421485901,-0.48853111267089844,-0.9080479145050049,0.9080479145050049,0.31,158,2.63333,False
0.31392133235931396,0.003921329975128174,-0.0022923946380615234,-0.005655529908835888,0.02592301368713379,-0.3420807719230652,-0.009416356682777405,0.6962323784828186,0.558293879032135,0.1512041836977005,0.06374022364616394,1.841796875,4.199650287628174,4.199650287628174,0.31,159,2.65,False
0.3141317665576935,0.00413176417350769,-0.004797697067260742,-0.00964437797665596,0.022643089294433594,-0.32821184396743774,0.014535695314407349,0.6148694753646851,0.23970873653888702,0.7550535798072815,0.4661306142807007,0.4906773567199707,4.72047233581543,4.72047233581543,0.31,160,2.66667,False
0.31450551748275757,0.004505515098571777,-0.004134178161621094,-0.008212053216993809,0.0231783390045166,-0.2758663296699524,0.048982009291648865,0.4982464015483856,-0.033171962946653366,0.9570696353912354,0.11527436971664429,-1.037151575088501,5.0,5.0,0.31,161,2.68333,False
0.3150866627693176,0.005086660385131836,-0.0023097991943359375,-0.004550617188215256,0.025082826614379883,-0.27761518955230713,0.06223978474736214,0.47575488686561584,0.09637061506509781,1.4738678932189941,0.2838616967201233,1.713368535041809,5.0,5.0,0.31,162,2.7,False
0.31589609384536743,0.005896091461181641,-0.0012743473052978516,-0.0023809438571333885,0.025965213775634766,-0.30805447697639465,0.037549927830696106,0.5960870385169983,0.206063911318779,1.5796986818313599,0.023232776671648026,3.476619243621826,5.0,5.0,0.31,163,2.71667,False
0.3155951499938965,0.005595147609710693,0.001405954360961914,0.002124679973348975,0.028643369674682617,-0.26924842596054077,-0.010747179388999939,0.6854463219642639,0.32584574818611145,1.016439437866211,0.33160868287086487,-5.0,5.0,5.0,0.31,164,2.73333,False
0.313406378030777,0.0034063756465911865,0.006417989730834961,0.010357709601521492,0.03390789031982422,-0.2833033800125122,-0.03970780223608017,0.7068691253662109,0.472954660654068,0.05618254840373993,0.9437342882156372,-2.2799787521362305,3.0992212295532227,3.0992212295532227,0.31,165,2.75,False
0.31116101145744324,0.0011610090732574463,0.007344961166381836,0.01139649748802185,0.03450512886047363,-0.37281832098960876,-0.03654436767101288,0.6445899605751038,0.6695767045021057,-0.04164881259202957,0.048231203109025955,-2.516359329223633,1.0860801935195923,2.516359329223633,0.31,166,2.76667,False
0.3099113404750824,-8.866190910339355e-05,0.004143714904785156,0.005089258775115013,0.03055596351623535,-0.3917316794395447,-0.00016739964485168457,0.5494197607040405,0.4211755692958832,0.689881443977356,0.5968396663665771,-0.40073299407958984,5.0,5.0,0.31,167,2.78333,False
0.3090563118457794,-0.0009436905384063721,0.0036978721618652344,0.00394908431917429,0.029953956604003906,-0.31014955043792725,0.0320429652929306,0.4231473505496979,0.34458762407302856,1.4880285263061523,0.6429044604301453,-0.9200658798217773,4.897758483886719,4.897758483886719,0.31,168,2.8,False
0.30883675813674927,-0.0011632442474365234,0.0043087005615234375,0.0051299505867064,0.030533790588378906,-0.3254837989807129,0.06066928803920746,0.3929275870323181,0.691495954990387,1.3117142915725708,0.1514320969581604,5.0,5.0,5.0,0.31,169,2.81667,False
0.3104495704174042,0.0004495680332183838,0.0014765262603759766,0.00014197500422596931,0.02696990966796875,-0.37902575731277466,0.055605337023735046,0.4876362085342407,1.1572564840316772,1.2645456790924072,0.21915774047374725,5.0,5.0,5.0,0.31,170,2.83333,False
0.31210610270500183,0.00210610032081604,-0.0019125938415527344,-0.005998299922794104,0.022629261016845703,-0.34683722257614136,0.04838213324546814,0.5576146841049194,1.0785560607910156,0.13127076625823975,1.2905057668685913,-5.0,4.33074426651001,5.0,0.31,171,2.85,False
0.31290751695632935,0.0029075145721435547,-0.005524635314941406,-0.0122211379930377,0.017975807189941406,-0.27954062819480896,0.027628131210803986,0.5889638066291809,1.2150218486785889,-0.9334334135055542,1.1522178649902344,5.0,-5.0,5.0,0.31,172,2.86667,False
0.31280383467674255,0.0028038322925567627,-0.007632255554199219,-0.015360835008323193,0.014996051788330078,-0.22529934346675873,0.01723642647266388,0.5715224146842957,0.7084286212921143,-1.0194904804229736,0.26404252648353577,5.0,-5.0,5.0,0.31,173,2.88333,False
0.311916321516037,0.0019163191318511963,-0.007288932800292969,-0.013824660331010818,0.014936447143554688,-0.19316664338111877,0.018719255924224854,0.5933474898338318,0.3667412996292114,0.29112741351127625,1.8344695568084717,3.602879524230957,1.9089431762695312,3.602879524230957,0.31,174,2.9,False
0.3110825717449188,0.0010825693607330322,-0.00648188591003418,-0.011462303809821606,0.01547861099243164,-0.19711272418498993,0.017949722707271576,0.6076986193656921,0.13094457983970642,0.9959746599197388,0.5524097084999084,0.8330597877502441,5.0,5.0,0.31,175,2.91667,False
0.3104512095451355,0.00045120716094970703,-0.00501704216003418,-0.007637153845280409,0.016944408416748047,-0.17280152440071106,0.031803496181964874,0.4719676673412323,-0.03438908979296684,1.0913153886795044,0.03642507642507553,-3.4906883239746094,5.0,5.0,0.31,176,2.93333,False
0.3109796345233917,0.0009796321392059326,-0.0032393932342529297,-0.003068480873480439,0.018820524215698242,-0.23046401143074036,0.055123165249824524,0.42553919553756714,-0.24494345486164093,2.061356544494629,0.9853129982948303,-5.0,5.0,5.0,0.31,177,2.95,False
0.3126199245452881,0.002619922161102295,-0.002696514129638672,-0.0013470263220369816,0.019156694412231445,-0.27589094638824463,0.02682974934577942,0.4822274148464203,-0.07935325801372528,2.316615104675293,0.09257704019546509,1.3883650302886963,5.0,5.0,0.31,178,2.96667,False
0.3133419156074524,0.0033419132232666016,-0.0009274482727050781,0.0024520375300198793,0.020819425582885742,-0.2582874000072479,0.0019270330667495728,0.563209593296051,0.12100531160831451,1.8131858110427856,0.2935846149921417,-0.22113847732543945,5.0,5.0,0.31,179,2.98333,False
0.3119320869445801,0.0019320845603942871,0.0027854442596435547,0.009672300890088081,0.02468585968017578,-0.2706838548183441,-0.05126181244850159,0.6139916181564331,0.3151237368583679,0.667984664440155,1.3491677045822144,-2.77728271484375,5.0,5.0,0.31,180,3.0,False
0.31001850962638855,1.850724220275879e-05,0.0052297115325927734,0.013779154978692532,0.027065753936767578,-0.33561527729034424,-0.07417918741703033,0.5904250144958496,0.7255897521972656,0.14636987447738647,0.4405643343925476,-0.11948585510253906,4.850304126739502,4.850304126739502,0.31,181,3.01667,False
0.30852940678596497,-0.0014705955982208252,0.003644227981567383,0.009183092042803764,0.024939537048339844,-0.3869565725326538,-0.010535329580307007,0.4661771357059479,0.7267577648162842,0.138103187084198,6.97023788234219e-05,-5.0,-1.6864051818847656,5.0,0.31,182,3.03333,False
0.30754852294921875,-0.002451479434967041,0.0022439956665039062,0.005102145951241255,0.02319788932800293,-0.3366820514202118,0.014900624752044678,0.3472963571548462,0.5810818672180176,0.8801088333129883,0.5717938542366028,4.376483917236328,5.0,5.0,0.31,183,3.05,False
0.30715176463127136,-0.0028482377529144287,0.0021505355834960938,0.004572729580104351,0.02301478385925293,-0.2991299033164978,0.032618336379528046,0.29318901896476746,0.5820187926292419,1.2914355993270874,0.16919058561325073,5.0,5.0,5.0,0.31,184,3.06667,False
0.3078702390193939,-0.00212976336479187,0.001032114028930664,0.002101701684296131,0.021548032760620117,-0.3275178074836731,0.04157780855894089,0.3316105306148529,1.0960803031921387,1.1224228143692017,0.29282456636428833,5.0,5.0,5.0,0.31,185,3.08333,False
0.3097894489765167,-0.00021055340766906738,-0.0018587112426757812,-0.004392580129206181,0.01788616180419922,-0.3325585722923279,0.04229933023452759,0.42191776633262634,1.5795433521270752,0.3074156641960144,0.8979731798171997,1.2853050231933594,3.736725330352783,3.736725330352783,0.31,186,3.1,False
0.31134653091430664,0.0013465285301208496,-0.005261659622192383,-0.012052392587065697,0.013547897338867188,-0.27742382884025574,0.05104483664035797,0.4647962749004364,1.5664160251617432,-0.8244211077690125,1.2812268733978271,-5.0,5.0,5.0,0.31,187,3.11667,False
0.3119005858898163,0.0019005835056304932,-0.006649017333984375,-0.015042188577353954,0.011513471603393555,-0.21394771337509155,0.056975021958351135,0.46900951862335205,1.2670695781707764,-0.9054856300354004,0.09617975354194641,5.0,-5.0,5.0,0.31,188,3.13333,False
0.31190580129623413,0.0019057989120483398,-0.0066678524017333984,-0.01471306849271059,0.011082172393798828,-0.17589253187179565,0.05860239267349243,0.42639899253845215,1.1386314630508423,-0.1822403371334076,0.5395800471305847,5.0,-0.030417442321777344,5.0,0.31,189,3.15,False
0.31196698546409607,0.0019669830799102783,-0.006837129592895508,-0.014495371840894222,0.010549068450927734,-0.19169935584068298,0.033859845250844955,0.3768318295478821,0.682695746421814,0.2881828844547272,0.42917537689208984,5.0,5.0,5.0,0.31,190,3.16667,False
0.3124104142189026,0.002410411834716797,-0.007638692855834961,-0.015334486961364746,0.009428739547729492,-0.1730734407901764,0.05456117168068886,0.2722472846508026,0.3268194794654846,0.4519283175468445,0.15346048772335052,0.7624959945678711,5.0,5.0,0.31,191,3.18333,False
0.31307724118232727,0.0030772387981414795,-0.007422447204589844,-0.01315425243228674,0.009584903717041016,-0.16219258308410645,0.06879725307226181,0.20261795818805695,0.04988166317343712,1.1437214612960815,0.5552723407745361,-2.772493839263916,5.0,5.0,0.31,192,3.2,False
0.3141466975212097,0.004146695137023926,-0.0068013668060302734,-0.010140215046703815,0.010145187377929688,-0.18481740355491638,0.040573570877313614,0.2902531623840332,0.06518785655498505,1.7667810916900635,0.38843756914138794,1.2065200805664062,5.0,5.0,0.31,193,3.21667,False
0.3142411410808563,0.004241138696670532,-0.004303693771362305,-0.0032910164445638657,0.012789487838745117,-0.16345542669296265,1.8052756786346436e-05,0.39806821942329407,0.2758629024028778,1.4110504388809204,0.17092826962471008,0.1574230194091797,5.0,5.0,0.31,194,3.23333,False
0.31258633732795715,0.0025863349437713623,-0.00026607513427734375,0.006568169686943293,0.017163991928100586,-0.19453677535057068,-0.04466331750154495,0.45990321040153503,0.2692573368549347,0.6749188899993896,0.5419332981109619,-0.008365631103515625,5.0,5.0,0.31,195,3.25,False
0.3105151653289795,0.0005151629447937012,0.002572774887084961,0.012627867981791496,0.020102977752685547,-0.26803600788116455,-0.07381580770015717,0.4480469226837158,0.48656243085861206,0.14167240262031555,0.33157336711883545,-0.1307210922241211,5.0,5.0,0.31,196,3.26667,False
0.308910995721817,-0.0010890066623687744,0.0024678707122802734,0.010780854150652885,0.01975846290588379,-0.3429590165615082,-0.03138880431652069,0.3176811933517456,0.5500423312187195,0.32306528091430664,0.03693307563662529,-0.14369773864746094,3.8378381729125977,3.8378381729125977,0.31,197,3.28333,False
0.3080465495586395,-0.0019534528255462646,0.0011179447174072266,0.005786556750535965,0.018154621124267578,-0.32485994696617126,-0.006179392337799072,0.20931708812713623,0.5772579312324524,1.2210878133773804,0.807185173034668,2.417989730834961,5.0,5.0,0.31,198,3.3,False
0.3077399730682373,-0.0022600293159484863,0.0008766651153564453,0.004479298833757639,0.017862796783447266,-0.28254544734954834,0.020444005727767944,0.1528605818748474,0.6755477786064148,1.407220721244812,0.044306352734565735,5.0,5.0,5.0,0.31,199,3.31667,False
0.3082209527492523,-0.0017790496349334717,-0.0001342296600341797,0.0017854692414402962,0.016613483428955078,-0.2952269911766052,0.03715021163225174,0.20323215425014496,1.2441400289535522,1.0062599182128906,0.4840667247772217,5.0,5.0,5.0,0.31,200,3.33333,False
0.3098111152648926,-0.0001888871192932129,-0.0029757022857666016,-0.005844013765454292,0.013106346130371094,-0.3076223134994507,0.03621859848499298,0.294710636138916,1.5625272989273071,0.2565629482269287,0.6634160280227661,5.0,3.9966464042663574,5.0,0.31,201,3.35,False
0.3112862706184387,0.0012862682342529297,-0.006081104278564453,-0.01403423398733139,0.009173393249511719,-0.23785628378391266,0.030201934278011322,0.34748196601867676,1.5024858713150024,-0.7295956611633301,0.9761137366294861,5.0,-2.785449981689453,5.0,0.31,202,3.36667,False
0.3113632798194885,0.0013632774353027344,-0.007659435272216797,-0.01799219660460949,0.006997346878051758,-0.1503918319940567,0.04694569855928421,0.36826568841934204,1.0557245016098022,-0.8849836587905884,0.22374114394187927,5.0,-2.861024856567383,5.0,0.31,203,3.38333,False
0.3106692135334015,0.0006692111492156982,-0.0072019100189208984,-0.01608119159936905,0.007213115692138672,-0.11747319251298904,0.0411381796002388,0.3640763461589813,0.9792920351028442,-0.1119827851653099,0.6033722758293152,5.0,-0.013838768005371094,5.0,0.31,204,3.4,False
0.31027624011039734,0.00027623772621154785,-0.0062711238861083984,-0.012926722876727581,0.00801229476928711,-0.15002037584781647,0.02684255689382553,0.35033315420150757,0.5259985327720642,0.3382169008255005,0.40815478563308716,5.0,-4.161772727966309,5.0,0.31,205,3.41667,False
0.310777485370636,0.0007774829864501953,-0.0064525604248046875,-0.012518488802015781,0.0076181888580322266,-0.1671522855758667,0.03254004195332527,0.25558266043663025,0.211319699883461,0.6329047679901123,0.18586371839046478,0.38981199264526367,5.0,5.0,0.31,206,3.43333,False
0.3117190897464752,0.0017190873622894287,-0.006246328353881836,-0.010500382632017136,0.007764101028442383,-0.1642298698425293,0.05612953007221222,0.16134031116962433,-0.007788076996803284,1.274765968322754,0.45999401807785034,-2.6272363662719727,1.896453857421875,2.6272363662719727,0.31,207,3.45,False
0.3131091594696045,0.003109157085418701,-0.005854368209838867,-0.008039908483624458,0.008092641830444336,-0.18710589408874512,0.03356809914112091,0.20754031836986542,0.07965023815631866,1.8451659679412842,0.33300161361694336,3.804136276245117,5.0,5.0,0.31,208,3.46667,False
0.3134486973285675,0.003448694944381714,-0.0042536258697509766,-0.00275432295165956,0.00974726676940918,-0.16035471856594086,0.0023466721177101135,0.31832048296928406,0.366519570350647,1.3821759223937988,0.2966538071632385,-5.0,5.0,5.0,0.31,209,3.48333,False
0.3119497299194336,0.0019497275352478027,-0.0010738372802734375,0.006003270391374826,0.013176202774047852,-0.17995679378509521,-0.017334789037704468,0.3835669159889221,0.39799654483795166,0.7745962142944336,0.37014392018318176,-5.0,5.0,5.0,0.31,210,3.5,False
0.309874564409256,-0.00012543797492980957,0.001329660415649414,0.011330094188451767,0.01566624641418457,-0.2513606548309326,-0.06633949279785156,0.3568352162837982,0.5883306264877319,0.0279180109500885,0.5937554240226746,-0.13239479064941406,1.053433895111084,1.053433895111084,0.31,211,3.51667,False
0.3081819415092468,-0.0018180608749389648,0.0007984638214111328,0.007853617891669273,0.014901399612426758,-0.3077291250228882,-0.02317333221435547,0.22490593791007996,0.5566633939743042,0.19866272807121277,0.03015657141804695,-5.0,3.9322030544281006,5.0,0.31,212,3.53333,False
0.3073464632034302,-0.0026535391807556152,8.368492126464844e-05,0.004283290356397629,0.014059305191040039,-0.28555330634117126,-0.003738775849342346,0.12322573363780975,0.49079349637031555,1.282739520072937,1.1795612573623657,2.485982894897461,5.0,5.0,0.31,213,3.55,False
0.30745887756347656,-0.0025411248207092285,-0.0001842975616455078,0.002885970752686262,0.0137481689453125,-0.26780733466148376,0.020092129707336426,0.09743193536996841,0.6233980655670166,1.670940637588501,0.168284073472023,2.8376636505126953,5.0,5.0,0.31,214,3.56667,False
0.30829259753227234,-0.0017074048519134521,-0.0010859966278076172,3.125285729765892e-05,0.012650728225708008,-0.28617820143699646,0.025760963559150696,0.14205139875411987,1.1582473516464233,1.0488450527191162,0.6730666756629944,5.0,5.0,5.0,0.31,215,3.58333,False
0.31029775738716125,0.00029775500297546387,-0.003239154815673828,-0.006838787347078323,0.009964466094970703,-0.2978608012199402,0.0313907116651535,0.24308811128139496,1.6983528137207031,0.30543702840805054,0.8443694114685059,5.0,0.5105218887329102,5.0,0.31,216,3.6,False
0.3119589388370514,0.0019589364528656006,-0.005666494369506836,-0.014721620827913284,0.0068781375885009766,-0.22939327359199524,0.016329675912857056,0.30128392577171326,1.5798419713974,-0.8811779618263245,1.4220999479293823,5.0,-3.810718536376953,5.0,0.31,217,3.61667,False
0.3121638894081116,0.0021638870239257812,-0.006880521774291992,-0.018041526898741722,0.005153656005859375,-0.16746297478675842,-0.003773912787437439,0.31858864426612854,1.248664140701294,-0.8699842691421509,0.10980404913425446,4.779094696044922,-5.0,5.0,0.31,218,3.63333,False
0.3119088411331177,0.0019088387489318848,-0.007374286651611328,-0.018465857952833176,0.004288434982299805,-0.1434836983680725,-0.002057373523712158,0.3153209984302521,1.333240032196045,0.1577187478542328,1.0633265972137451,5.0,1.761681318283081,5.0,0.31,219,3.65,False
0.3115944564342499,0.001594454050064087,-0.00734257698059082,-0.017204565927386284,0.004064321517944336,-0.1518416851758957,-0.007715791463851929,0.35254040360450745,0.470599889755249,0.4367888271808624,0.8220281004905701,5.0,5.0,5.0,0.31,220,3.66667,False
0.3117538094520569,0.0017538070678710938,-0.007638454437255859,-0.017315074801445007,0.003520488739013672,-0.15043045580387115,0.035068463534116745,0.2824297547340393,0.3675522208213806,0.7998326420783997,0.14241963624954224,0.06536293029785156,5.0,5.0,0.31,221,3.68333,False
0.31268104910850525,0.002681046724319458,-0.00776362419128418,-0.016813790425658226,0.0031890869140625,-0.15806534886360168,0.030071601271629333,0.27442875504493713,0.16857098042964935,1.0962656736373901,0.127466082572937,1.5782151222229004,5.0,5.0,0.31,222,3.7,False
0.3139702379703522,0.003970235586166382,-0.007584095001220703,-0.015556670725345612,0.003164529800415039,-0.16533944010734558,-0.004531256854534149,0.33908769488334656,0.08849697560071945,1.6127872467041016,0.2732063829898834,1.1672613620758057,5.0,5.0,0.31,223,3.71667,False
0.3139800429344177,0.003980040550231934,-0.005538463592529297,-0.008566330187022686,0.005254507064819336,-0.12186416238546371,-0.04304169863462448,0.4498341381549835,0.36524713039398193,1.0327860116958618,0.41299206018447876,0.17505264282226562,5.0,5.0,0.31,224,3.73333,False
0.31220799684524536,0.0022079944610595703,-0.0023763179779052734,0.0016672855708748102,0.008586406707763672,-0.14567358791828156,-0.06997548043727875,0.4918568432331085,0.3380260467529297,0.47777798771858215,0.3087749183177948,-5.0,5.0,5.0,0.31,225,3.75,False
0.30998173356056213,-1.8268823623657227e-05,-0.00034809112548828125,0.007090856321156025,0.010571002960205078,-0.21163785457611084,-0.08346743881702423,0.44914746284484863,0.3837105631828308,-0.2001889944076538,0.46172627806663513,-0.14737892150878906,-4.872568130493164,4.872568130493164,0.31,226,3.76667,False
0.30815958976745605,-0.0018404126167297363,-0.00045943260192871094,0.0043859537690877914,0.01023244857788086,-0.2676090896129608,-0.048272162675857544,0.2927134335041046,0.35830357670783997,0.558691143989563,0.5765445828437805,-3.0278234481811523,5.0,5.0,0.31,227,3.78333,False
0.3073713779449463,-0.002628624439239502,-0.00034618377685546875,0.003193184034898877,0.010313272476196289,-0.24572458863258362,-0.0073647648096084595,0.1673838347196579,0.36302444338798523,1.5556302070617676,0.9939097762107849,1.923781394958496,5.0,5.0,0.31,228,3.8,False
0.3070550262928009,-0.0029449760913848877,3.24249267578125e-05,0.004447299987077713,0.010748863220214844,-0.213327556848526,0.022624298930168152,0.0961955264210701,0.6616834998130798,1.3602874279022217,0.12735603749752045,5.0,3.693775177001953,5.0,0.31,229,3.81667,False
0.30772876739501953,-0.0022712349891662598,-0.0005168914794921875,0.0028039198368787766,0.010040044784545898,-0.23509150743484497,0.0345427542924881,0.15995122492313385,1.1228816509246826,1.2496116161346436,0.22495287656784058,2.8231124877929688,5.0,5.0,0.31,230,3.83333,False
0.3092924654483795,-0.0007075369358062744,-0.002371549606323242,-0.004294502083212137,0.007715702056884766,-0.26500949263572693,0.03341159224510193,0.2495398372411728,1.0938446521759033,0.4979839324951172,0.5657873153686523,5.0,5.0,5.0,0.31,231,3.85,False
0.3109292685985565,0.0009292662143707275,-0.004628658294677734,-0.013063724152743816,0.004826068878173828,-0.21423494815826416,0.03795787692070007,0.29584449529647827,1.3517606258392334,-0.4626882076263428,0.9894115924835205,5.0,-5.0,5.0,0.31,232,3.86667,False
0.3115833103656769,0.0015833079814910889,-0.006479501724243164,-0.019874893128871918,0.002371072769165039,-0.12639577686786652,0.03699703514575958,0.3118155896663666,1.1211568117141724,-0.9703977108001709,0.310947060585022,5.0,-3.3507308959960938,5.0,0.31,233,3.88333,False
0.31120869517326355,0.0012086927890777588,-0.0065155029296875,-0.01880267821252346,0.0020372867584228516,-0.04182134568691254,0.02152492292225361,0.3099915087223053,0.8370038866996765,-0.19634497165679932,0.6799005270004272,5.0,1.882861614227295,5.0,0.31,234,3.9,False
0.31037652492523193,0.0003765225410461426,-0.0058252811431884766,-0.014608251862227917,0.0026068687438964844,-0.04346136003732681,-0.011835012584924698,0.3108813464641571,0.20994079113006592,0.6237465143203735,1.0657581090927124,5.0,5.0,5.0,0.31,235,3.91667,False
0.30996474623680115,-3.5256147384643555e-05,-0.004884243011474609,-0.00959764514118433,0.0035359859466552734,-0.06862380355596542,0.013012345880270004,0.2619049549102783,-0.14721135795116425,0.8699467182159424,0.18817220628261566,-5.0,5.0,5.0,0.31,236,3.93333,False
0.3106909990310669,0.0006909966468811035,-0.004309892654418945,-0.005702234338968992,0.004071235656738281,-0.12466530501842499,0.02859235554933548,0.2101263552904129,-0.22600798308849335,1.8147457838058472,0.8988541960716248,-5.0,5.0,5.0,0.31,237,3.95,False
0.3118923008441925,0.0018922984600067139,-0.0038137435913085938,-0.0023448229767382145,0.0044934749603271484,-0.1415875256061554,0.017454400658607483,0.2426595389842987,-0.22291894257068634,2.0652272701263428,0.06275051832199097,-2.046525478363037,5.0,5.0,0.31,238,3.96667,False
0.31218183040618896,0.002181828022003174,-0.002623319625854492,0.0029482373502105474,0.0056552886962890625,-0.1410609632730484,-0.01101713627576828,0.3377874791622162,0.10588295757770538,2.025078773498535,0.10972259193658829,0.04482579231262207,5.0,5.0,0.31,239,3.98333,False
0.3106554448604584,0.000655442476272583,-0.0006093978881835938,0.01019500382244587,0.007724761962890625,-0.16820982098579407,-0.03664581477642059,0.4016762673854828,0.20261473953723907,1.0992377996444702,0.8665385246276855,-5.0,5.0,5.0,0.31,240,4.0,False
0.3089367747306824,-0.001063227653503418,0.0008199214935302734,0.013224109075963497,0.00910806655883789,-0.2559114098548889,-0.07395394146442413,0.37255483865737915,0.5253679156303406,0.7405356168746948,0.23283687233924866,5.0,5.0,5.0,0.31,241,4.01667,False
0.3079003393650055,-0.002099663019180298,0.0005953311920166016,0.008262280374765396,0.008685111999511719,-0.28274673223495483,-0.029473543167114258,0.2455398142337799,0.6347679495811462,0.409227192401886,0.1217336356639862,5.0,0.03748607635498047,5.0,0.31,242,4.03333,False
0.30712786316871643,-0.0028721392154693604,0.0006124973297119141,0.006956747733056545,0.008629083633422852,-0.22493600845336914,0.014474138617515564,0.13938964903354645,0.498527467250824,0.9574186205863953,0.3190753161907196,3.3395395278930664,5.0,5.0,0.31,243,4.05,False
0.306975394487381,-0.0030246078968048096,0.0004420280456542969,0.006394475232809782,0.008358001708984375,-0.24059545993804932,0.03219135105609894,0.14438198506832123,0.6615415811538696,1.4559606313705444,0.27511775493621826,5.0,0.005382537841796875,5.0,0.31,244,4.06667,False
0.3082290291786194,-0.0017709732055664062,-0.0007452964782714844,0.00044259498827159405,0.006838798522949219,-0.272945761680603,0.035649776458740234,0.22040343284606934,1.1511904001235962,1.039072036743164,0.41355207562446594,5.0,5.0,5.0,0.31,245,4.08333,False
0.31012171506881714,0.00012171268463134766,-0.002474546432495117,-0.008376317098736763,0.004602670669555664,-0.23903650045394897,0.03575164079666138,0.2877695560455322,1.5881249904632568,0.0471230149269104,1.1748746633529663,5.0,-0.07059359550476074,5.0,0.31,246,4.1,False
0.3112002909183502,0.0012002885341644287,-0.0038042068481445312,-0.015840182080864906,0.002789735794067383,-0.20083090662956238,0.02827964723110199,0.3087857961654663,1.7455552816390991,-1.056465983390808,1.2426931858062744,-3.932575225830078,-5.0,5.0,0.31,247,4.11667,False
0.31200382113456726,0.0020038187503814697,-0.004951000213623047,-0.021580025553703308,0.0011785030364990234,-0.18271097540855408,0.041381530463695526,0.2710082232952118,1.9915558099746704,-0.04642399400472641,1.0807009935379028,-5.0,5.0,5.0,0.31,248,4.13333,False
0.31220418214797974,0.0022041797637939453,-0.0053539276123046875,-0.023971740156412125,0.00046133995056152344,-0.12914259731769562,0.0687253400683403,0.33250629901885986,0.7366936206817627,0.739165723323822,2.1918301582336426,5.0,4.771387100219727,5.0,0.31,249,4.15,False
0.31239640712738037,0.00239640474319458,-0.005212068557739258,-0.023935044184327126,0.0003879070281982422,-0.15023326873779297,0.03940524160861969,0.33845826983451843,0.7277752161026001,1.0643774271011353,0.10584218800067902,5.0,5.0,5.0,0.31,250,4.16667,False
0.3136143386363983,0.0036143362522125244,-0.005739450454711914,-0.027455678209662437,-0.0004980564117431641,-0.1759474128484726,0.03962724655866623,0.35560983419418335,0.9487600326538086,0.5287429690361023,0.33573856949806213,5.0,5.0,5.0,0.31,251,4.18333,False
0.31456103920936584,0.004561036825180054,-0.00585484504699707,-0.02808218076825142,-0.0009145736694335938,-0.12101082503795624,0.006886303424835205,0.3483210802078247,0.4358612298965454,0.3512614369392395,0.2945648729801178,3.596299171447754,5.0,5.0,0.31,252,4.2,False
0.3152685761451721,0.005268573760986328,-0.005736589431762695,-0.027445267885923386,-0.0010635852813720703,-0.10224997997283936,-0.0029296353459358215,0.4142134487628937,0.2484186738729477,0.33907434344291687,0.03528323397040367,5.0,5.0,5.0,0.31,253,4.21667,False
0.3151259422302246,0.005125939846038818,-0.004880428314208984,-0.022616421803832054,-0.0003879070281982422,-0.045505210757255554,-0.04882479086518288,0.4969276487827301,0.0671587809920311,0.42871421575546265,0.04089045897126198,5.0,5.0,5.0,0.31,254,4.23333,False
0.3143690824508667,0.004369080066680908,-0.0034704208374023438,-0.015003593638539314,0.0008947849273681641,-0.06104079261422157,-0.07004125416278839,0.5487446784973145,0.1198255717754364,0.9201907515525818,0.2443229705095291,2.7034177780151367,5.0,5.0,0.31,255,4.25,False
0.31278154253959656,0.0027815401554107666,-0.0019211769104003906,-0.006672433577477932,0.0023119449615478516,-0.07682088017463684,-0.07490470260381699,0.5682355761528015,0.11758269369602203,0.3892933130264282,0.28185713291168213,5.0,5.0,5.0,0.31,256,4.26667,False
0.31188979744911194,0.0018897950649261475,-0.0009958744049072266,-0.004004026763141155,0.0030431747436523438,-0.17530497908592224,-0.04842287302017212,0.4781295955181122,0.1794886738061905,1.6303812265396118,1.5441315174102783,1.5211291313171387,5.0,5.0,0.31,257,4.28333,False
0.3120249807834625,0.0020249783992767334,-0.0004420280456542969,-0.003014148911461234,0.0034072399139404297,-0.1950473040342331,-0.03162655234336853,0.38142552971839905,-0.07189404964447021,1.3685111999511719,0.13176918029785156,-4.186313629150391,4.418144226074219,4.418144226074219,0.31,258,4.3,False
0.3122667968273163,0.002266794443130493,2.4080276489257812e-05,0.0005205022171139717,0.0037391185760498047,-0.18342314660549164,0.009430646896362305,0.2826453149318695,0.12405650317668915,2.16680908203125,0.6756761074066162,-1.997201681137085,5.0,5.0,0.31,259,4.31667,False
0.3134293556213379,0.0034293532371520996,-4.410743713378906e-05,-0.0007398552261292934,0.0034127235412597656,-0.2621133625507355,0.009216338396072388,0.3815348446369171,0.5676555037498474,1.470172643661499,0.6820824146270752,-3.803617477416992,5.0,5.0,0.31,260,4.33333,False
0.3149636685848236,0.004963666200637817,-0.00042510032653808594,-0.0071030608378350735,0.0026574134826660156,-0.26823198795318604,0.00016924738883972168,0.4435889720916748,0.9716489911079407,1.0167629718780518,0.36879104375839233,5.0,5.0,5.0,0.31,261,4.35,False
0.31573909521102905,0.005739092826843262,-0.0004189014434814453,-0.01163042988628149,0.0023119449615478516,-0.2335502654314041,0.03764784336090088,0.47210437059402466,1.0993975400924683,-0.4495859146118164,2.166498899459839,5.0,-0.11867427825927734,5.0,0.31,262,4.36667,False
0.3158726692199707,0.005872666835784912,-0.0005276203155517578,-0.017538297921419144,0.0018305778503417969,-0.18242138624191284,0.028039291501045227,0.4649081826210022,1.1486897468566895,-1.2361440658569336,0.6211034655570984,-5.0,-3.899557113647461,5.0,0.31,263,4.38333,False
0.3154694437980652,0.0054694414138793945,-0.0006003379821777344,-0.02148667350411415,0.0014300346374511719,-0.12522675096988678,0.035878390073776245,0.3932550251483917,0.8133739233016968,-0.3997279703617096,0.8120286464691162,3.7675552368164062,-5.0,5.0,0.31,264,4.4,False
0.3153284788131714,0.005328476428985596,-0.0007970333099365234,-0.022913632914423943,0.0009126663208007812,-0.14150483906269073,0.035990968346595764,0.35447561740875244,0.21488258242607117,0.8753708004951477,1.984068751335144,4.493974208831787,5.0,5.0,0.31,265,4.41667,False
0.3152977526187897,0.005297750234603882,-0.0009026527404785156,-0.018123839050531387,0.0005428791046142578,-0.0863359272480011,0.04843520373106003,0.29779788851737976,-0.5563137531280518,0.8879309296607971,0.5949016213417053,-5.0,2.9486961364746094,5.0,0.31,266,4.43333,False
0.31506040692329407,0.005060404539108276,-0.0010647773742675781,-0.00972610805183649,0.000156402587890625,-0.06522496789693832,0.06290945410728455,0.24310936033725739,-0.20042075216770172,1.7959473133087158,0.9511536359786987,-2.7282588481903076,5.0,5.0,0.31,267,4.45,False
0.31460997462272644,0.004609972238540649,-0.0010979175567626953,-0.0018952102400362492,-0.0001246929168701172,-0.11228001117706299,0.012812227010726929,0.3703010380268097,0.27278557419776917,1.6428053379058838,0.2473766952753067,-0.8744544982910156,5.0,5.0,0.31,268,4.46667,False
0.31294435262680054,0.002944350242614746,-0.0007736682891845703,0.00678335502743721,-5.698204040527344e-05,-0.1353621482849121,-0.03943316638469696,0.45983487367630005,0.04393808916211128,1.5537196397781372,0.06030743569135666,-0.6101094484329224,5.0,5.0,0.31,269,4.48333,False
0.3102865517139435,0.00028654932975769043,-0.00010514259338378906,0.014322309754788876,0.00037932395935058594,-0.20337767899036407,-0.04094912111759186,0.48636695742607117,0.051939111202955246,0.4159538149833679,1.2945752143859863,-0.09090828895568848,5.0,5.0,0.31,270,4.5,False
0.30843496322631836,-0.0015650391578674316,0.0003228187561035156,0.013175832107663155,0.0005598068237304688,-0.30231162905693054,0.009016096591949463,0.41614434123039246,0.3687705099582672,0.8499200344085693,0.2887088358402252,-0.16265869140625,5.0,5.0,0.31,271,4.51667,False
0.3075220584869385,-0.0024779438972473145,0.00051116943359375,0.008215831592679024,0.0005218982696533203,-0.28806403279304504,0.012081116437911987,0.3159666955471039,0.665367841720581,1.5596305131912231,0.5916589498519897,5.0,5.0,5.0,0.31,272,4.53333,False
0.3066219091415405,-0.0033780932426452637,0.00028705596923828125,0.008683634921908379,6.437301635742188e-05,-0.22408939898014069,0.039727047085762024,0.22605566680431366,0.6437259316444397,1.1255701780319214,0.18887674808502197,5.0,2.195249557495117,5.0,0.31,273,4.55,False
0.3065854012966156,-0.0034146010875701904,-0.0002262592315673828,0.007258403114974499,-0.0007355213165283203,-0.25794559717178345,0.06845366954803467,0.28155088424682617,1.2613483667373657,0.9806193113327026,0.4024682343006134,4.776329040527344,5.0,5.0,0.31,274,4.56667,False
0.30781781673431396,-0.002182185649871826,-0.000820159912109375,-0.0005534989759325981,-0.0016932487487792969,-0.2795501947402954,0.058610767126083374,0.3743606209754944,1.251034140586853,0.6649225950241089,0.09977080672979355,5.0,5.0,5.0,0.31,275,4.58333,False
0.30934426188468933,-0.00065574049949646,-0.0013158321380615234,-0.010677497833967209,-0.002588510513305664,-0.23945483565330505,0.06981758773326874,0.40682271122932434,1.4986695051193237,-0.4288915991783142,1.2577526569366455,5.0,-5.0,5.0,0.31,276,4.6,False
0.310281366109848,0.00028136372566223145,-0.001791238784790039,-0.019208388403058052,-0.003474712371826172,-0.1720474660396576,0.0698704645037651,0.3986760079860687,1.7045671939849854,-0.9035210609436035,0.2676669955253601,5.0,-5.0,5.0,0.31,277,4.61667,False
0.3105059564113617,0.0005059540271759033,-0.002287149429321289,-0.02204427495598793,-0.004374980926513672,-0.10711228847503662,0.051663074642419815,0.40574875473976135,1.3866013288497925,-0.10873333364725113,0.7327898144721985,5.0,5.0,5.0,0.31,278,4.63333,False
0.3105494976043701,0.0005494952201843262,-0.002765178680419922,-0.019272660836577415,-0.005262136459350586,-0.08801262825727463,0.026288606226444244,0.4379250407218933,0.7528302669525146,0.7160305380821228,1.0819013118743896,5.0,5.0,5.0,0.31,279,4.65,False
0.3110993206501007,0.001099318265914917,-0.0031099319458007812,-0.018730416893959045,-0.006006479263305664,-0.12323882430791855,0.02045721560716629,0.45931047201156616,0.5058836340904236,0.6021386981010437,0.07395399361848831,5.0,5.0,5.0,0.31,280,4.66667,False
0.31215545535087585,0.0021554529666900635,-0.0034646987915039062,-0.01782398298382759,-0.006752490997314453,-0.12526944279670715,0.034023478627204895,0.402265340089798,0.09847532957792282,0.6409205198287964,0.1674855500459671,1.494570255279541,5.0,5.0,0.31,281,4.68333,False
0.313625305891037,0.0036253035068511963,-0.0037851333618164062,-0.015851030126214027,-0.007453203201293945,-0.15694411098957062,0.025035575032234192,0.45306462049484253,-0.03193631395697594,1.4487301111221313,0.6695635318756104,1.4353985786437988,5.0,5.0,0.31,282,4.7,False
0.314328670501709,0.004328668117523193,-0.004039287567138672,-0.011351593770086765,-0.008109092712402344,-0.12068559229373932,0.01150009036064148,0.5408416986465454,0.25200963020324707,1.3563700914382935,0.08915567398071289,2.2694873809814453,5.0,5.0,0.31,283,4.71667,False
0.3132699429988861,0.0032699406147003174,-0.004192352294921875,-0.0016684317961335182,-0.008663654327392578,-0.12218913435935974,-0.04392822086811066,0.593209981918335,0.3463543653488159,0.7614210247993469,0.3628653287887573,0.0328216552734375,5.0,5.0,0.31,284,4.73333,False
0.31119152903556824,0.0011915266513824463,-0.004123210906982422,0.005750112701207399,-0.00896453857421875,-0.1864355206489563,-0.0719236433506012,0.5828502774238586,0.5007251501083374,-0.003733105957508087,0.6092911958694458,-0.11945056915283203,1.179101824760437,1.179101824760437,0.31,285,4.75,False
0.3092682659626007,-0.000731736421585083,-0.0035021305084228516,0.004567784257233143,-0.008609533309936523,-0.23428745567798615,-0.033530980348587036,0.44400396943092346,0.43692055344581604,0.015607021749019623,0.004445067141205072,-5.0,-0.9985435605049133,5.0,0.31,286,4.76667,False
0.3078128695487976,-0.0021871328353881836,-0.0029404163360595703,0.0013489702250808477,-0.008260726928710938,-0.21007473766803741,-0.00503753125667572,0.3252233862876892,0.41563549637794495,1.1586189270019531,1.3069292306900024,-1.8444938659667969,5.0,5.0,0.31,287,4.78333,False
0.30722394585609436,-0.0027760565280914307,-0.0030515193939208984,0.0024309582076966763,-0.00861668586730957,-0.21081110835075378,0.02412395179271698,0.2466997504234314,0.433491587638855,1.8230773210525513,0.4418237805366516,2.528005599975586,5.0,5.0,0.31,288,4.8,False
0.30773720145225525,-0.002262800931930542,-0.0032472610473632812,0.0016599970404058695,-0.009050369262695312,-0.21454259753227234,0.036681875586509705,0.25818905234336853,0.8496365547180176,1.18076753616333,0.585738480091095,2.6065216064453125,5.0,5.0,0.31,289,4.81667,False
0.3093653917312622,-0.000634610652923584,-0.0029566287994384766,-0.004357353784143925,-0.008958578109741211,-0.2594549059867859,0.03734436631202698,0.3414473533630371,1.352752447128296,0.7498481869697571,0.4388170838356018,5.0,5.0,5.0,0.31,290,4.83333,False
0.31123554706573486,0.0012355446815490723,-0.0024623870849609375,-0.011915195733308792,-0.00867605209350586,-0.20372821390628815,0.0306396484375,0.4041168689727783,1.4469184875488281,-0.42342162132263184,1.3854291439056396,5.0,-5.0,5.0,0.31,291,4.85,False
0.3118874430656433,0.0018874406814575195,-0.001997709274291992,-0.016975510865449905,-0.008435487747192383,-0.1276140660047531,0.03616536408662796,0.422250896692276,1.317186713218689,-1.0895885229110718,0.46060866117477417,5.0,-4.894918441772461,5.0,0.31,292,4.86667,False
0.3119294047355652,0.0019294023513793945,-0.0017514228820800781,-0.019468942657113075,-0.008431434631347656,-0.11383290588855743,0.0233859121799469,0.39309099316596985,1.4045575857162476,-0.08464702218770981,1.0175410509109497,5.0,-0.11439299583435059,5.0,0.31,293,4.88333,False
0.3115042448043823,0.0015042424201965332,-0.0018880367279052734,-0.018623951822519302,-0.008893251419067383,-0.08701572567224503,-0.0022329166531562805,0.42347094416618347,0.2988034784793854,0.4483930468559265,1.506824016571045,5.0,-4.821218490600586,5.0,0.31,294,4.9,False
0.3113228678703308,0.0013228654861450195,-0.002100706100463867,-0.016732312738895416,-0.00944662094116211,-0.10424354672431946,0.017498016357421875,0.3624851107597351,0.15250816941261292,1.0845803022384644,0.4261365532875061,2.8311963081359863,5.0,5.0,0.31,295,4.91667,False
0.312436044216156,0.002436041831970215,-0.002123117446899414,-0.016399666666984558,-0.009748220443725586,-0.15503445267677307,0.016401216387748718,0.373526930809021,0.2028549164533615,1.1319997310638428,0.004783397074788809,4.089139938354492,5.0,5.0,0.31,296,4.93333,False
0.3138381838798523,0.003838181495666504,-0.002124309539794922,-0.01584712229669094,-0.010016441345214844,-0.13989309966564178,0.005801036953926086,0.3595205545425415,0.18481723964214325,1.6009246110916138,0.22021590173244476,3.448681354522705,5.0,5.0,0.31,297,4.95,False
0.3143528401851654,0.004352837800979614,-0.0025033950805664062,-0.011562892235815525,-0.010728120803833008,-0.10327497124671936,-0.03186139464378357,0.42865440249443054,0.06520010530948639,0.8825740814208984,0.5303357839584351,4.081501007080078,5.0,5.0,0.31,298,4.96667,False
0.31355226039886475,0.003552258014678955,-0.0032308101654052734,-0.0033580316230654716,-0.011876344680786133,-0.112379290163517,-0.06904786825180054,0.5083485245704651,-0.07635372877120972,0.963476836681366,0.0265827439725399,0.2805628776550293,5.0,5.0,0.31,299,4.98333,False
0.31189432740211487,0.0018943250179290771,-0.003650188446044922,0.003957055509090424,-0.012690067291259766,-0.14599841833114624,-0.0824819803237915,0.5227175951004028,0.11263005435466766,0.6196238994598389,0.15394970774650574,-0.3354504108428955,5.0,5.0,0.31,300,5.0,False
0.31047871708869934,0.0004787147045135498,-0.003003835678100586,0.004755934700369835,-0.01228785514831543,-0.21912473440170288,-0.061625123023986816,0.4652922749519348,0.3087673485279083,0.762325644493103,0.05883362889289856,5.0,5.0,5.0,0.31,301,5.01667,False
0.3100598454475403,5.984306335449219e-05,-0.00202178955078125,0.002666415413841605,-0.011463642120361328,-0.2320142388343811,-0.018748372793197632,0.37420251965522766,0.20599395036697388,1.101528525352478,0.12562096118927002,-2.128786563873291,3.5767383575439453,3.5767383575439453,0.31,302,5.03333,False
0.30960050225257874,-0.00039950013160705566,-0.002485513687133789,0.005654295906424522,-0.012254953384399414,-0.1948043406009674,0.018301963806152344,0.25140729546546936,-0.016505490988492966,1.5277560949325562,0.23117594420909882,-4.796280860900879,3.616342544555664,4.796280860900879,0.31,303,5.05,False
0.31027650833129883,0.0002765059471130371,-0.002774953842163086,0.00576335983350873,-0.01281595230102539,-0.2659529149532318,0.03292152285575867,0.29422494769096375,0.47389936447143555,1.7926658391952515,0.31067410111427307,5.0,5.0,5.0,0.31,304,5.06667,False
0.3120807707309723,0.002080768346786499,-0.001720428466796875,-0.0011743034701794386,-0.011853694915771484,-0.29564544558525085,0.02132752537727356,0.3745689392089844,1.196488618850708,1.1854900121688843,0.8907977342605591,5.0,5.0,5.0,0.31,305,5.08333,False
0.31353697180747986,0.0035369694232940674,-0.0004534721374511719,-0.008208097890019417,-0.010656356811523438,-0.25124627351760864,0.033461958169937134,0.4191318154335022,1.3127633333206177,-0.17476141452789307,1.863803744316101,-5.0,-0.2083268165588379,5.0,0.31,306,5.1,False
0.3143041729927063,0.004304170608520508,0.0007529258728027344,-0.015340743586421013,-0.00953984260559082,-0.208387091755867,0.01676890254020691,0.42943719029426575,1.5480084419250488,-1.0315295457839966,0.7893918752670288,5.0,-5.0,5.0,0.31,307,5.11667,False
0.3145625591278076,0.004562556743621826,0.0018661022186279297,-0.021270204335451126,-0.008516311645507812,-0.15564271807670593,0.026126950979232788,0.3947127163410187,0.9454473853111267,-0.5638677477836609,0.5817873477935791,-5.0,-5.0,5.0,0.31,308,5.13333,False
0.3144124448299408,0.004412442445755005,0.0018718242645263672,-0.022079074755311012,-0.00877523422241211,-0.0993303582072258,0.020660072565078735,0.39247581362724304,0.6133022308349609,0.35734590888023376,0.958954930305481,5.0,5.0,5.0,0.31,309,5.15,False
0.3145432472229004,0.0045432448387146,0.0015270709991455078,-0.02098679542541504,-0.00947260856628418,-0.08995777368545532,0.03337003290653229,0.3986760377883911,0.078396275639534,0.6353453397750854,0.36340808868408203,-5.0,5.0,5.0,0.31,310,5.16667,False
0.31441766023635864,0.0044176578521728516,-0.00022745132446289062,-0.014444670639932156,-0.011802911758422852,-0.030176106840372086,0.056382909417152405,0.30734387040138245,-0.36912670731544495,1.0636000633239746,0.38367894291877747,-4.811783790588379,3.552824020385742,4.811783790588379,0.31,311,5.18333,False
0.31458473205566406,0.0045847296714782715,-0.002142190933227539,-0.007306313142180443,-0.014298200607299805,-0.0714779943227768,0.027332179248332977,0.37354210019111633,-0.26256096363067627,1.9881575107574463,0.8661627173423767,2.7586984634399414,5.0,5.0,0.31,312,5.2,False
0.31374871730804443,0.0037487149238586426,-0.004264116287231445,0.0017349927220493555,-0.017051219940185547,-0.08203393220901489,-0.031324081122875214,0.4911103844642639,-0.11536853015422821,1.7959794998168945,0.05859799683094025,0.07688140869140625,5.0,5.0,0.31,313,5.21667,False
0.31161031126976013,0.0016103088855743408,-0.00623774528503418,0.011790135875344276,-0.0196230411529541,-0.13771384954452515,-0.04732994735240936,0.536410391330719,-0.08062830567359924,1.387318730354309,0.16821052134037018,-0.06730151176452637,5.0,5.0,0.31,314,5.23333,False
0.30954813957214355,-0.00045186281204223633,-0.006829977035522461,0.01602807641029358,-0.020629405975341797,-0.2280207872390747,-0.0703880786895752,0.5234375,0.16213472187519073,0.7779685854911804,0.43024149537086487,-0.15009117126464844,5.0,5.0,0.31,315,5.25,False
0.3076949417591095,-0.002305060625076294,-0.006015300750732422,0.014475470408797264,-0.020070314407348633,-0.28447598218917847,-0.026112794876098633,0.3910193145275116,0.4231776297092438,1.3389455080032349,0.38283851742744446,5.0,5.0,5.0,0.31,316,5.26667,False
0.30628731846809387,-0.003712683916091919,-0.005680084228515625,0.013338403776288033,-0.020020246505737305,-0.24424637854099274,0.017541944980621338,0.2838709056377411,0.5762474536895752,1.53969144821167,0.06372930109500885,1.678436279296875,-0.11798858642578125,1.678436279296875,0.31,317,5.28333,False
0.3054213523864746,-0.004578649997711182,-0.00612187385559082,0.013374801725149155,-0.0207974910736084,-0.237174391746521,0.04700887203216553,0.27099889516830444,0.8594567179679871,1.2146625518798828,0.18585127592086792,5.0,0.0050220489501953125,5.0,0.31,318,5.3,False
0.30607524514198303,-0.003924757242202759,-0.0052983760833740234,0.008046056143939495,-0.020114421844482422,-0.2950204312801361,0.04852855205535889,0.3891451954841614,1.056312918663025,1.1672205924987793,0.04100310057401657,5.0,5.0,5.0,0.31,319,5.31667,False
0.3077665865421295,-0.0022334158420562744,-0.003025531768798828,-0.0021435327362269163,-0.017795324325561523,-0.3016846179962158,0.059809207916259766,0.4434278905391693,1.6059504747390747,0.05987643823027611,1.5283124446868896,5.0,5.0,5.0,0.31,320,5.33333,False
0.3092685341835022,-0.0007314682006835938,-0.0005278587341308594,-0.012644307687878609,-0.015204906463623047,-0.2540011405944824,0.05948486924171448,0.46557047963142395,2.083233118057251,-1.3581078052520752,2.238477945327759,5.0,-5.0,5.0,0.31,321,5.35,False
0.31013989448547363,0.0001398921012878418,0.001543283462524414,-0.02120070531964302,-0.013054370880126953,-0.189890518784523,0.06574134528636932,0.4281207025051117,2.1216962337493896,-0.9216641187667847,0.19196251034736633,5.0,-5.0,5.0,0.31,322,5.36667,False
0.3104906976222992,0.0004906952381134033,0.0021092891693115234,-0.02436552569270134,-0.012689352035522461,-0.1293727159500122,0.04021741449832916,0.44328004121780396,1.018080472946167,0.006189242005348206,2.0788795948028564,5.0,3.3614661693573,5.0,0.31,323,5.38333,False
0.3107477128505707,0.0007477104663848877,0.0021448135375976562,-0.025474317371845245,-0.012952566146850586,-0.11876948177814484,0.04450572282075882,0.46785324811935425,1.1288142204284668,0.6411940455436707,0.41549307107925415,5.0,3.472017288208008,5.0,0.31,324,5.4,False
0.31120726466178894,0.0012072622776031494,0.0023038387298583984,-0.026819458231329918,-0.013084173202514648,-0.08731807768344879,0.05618112534284592,0.3818379044532776,0.811644971370697,0.15081213414669037,0.3410707414150238,5.0,2.035095691680908,5.0,0.31,325,5.41667,False
0.3118937313556671,0.0018937289714813232,0.0020148754119873047,-0.026982534676790237,-0.013702392578125,-0.07127872109413147,0.06808307766914368,0.34324631094932556,0.16488133370876312,0.4171634912490845,0.4892462193965912,-0.5946087837219238,2.777273178100586,2.777273178100586,0.31,326,5.43333,False
0.313245564699173,0.0032455623149871826,0.0012955665588378906,-0.025848176330327988,-0.01480865478515625,-0.09174180030822754,0.04799584299325943,0.3700067102909088,-0.07734616100788116,1.6206237077713013,1.506990671157837,0.03863167762756348,3.4580745697021484,3.4580745697021484,0.31,327,5.45,False
0.3139427900314331,0.0039427876472473145,-0.000850677490234375,-0.01978648640215397,-0.017583608627319336,-0.025974079966545105,0.0328180156648159,0.4701748192310333,0.06631138920783997,1.5296907424926758,0.02890629693865776,2.8752965927124023,5.0,5.0,0.31,328,5.46667,False
0.3130483329296112,0.003048330545425415,-0.004756450653076172,-0.007508620619773865,-0.022408246994018555,-0.03459269553422928,-0.02352387085556984,0.5336670875549316,0.1698937565088272,0.9299296736717224,0.370442658662796,-5.0,5.0,5.0,0.31,329,5.48333,False
0.31104281544685364,0.0010428130626678467,-0.008168458938598633,0.0037598079070448875,-0.026611804962158203,-0.10154359042644501,-0.032184578478336334,0.5459768176078796,0.21988265216350555,0.46537303924560547,0.21831175684928894,-0.11960029602050781,5.0,5.0,0.31,330,5.5,False
0.30912962555885315,-0.0008703768253326416,-0.009439229965209961,0.008611192926764488,-0.02839803695678711,-0.19732336699962616,-0.0511605441570282,0.5019956231117249,0.1750575751066208,0.5820254683494568,0.015617076307535172,-0.18641424179077148,5.0,5.0,0.31,331,5.51667,False
0.30743685364723206,-0.0025631487369537354,-0.008690595626831055,0.00750433886423707,-0.0279386043548584,-0.24265319108963013,-0.0184972882270813,0.34937572479248047,0.31019994616508484,1.1157008409500122,0.30307286977767944,5.0,5.0,5.0,0.31,332,5.53333,False
0.3067452907562256,-0.003254711627960205,-0.008709907531738281,0.007419634144753218,-0.028293609619140625,-0.23716658353805542,0.017390012741088867,0.2698741853237152,0.5036141872406006,1.7361500263214111,0.42236626148223877,2.0225963592529297,5.0,5.0,0.31,333,5.55,False
0.3069741129875183,-0.0030258893966674805,-0.008018732070922852,0.004758061375468969,-0.027770280838012695,-0.2586783468723297,0.03236827254295349,0.29550203680992126,0.9136125445365906,1.4034607410430908,0.27878081798553467,3.7092437744140625,5.0,5.0,0.31,334,5.56667,False
0.30845943093299866,-0.0015405714511871338,-0.005703926086425781,-0.002431256929412484,-0.02534961700439453,-0.2857300639152527,0.02702423930168152,0.38073527812957764,1.3310564756393433,0.9140204787254333,0.41381120681762695,5.0,5.0,5.0,0.31,335,5.58333,False
0.31052613258361816,0.000526130199432373,-0.0023725032806396484,-0.01201214175671339,-0.02173590660095215,-0.2627035975456238,0.04102015495300293,0.4006302058696747,1.620192527770996,-0.3421925902366638,1.6616709232330322,5.0,-0.12906265258789062,5.0,0.31,336,5.6,False
0.31190720200538635,0.0019071996212005615,0.0007305145263671875,-0.020539022982120514,-0.018341779708862305,-0.19862020015716553,0.035792574286460876,0.4095533788204193,1.660786747932434,-1.3615728616714478,1.040784239768982,5.0,-5.0,5.0,0.31,337,5.61667,False
0.31234532594680786,0.0023453235626220703,0.0026788711547851562,-0.025475988164544106,-0.01626420021057129,-0.11225694417953491,0.020949169993400574,0.41074976325035095,1.3348660469055176,-0.656471312046051,0.603392481803894,-5.0,-5.0,5.0,0.31,338,5.63333,False
0.3119522035121918,0.0019522011280059814,0.0025207996368408203,-0.024752408266067505,-0.016689300537109375,-0.05770371854305267,0.007463961839675903,0.4313358962535858,0.8678750395774841,0.2999684512615204,1.1328575611114502,5.0,5.0,5.0,0.31,339,5.65,False
0.3120618462562561,0.0020618438720703125,0.002191781997680664,-0.02347119152545929,-0.017351150512695312,-0.09338468313217163,0.019170165061950684,0.42635414004325867,0.36093416810035706,0.4925711452960968,0.2940847873687744,-5.0,5.0,5.0,0.31,340,5.66667,False
0.31282728910446167,0.002827286720275879,0.0012116432189941406,-0.020862746983766556,-0.018764972686767578,-0.09525805711746216,0.02115994691848755,0.32103055715560913,-0.20118774473667145,0.630358874797821,0.3349665105342865,-5.0,5.0,5.0,0.31,341,5.68333,False
0.31420010328292847,0.004200100898742676,-0.0007748603820800781,-0.016430135816335678,-0.02131366729736328,-0.13555863499641418,0.028284743428230286,0.2938092350959778,-0.38730117678642273,1.7996368408203125,1.4018490314483643,-5.0,5.0,5.0,0.31,342,5.7,False
0.31541889905929565,0.005418896675109863,-0.0029931068420410156,-0.01126228179782629,-0.024097442626953125,-0.12997330725193024,-0.006702706217765808,0.38753968477249146,0.08704596757888794,1.8097230195999146,0.22510693967342377,0.9504096508026123,5.0,5.0,0.31,343,5.71667,False
0.3146817684173584,0.004681766033172607,-0.006632566452026367,-0.002079033525660634,-0.02854609489440918,-0.1302972286939621,-0.05260734260082245,0.47224220633506775,0.22544248402118683,1.3368014097213745,0.24280844628810883,-5.0,5.0,5.0,0.31,344,5.73333,False
0.3125617206096649,0.002561718225479126,-0.010246038436889648,0.007437083404511213,-0.03292226791381836,-0.19141557812690735,-0.08814315497875214,0.49708497524261475,0.3601704239845276,0.3766182065010071,0.9401034116744995,-0.0734853744506836,5.0,5.0,0.31,345,5.75,False
0.31076279282569885,0.0007627904415130615,-0.010651350021362305,0.009214517660439014,-0.03364300727844238,-0.2691331207752228,-0.07729735970497131,0.42775803804397583,0.5352703928947449,0.12634193897247314,0.09329821169376373,-0.16585540771484375,3.769378900527954,3.769378900527954,0.31,346,5.76667,False
0.30893024802207947,-0.0010697543621063232,-0.008399248123168945,0.005030128639191389,-0.03142428398132324,-0.27285236120224,-0.017211943864822388,0.3106248080730438,0.5221356749534607,0.8918372988700867,0.5861556529998779,-1.0793743133544922,5.0,5.0,0.31,347,5.78333,False
0.3078135848045349,-0.002186417579650879,-0.008235692977905273,0.004359846469014883,-0.03156423568725586,-0.24713699519634247,0.02106451988220215,0.2290453165769577,0.5996516346931458,1.5584239959716797,0.45034652948379517,4.651920318603516,5.0,5.0,0.31,348,5.8,False
0.30748242139816284,-0.0025175809860229492,-0.0077915191650390625,0.0024552075192332268,-0.03130745887756348,-0.24913951754570007,0.03964269161224365,0.24594739079475403,1.2644494771957397,1.0341006517410278,0.7168711423873901,1.3382854461669922,5.0,5.0,0.31,349,5.81667,False
0.30845195055007935,-0.0015480518341064453,-0.005350828170776367,-0.004004388116300106,-0.02869415283203125,-0.28174686431884766,0.03832229971885681,0.34375014901161194,1.4969606399536133,0.6098642945289612,0.23403793573379517,5.0,0.0382232666015625,5.0,0.31,350,5.83333,False
0.31007567048072815,7.56680965423584e-05,-0.001211404800415039,-0.01379765011370182,-0.024109363555908203,-0.25131726264953613,0.0454636812210083,0.38055527210235596,1.6493525505065918,-0.48975688219070435,1.23239004611969,5.0,-5.0,5.0,0.31,351,5.85,False
0.3111341595649719,0.0011341571807861328,0.0018343925476074219,-0.021042760461568832,-0.02072620391845703,-0.15518277883529663,0.0028412044048309326,0.3868018686771393,1.5106353759765625,-1.2465386390686035,0.5919610857963562,-5.0,-5.0,5.0,0.31,352,5.86667,False
0.31132638454437256,0.0013263821601867676,0.003785371780395508,-0.025255680084228516,-0.018626928329467773,-0.10034992545843124,0.021799035370349884,0.40231436491012573,1.3629094362258911,-0.41243475675582886,0.7175522446632385,-5.0,-3.183286666870117,5.0,0.31,353,5.88333,False
0.3111627399921417,0.0011627376079559326,0.004015684127807617,-0.025404732674360275,-0.01860189437866211,-0.0651359036564827,0.010551907122135162,0.43165090680122375,0.9855384826660156,0.3489729166030884,0.7221505045890808,5.0,5.0,5.0,0.31,354,5.9,False
0.31149590015411377,0.0014958977699279785,0.0043065547943115234,-0.025420915335416794,-0.01851487159729004,-0.08309155702590942,0.01884319633245468,0.43612390756607056,0.37294113636016846,0.5098282098770142,0.4011499583721161,5.0,5.0,5.0,0.31,355,5.91667,False
0.31178224086761475,0.001782238483428955,0.002536773681640625,-0.021396439522504807,-0.02086639404296875,-0.032877229154109955,0.03484176844358444,0.33599165081977844,-0.38555705547332764,0.48472365736961365,0.5759497880935669,-5.0,4.380001068115234,5.0,0.31,356,5.93333,False
0.3128059208393097,0.0028059184551239014,0.0003788471221923828,-0.016779407858848572,-0.02362537384033203,-0.07964318990707397,0.02203734964132309,0.35898515582084656,-0.2284649759531021,1.9921666383743286,2.2970621585845947,-0.5460710525512695,5.0,5.0,0.31,357,5.95,False
0.31337472796440125,0.003374725580215454,-0.0026481151580810547,-0.010092907585203648,-0.02735280990600586,-0.05646952614188194,-0.015066415071487427,0.4445062279701233,-0.0029342807829380035,1.762883186340332,0.10343499481678009,-0.016013912856578827,5.0,5.0,0.31,358,5.96667,False
0.3122386634349823,0.002238661050796509,-0.007322072982788086,0.00041572190821170807,-0.032959938049316406,-0.07457409054040909,-0.046513766050338745,0.5018259882926941,-0.14566059410572052,1.3740582466125488,0.17155562341213226,-0.026230335235595703,5.0,5.0,0.31,359,5.98333,False
0.31002894043922424,2.893805503845215e-05,-0.01076960563659668,0.008797410875558853,-0.037114620208740234,-0.14671793580055237,-0.1006331816315651,0.500008761882782,0.03518611565232277,0.6887569427490234,0.5023434162139893,-0.11850035190582275,5.0,5.0,0.31,360,6.0,False
0.3079061210155487,-0.002093881368637085,-0.011812686920166016,0.011732222512364388,-0.03865313529968262,-0.20545566082000732,-0.04714496433734894,0.37740641832351685,0.15626400709152222,1.0739673376083374,0.16304689645767212,-0.16762161254882812,5.0,5.0,0.31,361,6.01667,False
0.306167334318161,-0.0038326680660247803,-0.011690378189086914,0.012245271354913712,-0.03891706466674805,-0.19549405574798584,-0.012998118996620178,0.2478102743625641,0.25597041845321655,1.581876516342163,0.2679131031036377,-4.296352386474609,4.760690689086914,4.760690689086914,0.31,362,6.03333,False
0.3051536977291107,-0.004846304655075073,-0.012644052505493164,0.013720923103392124,-0.04030156135559082,-0.20233094692230225,0.017618387937545776,0.22252580523490906,0.4442020058631897,1.846798300743103,0.10561468452215195,-0.06609249114990234,5.0,5.0,0.31,363,6.05,False
0.30572250485420227,-0.0042774975299835205,-0.011522769927978516,0.010672586038708687,-0.039235591888427734,-0.281189501285553,0.0323604941368103,0.27870023250579834,0.6642352342605591,1.767704725265503,0.054670415818691254,5.0,5.0,5.0,0.31,364,6.06667,False
0.30785951018333435,-0.0021404922008514404,-0.007647275924682617,0.0022000372409820557,-0.03496980667114258,-0.2989557981491089,0.040083616971969604,0.3353751599788666,1.0979697704315186,0.9566304683685303,0.8459671139717102,5.0,5.0,5.0,0.31,365,6.08333,False
0.3101893663406372,0.00018936395645141602,-0.002644062042236328,-0.008218112401664257,-0.029356718063354492,-0.26905304193496704,0.05012515187263489,0.3556632995605469,1.878180980682373,-0.4391416311264038,2.5569093227386475,5.0,-0.11501312255859375,5.0,0.31,366,6.1,False
0.31171002984046936,0.0017100274562835693,0.0020599365234375,-0.017628688365221024,-0.023975849151611328,-0.21003344655036926,0.03727957606315613,0.3493049442768097,2.0832114219665527,-1.449605941772461,1.0630756616592407,5.0,-5.0,5.0,0.31,367,6.11667,False
0.3123449683189392,0.002344965934753418,0.004696846008300781,-0.02290465496480465,-0.020992755889892578,-0.1413663774728775,0.03268672525882721,0.3372739851474762,1.7766437530517578,-0.2137775421142578,1.62125563621521,5.0,1.6652374267578125,5.0,0.31,368,6.13333,False
0.3124241530895233,0.0024241507053375244,0.0052623748779296875,-0.02404783107340336,-0.020542383193969727,-0.1177554726600647,0.013915643095970154,0.3647424876689911,0.8935049772262573,0.6827998757362366,1.5837851762771606,5.0,5.0,5.0,0.31,369,6.15,False
0.31285008788108826,0.002850085496902466,0.005030393600463867,-0.02371590957045555,-0.021042346954345703,-0.12881220877170563,0.02538299560546875,0.33940884470939636,0.395507276058197,0.4331618845462799,0.31032082438468933,3.7515783309936523,5.0,5.0,0.31,370,6.16667,False
0.3140442967414856,0.004044294357299805,0.00600743293762207,-0.025455079972743988,-0.020091772079467773,-0.15387603640556335,0.03154580295085907,0.33385467529296875,0.4007377326488495,0.7164947390556335,0.08030486851930618,5.0,2.818571090698242,5.0,0.31,371,6.18333,False
0.3155217468738556,0.0055217444896698,0.00616455078125,-0.025672806426882744,-0.020087003707885742,-0.14055174589157104,0.013458728790283203,0.36813193559646606,0.003212839365005493,1.202815294265747,0.3945337235927582,3.406942129135132,5.0,5.0,0.31,372,6.2,False
0.31601348519325256,0.0060134828090667725,0.0037615299224853516,-0.021084679290652275,-0.023087501525878906,-0.07961314171552658,-0.013498954474925995,0.4429742097854614,0.08434312045574188,1.1389192342758179,0.01066482812166214,5.0,5.0,5.0,0.31,373,6.21667,False
0.3149275481700897,0.004927545785903931,-0.0019180774688720703,-0.01036984845995903,-0.029943466186523438,-0.07090437412261963,-0.060791291296482086,0.5350236296653748,0.28288954496383667,0.7723139524459839,0.1738201081752777,-5.0,5.0,5.0,0.31,374,6.23333,False
0.3126886487007141,0.0026886463165283203,-0.007991790771484375,0.001245531253516674,-0.03714394569396973,-0.13091742992401123,-0.09251626580953598,0.5355958342552185,0.3167632520198822,0.24396595358848572,0.28029900789260864,-2.6885061264038086,4.785297393798828,4.785297393798828,0.31,375,6.25,False
0.31037452816963196,0.000374525785446167,-0.008677244186401367,0.0037409751676023006,-0.03817248344421387,-0.20594023168087006,-0.07405321300029755,0.4644354581832886,0.31134307384490967,0.060659900307655334,0.03363048657774925,-0.6924018859863281,0.8878322243690491,0.8878322243690491,0.31,376,6.26667,False
0.3084896206855774,-0.0015103816986083984,-0.006960153579711914,0.0018821887206286192,-0.0365750789642334,-0.20565225183963776,-0.03283350169658661,0.31895455718040466,0.24141459167003632,1.1916770935058594,1.2840899229049683,-2.007324695587158,5.0,5.0,0.31,377,6.28333,False
0.307213693857193,-0.002786308526992798,-0.008179426193237305,0.0040555731393396854,-0.038338661193847656,-0.18959173560142517,-0.00857725739479065,0.2210678905248642,0.27200570702552795,1.8655048608779907,0.45497968792915344,-3.069091796875,5.0,5.0,0.31,378,6.3,False
0.30695199966430664,-0.0030480027198791504,-0.009074687957763672,0.00506827887147665,-0.03963446617126465,-0.21805904805660248,0.028309226036071777,0.20529042184352875,0.7012004256248474,1.7304507493972778,0.20244772732257843,5.0,5.0,5.0,0.31,379,6.31667,False
0.30822640657424927,-0.0017735958099365234,-0.0062792301177978516,-0.000266882823780179,-0.036571502685546875,-0.2703438103199005,0.021546661853790283,0.30601611733436584,1.1446367502212524,1.1704930067062378,0.5101884603500366,5.0,5.0,5.0,0.31,380,6.33333,False
0.31017959117889404,0.00017958879470825195,-0.0009999275207519531,-0.009498165920376778,-0.030603647232055664,-0.26234155893325806,0.03650370240211487,0.3520869314670563,1.4061285257339478,0.11163625121116638,1.1895555257797241,5.0,-0.07654738426208496,5.0,0.31,381,6.35,False
0.3114745616912842,0.0014745593070983887,0.0036673545837402344,-0.0173400416970253,-0.02530360221862793,-0.1952713280916214,0.036921411752700806,0.38820552825927734,1.4551995992660522,-1.41117525100708,2.3213629722595215,5.0,-1.9016246795654297,5.0,0.31,382,6.36667,False
0.3120470941066742,0.0020470917224884033,0.006373405456542969,-0.021758360788226128,-0.02218937873840332,-0.12052597105503082,0.019394516944885254,0.3797168731689453,1.4239188432693481,-0.912804126739502,0.24935226142406464,5.0,-5.0,5.0,0.31,383,6.38333,False
0.3119233250617981,0.0019233226776123047,0.007170438766479492,-0.02276376634836197,-0.021394968032836914,-0.06957913190126419,0.0213022381067276,0.38658106327056885,1.0468217134475708,0.07260268926620483,1.1132287979125977,5.0,5.0,5.0,0.31,384,6.4,False
0.31229329109191895,0.0022932887077331543,0.008459806442260742,-0.024256154894828796,-0.020089387893676758,-0.1120273694396019,0.03561806678771973,0.39344140887260437,0.810644268989563,0.978657066822052,0.8767143487930298,5.0,5.0,5.0,0.31,385,6.41667,False
0.3125751316547394,0.002575129270553589,0.0058481693267822266,-0.01988394930958748,-0.023366212844848633,-0.04951616749167442,0.04490651935338974,0.3105000853538513,-0.5107751488685608,0.3875831365585327,2.095517873764038,-5.0,-0.3368053436279297,5.0,0.31,386,6.43333,False
0.3122608959674835,0.0022608935832977295,6.866455078125e-05,-0.01082312036305666,-0.03037571907043457,-0.04496943950653076,0.05299941822886467,0.2690615653991699,-0.32803231477737427,1.8612221479415894,2.2050070762634277,0.8572826385498047,5.0,5.0,0.31,387,6.45,False
0.31186509132385254,0.001865088939666748,-0.004954099655151367,-0.002731621265411377,-0.03643202781677246,-0.07932884991168976,-0.009455770254135132,0.39993372559547424,0.26898443698883057,1.8550797700881958,0.35646674036979675,2.057858467102051,5.0,5.0,0.31,388,6.46667,False
0.3104597330093384,0.0004597306251525879,-0.010961294174194336,0.007255779579281807,-0.04352426528930664,-0.1104365736246109,-0.03340701758861542,0.47778135538101196,0.21363089978694916,1.4988384246826172,0.1299719214439392,-2.6880617141723633,5.0,5.0,0.31,389,6.48333,False
0.3086494505405426,-0.0013505518436431885,-0.014798641204833984,0.013746112585067749,-0.04809069633483887,-0.19431215524673462,-0.07860656082630157,0.4747978448867798,0.2764158844947815,0.5075183510780334,0.986657440662384,-0.12807464599609375,5.0,5.0,0.31,390,6.5,False
0.30774131417274475,-0.00225868821144104,-0.012750625610351562,0.011038258671760559,-0.04602241516113281,-0.2917781472206116,-0.014060020446777344,0.39394742250442505,0.30257660150527954,0.7464374899864197,0.057766739279031754,5.0,5.0,5.0,0.31,391,6.51667,False
0.30770036578178406,-0.0022996366024017334,-0.009600639343261719,0.006250170059502125,-0.04274630546569824,-0.26562148332595825,-0.010297656059265137,0.3041066527366638,0.5891191959381104,1.600077748298645,0.8108083605766296,2.5984182357788086,5.0,5.0,0.31,392,6.53333,False
0.30805087089538574,-0.0019491314888000488,-0.008616924285888672,0.004233161918818951,-0.04189467430114746,-0.25241127610206604,0.016200333833694458,0.268772155046463,0.837530255317688,1.2649943828582764,0.17398890852928162,5.0,5.0,5.0,0.31,393,6.55,False
0.308798223733902,-0.0012017786502838135,-0.006824493408203125,0.0008179601281881332,-0.040019989013671875,-0.2366071343421936,0.03664413094520569,0.29529574513435364,1.2776882648468018,0.6076833009719849,0.625796914100647,5.0,5.0,5.0,0.31,394,6.56667,False
0.3102715015411377,0.0002714991569519043,-0.0021953582763671875,-0.006699714809656143,-0.03481316566467285,-0.25091609358787537,0.03163975477218628,0.37412843108177185,1.262523889541626,0.2886160910129547,0.1020338386297226,5.0,3.861849784851074,5.0,0.31,395,6.58333,False
0.3116390109062195,0.0016390085220336914,0.002749919891357422,-0.014325538650155067,-0.029208660125732422,-0.1974496692419052,0.02353876829147339,0.4165562689304352,1.2419407367706299,-0.4681316018104553,0.5730907917022705,5.0,-2.128763198852539,5.0,0.31,396,6.6,False
0.31239649653434753,0.002396494150161743,0.0056650638580322266,-0.018587596714496613,-0.025892019271850586,-0.14567668735980988,0.038082003593444824,0.40296679735183716,1.2218031883239746,-0.38521048426628113,0.007281432393938303,5.0,-0.22314167022705078,5.0,0.31,397,6.61667,False
0.31228747963905334,0.0022874772548675537,0.0049359798431396484,-0.017308374866843224,-0.026822566986083984,-0.08054644614458084,0.009821899235248566,0.42636483907699585,0.7204419374465942,-0.09777692705392838,0.33398115634918213,5.0,0.13144826889038086,5.0,0.31,398,6.63333,False
0.3116724193096161,0.0016724169254302979,0.0028557777404785156,-0.013823081739246845,-0.029427766799926758,-0.0862274020910263,-0.014248140156269073,0.43168503046035767,0.3646550476551056,0.6318446397781372,0.6589319705963135,-5.0,5.0,5.0,0.31,399,6.65,False
0.3115229308605194,0.0015229284763336182,0.0016050338745117188,-0.011405393481254578,-0.03108692169189453,-0.11520074307918549,-0.01385863870382309,0.4473463296890259,0.1294083148241043,0.628308892250061,0.05535352602601051,4.112435340881348,5.0,5.0,0.31,400,6.66667,False
0.31164494156837463,0.0016449391841888428,0.00014090538024902344,-0.008853934705257416,-0.03302288055419922,-0.11859221756458282,0.0019613057374954224,0.35633111000061035,0.004803318530321121,1.3044469356536865,0.47268906235694885,1.1456633806228638,5.0,5.0,0.31,401,6.68333,False
0.31215181946754456,0.0021518170833587646,-0.002451181411743164,-0.005053416825830936,-0.036286115646362305,-0.15656746923923492,0.008352428674697876,0.33027005195617676,-0.07793737947940826,1.5923266410827637,0.08972074836492538,-0.711432695388794,5.0,5.0,0.31,402,6.7,False
0.3128046989440918,0.002804696559906006,-0.0047109127044677734,-0.0018237833864986897,-0.03911852836608887,-0.17387689650058746,0.0010201334953308105,0.3502790629863739,-0.004567611962556839,1.7507975101470947,0.03049613907933235,2.743223190307617,5.0,5.0,0.31,403,6.71667,False
0.3130377531051636,0.003037750720977783,-0.0059893131256103516,0.00013080472126603127,-0.040789127349853516,-0.202671617269516,-0.03425765037536621,0.4264254868030548,0.1835627555847168,1.5496699810028076,0.07584531605243683,3.798280715942383,5.0,5.0,0.31,404,6.73333,False
0.3126603960990906,0.002660393714904785,-0.0071125030517578125,0.0019760881550610065,-0.04226970672607422,-0.2113262563943863,-0.043637633323669434,0.49264031648635864,0.3661564886569977,0.7767028212547302,0.6308186650276184,2.635525703430176,5.0,5.0,0.31,405,6.75,False
0.31232184171676636,0.0023218393325805664,-0.006529331207275391,0.0014268686063587666,-0.04181075096130371,-0.2539108693599701,-0.0575566440820694,0.4958815574645996,0.5385352373123169,0.4073348045349121,0.1661471724510193,5.0,5.0,5.0,0.31,406,6.76667,False
0.3126961886882782,0.0026961863040924072,-0.0029425621032714844,-0.0033473712392151356,-0.037912607192993164,-0.26852044463157654,-0.014220654964447021,0.4647367596626282,0.548245906829834,0.5044934749603271,0.009534104727208614,-4.489957809448242,2.0140161514282227,4.489957809448242,0.31,407,6.78333,False
0.3128361105918884,0.0028361082077026367,-0.002031087875366211,-0.004710421897470951,-0.0371241569519043,-0.22204871475696564,0.015388339757919312,0.356704443693161,0.3717328906059265,0.7029321789741516,0.07053476572036743,2.546571731567383,3.2885799407958984,3.2885799407958984,0.31,408,6.8,False
0.3131338953971863,0.0031338930130004883,-0.002977609634399414,-0.003900524228811264,-0.03846931457519531,-0.21049654483795166,0.03305256366729736,0.31494376063346863,0.5019671320915222,0.8640346527099609,0.04291496425867081,5.0,5.0,5.0,0.31,409,6.81667,False
0.3142363429069519,0.004236340522766113,-0.001294851303100586,-0.006792300846427679,-0.03668570518493652,-0.25497010350227356,0.033255308866500854,0.40731820464134216,0.8898032903671265,0.8555591106414795,0.1504887193441391,4.832515716552734,5.0,5.0,0.31,410,6.83333,False
0.31557464599609375,0.005574643611907959,0.0023956298828125,-0.012166055850684643,-0.032544612884521484,-0.2370569407939911,0.024777501821517944,0.4885109066963196,1.187037467956543,0.2240670621395111,0.4871303141117096,5.0,3.1545002460479736,5.0,0.31,411,6.85,False
0.31607136130332947,0.006071358919143677,0.005240201950073242,-0.01590855047106743,-0.0293734073638916,-0.19220808148384094,0.053405314683914185,0.5295571088790894,1.1755841970443726,-0.8404145240783691,1.1332522630691528,5.0,-5.0,5.0,0.31,412,6.86667,False
0.3155615031719208,0.005561500787734985,0.006226539611816406,-0.016686633229255676,-0.028316020965576172,-0.13660912215709686,0.05045031011104584,0.5281425714492798,0.8546491265296936,-0.9423584938049316,0.11339189112186432,5.0,-4.35481071472168,5.0,0.31,413,6.88333,False
0.31444141268730164,0.004441410303115845,0.005090475082397461,-0.014552061446011066,-0.02969956398010254,-0.11431002616882324,0.03508302569389343,0.4914711117744446,0.43078848719596863,0.10823056101799011,1.2833952903747559,5.0,-0.3930683135986328,5.0,0.31,414,6.9,False
0.31378477811813354,0.003784775733947754,0.005168914794921875,-0.014121273532509804,-0.02982640266418457,-0.1595132052898407,0.025075674057006836,0.4767706096172333,0.10509421676397324,0.7945048809051514,0.5770491361618042,1.7789814472198486,5.0,5.0,0.31,415,6.91667,False
0.3136404752731323,0.003640472888946533,0.002669811248779297,-0.010774057358503342,-0.033048152923583984,-0.13971924781799316,0.045021653175354004,0.32801949977874756,-0.06426770985126495,1.249294638633728,0.23551717400550842,-3.103529930114746,3.889402389526367,3.889402389526367,0.31,416,6.93333,False
0.314140647649765,0.004140645265579224,-0.0019364356994628906,-0.005145922303199768,-0.03870391845703125,-0.17458580434322357,0.06364947557449341,0.25632086396217346,0.006596807390451431,1.6871408224105835,0.1967310607433319,-0.009056180715560913,4.045749664306641,4.045749664306641,0.31,417,6.95,False
0.3150900900363922,0.005090087652206421,-0.0046787261962890625,-0.0020462404936552048,-0.042066335678100586,-0.22355547547340393,0.03171232342720032,0.37248650193214417,0.1808142066001892,1.7558724880218506,0.03507574647665024,-5.0,5.0,5.0,0.31,418,6.96667,False
0.3151715099811554,0.0051715075969696045,-0.006865739822387695,0.0005875336937606335,-0.04473567008972168,-0.21404296159744263,0.002320200204849243,0.46991777420043945,0.43459832668304443,1.489091396331787,0.13557852804660797,-5.0,5.0,5.0,0.31,419,6.98333,False
0.31350579857826233,0.003505796194076538,-0.011248350143432617,0.006228253245353699,-0.0498502254486084,-0.2117680013179779,-0.03622262179851532,0.5013489127159119,0.42987313866615295,0.07741440832614899,1.9928542375564575,0.019037246704101562,3.869729995727539,3.869729995727539,0.31,420,7.0,False
0.31138327717781067,0.001383274793624878,-0.011661291122436523,0.006796473637223244,-0.05040454864501953,-0.27731597423553467,-0.042760029435157776,0.47096890211105347,0.7425917387008667,-0.21561825275421143,0.1836610585451126,5.0,-0.8109626770019531,5.0,0.31,421,7.01667,False
0.31019747257232666,0.00019747018814086914,-0.0062046051025390625,-0.00012180209159851074,-0.044382572174072266,-0.3138130307197571,-0.012114673852920532,0.3872314989566803,0.7313222885131836,0.6284832954406738,0.7126344442367554,5.0,5.0,5.0,0.31,422,7.03333,False
0.3095349669456482,-0.00046503543853759766,-0.005074024200439453,-0.0019119367934763432,-0.043447017669677734,-0.23782405257225037,0.027431190013885498,0.27099207043647766,0.5012796521186829,0.9483640193939209,0.15524329245090485,1.0055303573608398,5.0,5.0,0.31,423,7.05,False
0.30922040343284607,-0.0007795989513397217,-0.0069332122802734375,-0.0001304582692682743,-0.04588747024536133,-0.21559305489063263,0.0514761358499527,0.22818003594875336,0.7194016575813293,1.091524600982666,0.06807216256856918,5.0,5.0,5.0,0.31,424,7.06667,False
0.31015878915786743,0.00015878677368164062,-0.005541563034057617,-0.0025021845940500498,-0.04441690444946289,-0.24802544713020325,0.05647435784339905,0.3068923056125641,1.0016980171203613,1.0480388402938843,0.08158224076032639,5.0,5.0,5.0,0.31,425,7.08333,False
0.31160303950309753,0.0016030371189117432,-0.0010638236999511719,-0.008530406281352043,-0.039310455322265625,-0.2346462607383728,0.03657427430152893,0.4095885455608368,1.0096251964569092,0.4884537160396576,0.3131983280181885,5.0,5.0,5.0,0.31,426,7.1,False
0.3119265139102936,0.001926511526107788,0.0013308525085449219,-0.011420832946896553,-0.036629676818847656,-0.14459450542926788,0.0025809258222579956,0.4955880045890808,0.9500386714935303,-0.9519015550613403,2.078173875808716,5.0,-5.0,5.0,0.31,427,7.11667,False
0.3110635280609131,0.001063525676727295,0.0015399456024169922,-0.011145463213324547,-0.03639531135559082,-0.09887421131134033,0.002616479992866516,0.4918428957462311,1.1339714527130127,-0.9260790348052979,0.03449806943535805,5.0,-2.9359607696533203,5.0,0.31,428,7.13333,False
0.30964046716690063,-0.00035953521728515625,0.0001697540283203125,-0.008792508393526077,-0.03797578811645508,-0.08450242877006531,0.004490092396736145,0.46337223052978516,0.46804940700531006,-0.12370244413614273,1.087260365486145,5.0,4.529765605926514,5.0,0.31,429,7.15,False
0.3089692294597626,-0.0010307729244232178,0.0008866786956787109,-0.009051477536559105,-0.03732156753540039,-0.13935983180999756,0.00805036723613739,0.3803671896457672,0.13122333586215973,0.9249655604362488,1.2131564617156982,2.621734380722046,5.0,5.0,0.31,430,7.16667,False
0.30934882164001465,-0.0006511807441711426,-0.0013816356658935547,-0.00614523608237505,-0.04024553298950195,-0.14841169118881226,0.03142358362674713,0.260994017124176,-0.13408862054347992,1.375710368156433,0.2735612988471985,-4.719960689544678,5.0,5.0,0.31,431,7.18333,False
0.3104446530342102,0.00044465065002441406,-0.005995035171508789,-0.0008247937075793743,-0.045813798904418945,-0.17171072959899902,0.050555646419525146,0.19139109551906586,-0.060738835483789444,1.9216690063476562,0.3034510314464569,-2.253420829772949,4.648475646972656,4.648475646972656,0.31,432,7.2,False
0.312050998210907,0.0020509958267211914,-0.00811624526977539,0.0014136219397187233,-0.0483853816986084,-0.2169773429632187,0.011457547545433044,0.29769569635391235,0.1995192915201187,1.876601219177246,0.06976540386676788,3.1335601806640625,5.0,5.0,0.31,433,7.21667,False
0.3123210072517395,0.002321004867553711,-0.011978864669799805,0.0059031276032328606,-0.05290484428405762,-0.2066093385219574,-0.02115790545940399,0.39146339893341064,0.3175811767578125,1.4478483200073242,0.19776766002178192,0.23962020874023438,5.0,5.0,0.31,434,7.23333,False
0.3112218379974365,0.0012218356132507324,-0.01690053939819336,0.011679018847644329,-0.05863022804260254,-0.25476646423339844,-0.04776415228843689,0.42437753081321716,0.5571984052658081,0.6354325413703918,0.7174358367919922,5.0,5.0,5.0,0.31,435,7.25,False
0.31026491522789,0.00026491284370422363,-0.01514577865600586,0.009375648573040962,-0.05669879913330078,-0.3166889548301697,-0.04794050753116608,0.41181910037994385,0.9388267993927002,-0.17099785804748535,0.7959702014923096,-5.0,-3.729041576385498,5.0,0.31,436,7.26667,False
0.3096528649330139,-0.000347137451171875,-0.008541584014892578,0.0013200566172599792,-0.04929995536804199,-0.2959059774875641,-0.006218940019607544,0.3100109100341797,0.9917038083076477,0.17499712109565735,0.12250850349664688,-5.0,2.1546127796173096,5.0,0.31,437,7.28333,False
0.3094761371612549,-0.0005238652229309082,-0.004960775375366211,-0.0032743094488978386,-0.0453801155090332,-0.2577212452888489,0.013165280222892761,0.24217571318149567,0.6223934888839722,0.7565670609474182,0.47461366653442383,5.0,3.6984500885009766,5.0,0.31,438,7.3,False
0.3095651865005493,-0.0004348158836364746,-0.004207611083984375,-0.004590760450810194,-0.04471874237060547,-0.20395788550376892,0.032193854451179504,0.18971392512321472,0.6643885970115662,0.8113646507263184,0.004766365047544241,5.0,4.574947357177734,5.0,0.31,439,7.31667,False
0.31029045581817627,0.0002904534339904785,-0.0022270679473876953,-0.007401975803077221,-0.04251265525817871,-0.2231874167919159,0.040295228362083435,0.2486327588558197,1.2303674221038818,0.8056657910346985,0.32036450505256653,5.0,5.0,5.0,0.31,440,7.33333,False
0.31158384680747986,0.0015838444232940674,0.002415180206298828,-0.01316029392182827,-0.03716754913330078,-0.2012123167514801,0.03292855620384216,0.342515230178833,1.3530418872833252,0.07583053410053253,0.5477085709571838,5.0,3.4572534561157227,5.0,0.31,441,7.35,False
0.311956524848938,0.0019565224647521973,0.005049705505371094,-0.016106892377138138,-0.03411293029785156,-0.11823171377182007,0.01629909873008728,0.42130422592163086,0.8519202470779419,-0.7013272047042847,0.8550969958305359,-5.0,-5.0,5.0,0.31,442,7.36667,False
0.31078433990478516,0.0007843375205993652,0.004118919372558594,-0.014278395101428032,-0.03519177436828613,-0.03858378529548645,-0.004691107198596001,0.43776631355285645,0.6698052883148193,-0.5632795691490173,0.05222300440073013,-5.0,-2.7674436569213867,5.0,0.31,443,7.38333,False
0.30930787324905396,-0.0006921291351318359,0.002148151397705078,-0.011013993062078953,-0.037473440170288086,-0.059062909334897995,0.005262214690446854,0.413508802652359,0.6060497164726257,0.6068193912506104,1.3731964826583862,3.5741758346557617,5.0,5.0,0.31,444,7.4,False
0.3085276186466217,-0.001472383737564087,0.0011715888977050781,-0.009045656770467758,-0.03873610496520996,-0.10130543261766434,-0.014280013740062714,0.39354950189590454,-0.03465629741549492,0.9379212260246277,0.5201326012611389,-1.8966392278671265,5.0,5.0,0.31,445,7.41667,False
0.3082653880119324,-0.001734614372253418,-0.0027904510498046875,-0.003966092132031918,-0.043631553649902344,-0.07150246948003769,0.027652733027935028,0.23305198550224304,-0.31046274304389954,1.5802918672561646,0.4887092411518097,-5.0,2.7947826385498047,5.0,0.31,446,7.43333,False
0.3089369535446167,-0.0010630488395690918,-0.0072019100189208984,0.0012943213805556297,-0.04894876480102539,-0.12043966352939606,0.028066769242286682,0.2496623396873474,0.0008580796420574188,1.9505292177200317,0.23399633169174194,1.1126068830490112,5.0,5.0,0.31,447,7.45,False
0.30961713194847107,-0.0003828704357147217,-0.01012563705444336,0.004812860861420631,-0.05243825912475586,-0.15225131809711456,-0.024110086262226105,0.36479267477989197,0.18766461312770844,2.055626630783081,0.045942146331071854,1.9503285884857178,5.0,5.0,0.31,448,7.46667,False
0.30907487869262695,-0.0009251236915588379,-0.014954328536987305,0.01063123531639576,-0.0580439567565918,-0.16668622195720673,-0.0688529685139656,0.45463794469833374,0.2613113820552826,1.2532707452774048,0.6491988301277161,-0.794395923614502,5.0,5.0,0.31,449,7.48333,False
0.3078290820121765,-0.0021709203720092773,-0.018822669982910156,0.015219328925013542,-0.06248593330383301,-0.22302363812923431,-0.09017881006002426,0.46288546919822693,0.43108078837394714,0.3330037295818329,0.8757129907608032,0.21114253997802734,5.0,5.0,0.31,450,7.5,False
0.3072562515735626,-0.002743750810623169,-0.014534950256347656,0.010303602553904057,-0.05775642395019531,-0.2906951606273651,-0.030232563614845276,0.37466761469841003,0.6097008585929871,0.22108927369117737,0.044429972767829895,5.0,4.744004726409912,5.0,0.31,451,7.51667,False
0.30736806988716125,-0.002631932497024536,-0.010009288787841797,0.004841732792556286,-0.05280494689941406,-0.25936901569366455,-0.014123275876045227,0.2914859354496002,0.6626975536346436,1.125423789024353,0.8206295967102051,1.9753971099853516,5.0,5.0,0.31,452,7.53333,False
0.30766651034355164,-0.0023334920406341553,-0.009163618087768555,0.003378317691385746,-0.05206108093261719,-0.21733219921588898,0.020290300250053406,0.23538139462471008,0.7632473707199097,1.1112604141235352,0.010310866869986057,5.0,2.528837203979492,5.0,0.31,453,7.55,False
0.3080298900604248,-0.0019701123237609863,-0.007956981658935547,0.001495294738560915,-0.050806283950805664,-0.19373521208763123,0.03417485952377319,0.24313364923000336,1.0553797483444214,0.5310325026512146,0.4220057725906372,5.0,-5.0,5.0,0.31,454,7.56667,False
0.3092377185821533,-0.0007622838020324707,-0.0023458003997802734,-0.005343291908502579,-0.04434704780578613,-0.22050343453884125,0.0388835072517395,0.34031346440315247,1.3067576885223389,0.24223530292510986,0.14659470319747925,5.0,3.5639209747314453,5.0,0.31,455,7.58333,False
0.3103131651878357,0.00031316280364990234,0.004473209381103516,-0.013195919804275036,-0.03644609451293945,-0.15794339776039124,0.045269355177879333,0.39807358384132385,1.1866551637649536,-0.45330989360809326,0.4982077479362488,5.0,-1.7660951614379883,5.0,0.31,456,7.6,False
0.3105239272117615,0.0005239248275756836,0.007952213287353516,-0.016845334321260452,-0.03235960006713867,-0.07748450338840485,0.013045348227024078,0.4153127074241638,0.8588030934333801,-0.6042876243591309,0.1302812546491623,5.0,-2.521900177001953,5.0,0.31,457,7.61667,False
0.3101484477519989,0.00014844536781311035,0.0076220035552978516,-0.015951169654726982,-0.032689809799194336,-0.04352520406246185,0.016095712780952454,0.42159441113471985,0.8062518239021301,-0.08871304243803024,0.26857876777648926,5.0,1.7070913314819336,5.0,0.31,458,7.63333,False
0.30973246693611145,-0.0002675354480743408,0.0048677921295166016,-0.012305893003940582,-0.035878896713256836,-0.04129795357584953,0.0010184571146965027,0.4303068220615387,0.30892542004585266,0.4595358371734619,0.5479103922843933,5.0,5.0,5.0,0.31,459,7.65,False
0.30976882576942444,-0.00023117661476135254,0.0028984546661376953,-0.009493726305663586,-0.03832101821899414,-0.05895404517650604,0.016041692346334457,0.3769986927509308,0.09033462405204773,0.9089623093605042,0.24976608157157898,2.1502914428710938,5.0,5.0,0.31,460,7.66667,False
0.31084033846855164,0.0008403360843658447,0.000774383544921875,-0.0068541644141077995,-0.040947914123535156,-0.1270013153553009,0.022691689431667328,0.30470168590545654,-0.13404999673366547,1.6618216037750244,0.6171455979347229,1.2766056060791016,5.0,5.0,0.31,461,7.68333,False
0.31187498569488525,0.0018749833106994629,-0.0033369064331054688,-0.0022001699544489384,-0.045838117599487305,-0.11666090041399002,0.010761924088001251,0.3127252161502838,-0.2978295087814331,1.8188854455947876,0.051492780447006226,-5.0,2.2748775482177734,5.0,0.31,462,7.7,False
0.31181102991104126,0.0018110275268554688,-0.008635520935058594,0.0038536395877599716,-0.052010297775268555,-0.12588222324848175,-0.04170849919319153,0.3967166543006897,0.22185169160366058,1.9532279968261719,0.2881164848804474,0.1109914779663086,5.0,5.0,0.31,463,7.71667,False
0.3100269138813019,2.6911497116088867e-05,-0.015309810638427734,0.011606117710471153,-0.05965685844421387,-0.15234601497650146,-0.02664215862751007,0.4593736529350281,0.38866573572158813,0.7875385880470276,1.386658787727356,-0.11418628692626953,5.0,5.0,0.31,464,7.73333,False
0.30840829014778137,-0.001591712236404419,-0.01710796356201172,0.013593251816928387,-0.06179404258728027,-0.26049456000328064,-0.0655599981546402,0.4136958420276642,0.4896307587623596,0.8279812335968018,0.011829542927443981,-0.14937686920166016,5.0,5.0,0.31,465,7.75,False
0.3078688681125641,-0.002131134271621704,-0.011134147644042969,0.0067769866436719894,-0.05516767501831055,-0.275947630405426,-0.02490149438381195,0.3226541578769684,0.6080966591835022,0.43537020683288574,0.16817758977413177,-3.4819869995117188,3.1377363204956055,3.4819869995117188,0.31,466,7.76667,False
0.30723702907562256,-0.0027629733085632324,-0.011388540267944336,0.006581139750778675,-0.055814504623413086,-0.1856706738471985,0.011808276176452637,0.17642174661159515,0.47342783212661743,1.051154375076294,0.3973258435726166,2.2768592834472656,3.8506221771240234,3.8506221771240234,0.31,467,7.78333,False
0.3074434995651245,-0.0025565028190612793,-0.011597394943237305,0.006079507060348988,-0.056264638900756836,-0.21606996655464172,0.03228749334812164,0.21401986479759216,0.9333979487419128,1.2164167165756226,0.23888415098190308,4.597866058349609,5.0,5.0,0.31,468,7.8,False
0.30862945318222046,-0.001370549201965332,-0.006926298141479492,0.0001758378930389881,-0.05094432830810547,-0.2500739097595215,0.0395951122045517,0.2754799723625183,1.4449924230575562,0.6347219944000244,0.60009765625,5.0,5.0,5.0,0.31,469,7.81667,False
0.3105773329734802,0.0005773305892944336,0.0005421638488769531,-0.00877521000802517,-0.04227256774902344,-0.23193641006946564,0.04717378318309784,0.327226459980011,1.4630924463272095,-0.1545606553554535,0.6232947111129761,5.0,2.100339889526367,5.0,0.31,470,7.83333,False
0.3117416799068451,0.0017416775226593018,0.007813453674316406,-0.01713210716843605,-0.0337066650390625,-0.1784365475177765,0.027944907546043396,0.3532250225543976,1.4755076169967651,-1.0158941745758057,0.742049515247345,-1.8940887451171875,-5.0,5.0,0.31,471,7.85,False
0.31200557947158813,0.0020055770874023438,0.011965274810791016,-0.021676531061530113,-0.02873969078063965,-0.11026071012020111,0.0345953032374382,0.34406495094299316,1.3674761056900024,-0.38314303755760193,0.4120447635650635,5.0,-2.466991424560547,5.0,0.31,472,7.86667,False
0.31176140904426575,0.001761406660079956,0.011214971542358398,-0.02069723606109619,-0.029623746871948242,-0.07747180759906769,0.025966376066207886,0.3862583041191101,1.0041598081588745,0.42067229747772217,0.778117835521698,5.0,5.0,5.0,0.31,473,7.88333,False
0.31212738156318665,0.0021273791790008545,0.010535717010498047,-0.019847292453050613,-0.03047776222229004,-0.1159406304359436,0.010815002024173737,0.40390744805336,0.6764438152313232,0.5224944353103638,0.11776551604270935,-5.0,5.0,5.0,0.31,474,7.9,False
0.31303703784942627,0.0030370354652404785,0.011121988296508789,-0.02035520039498806,-0.029895305633544922,-0.11792871356010437,0.04101426154375076,0.34179776906967163,0.27094268798828125,0.3440457880496979,0.19627508521080017,0.22217369079589844,2.4423537254333496,2.4423537254333496,0.31,475,7.91667,False
0.3143811523914337,0.004381150007247925,0.010045766830444336,-0.019214477390050888,-0.03125,-0.14474216103553772,0.03932545334100723,0.32105499505996704,-0.04879363998770714,1.2865662574768066,0.9905762076377869,-1.926845669746399,5.0,5.0,0.31,476,7.93333,False
0.31566768884658813,0.005667686462402344,0.007615804672241211,-0.016599852591753006,-0.03412294387817383,-0.12669289112091064,0.013018645346164703,0.39910995960235596,0.22032074630260468,1.4947917461395264,0.11578039824962616,3.124645471572876,5.0,5.0,0.31,477,7.95,False
0.3154117465019226,0.005411744117736816,5.316734313964844e-05,-0.00826806016266346,-0.04295659065246582,-0.1046554371714592,-0.019444109871983528,0.49556076526641846,0.3966619670391083,0.9489085078239441,0.32908472418785095,0.3295135498046875,5.0,5.0,0.31,478,7.96667,False
0.3138163685798645,0.003816366195678711,-0.008260488510131836,0.0008885907009243965,-0.05251502990722656,-0.14913856983184814,-0.06498013436794281,0.5150442719459534,0.6977530121803284,0.24033454060554504,0.592732846736908,0.41137123107910156,5.0,5.0,0.31,479,7.98333,False
0.31161507964134216,0.001615077257156372,-0.010630607604980469,0.003600575029850006,-0.05517220497131348,-0.19562579691410065,-0.05885563790798187,0.44666022062301636,0.5424160957336426,-0.5001474618911743,0.5724431276321411,0.3278026580810547,-5.0,5.0,0.31,480,8.0,False
0.30932071805000305,-0.0006792843341827393,-0.007034778594970703,-7.899478077888489e-05,-0.05124664306640625,-0.20805047452449799,0.006392255425453186,0.27876490354537964,0.47170332074165344,0.2692868709564209,0.5970295071601868,5.0,-1.0871906280517578,5.0,0.31,481,8.01667,False
0.30818989872932434,-0.0018101036548614502,-0.0055217742919921875,-0.0018428449984639883,-0.049863576889038086,-0.19451777637004852,0.023204214870929718,0.1759825348854065,0.39436453580856323,1.659137487411499,1.9376660585403442,1.1755552291870117,5.0,5.0,0.31,482,8.03333,False
0.3079756200313568,-0.0020243823528289795,-0.005791425704956055,-0.001922254916280508,-0.05048060417175293,-0.18101079761981964,0.04721502959728241,0.1255691796541214,0.6934276223182678,1.6849716901779175,0.09010613709688187,5.0,5.0,5.0,0.31,483,8.05,False
0.3091306984424591,-0.0008693039417266846,-0.002928495407104492,-0.005439317785203457,-0.047315120697021484,-0.2217981517314911,0.04478916525840759,0.20070013403892517,1.0665932893753052,1.193041205406189,0.38124823570251465,5.0,5.0,5.0,0.31,484,8.06667,False
0.31102052330970764,0.0010205209255218506,0.0020554065704345703,-0.011179674416780472,-0.04146933555603027,-0.20501737296581268,0.033043958246707916,0.27967774868011475,1.2705429792404175,0.30058860778808594,0.8380671143531799,5.0,1.1148614883422852,5.0,0.31,485,8.08333,False
0.3121798634529114,0.002179861068725586,0.006987333297729492,-0.016408897936344147,-0.03566765785217285,-0.1351977288722992,0.008563660085201263,0.3326745331287384,1.1410431861877441,-0.6671352982521057,0.9532597661018372,-5.0,-3.4729995727539062,5.0,0.31,486,8.1,False
0.31207889318466187,0.0020788908004760742,0.008787870407104492,-0.017832888290286064,-0.03340744972229004,-0.05382900685071945,0.01608280837535858,0.3703034520149231,0.8588744401931763,-0.8682036399841309,0.1200476735830307,5.0,-5.0,5.0,0.31,487,8.11667,False
0.31094223260879517,0.000942230224609375,0.007170200347900391,-0.015216957777738571,-0.03517484664916992,-0.00985641311854124,-0.0031512787099927664,0.3687310218811035,0.5758147835731506,-0.0499064102768898,0.7497330904006958,5.0,-0.672898530960083,5.0,0.31,488,8.13333,False
0.3102298378944397,0.00022983551025390625,0.005918264389038086,-0.012974530458450317,-0.03665304183959961,-0.04839802533388138,-0.01042713038623333,0.35370832681655884,0.23381561040878296,0.9525017738342285,1.1217855215072632,-5.0,5.0,5.0,0.31,489,8.15,False
0.30992722511291504,-7.277727127075195e-05,0.000982522964477539,-0.0070009613409638405,-0.04258155822753906,-0.029200049117207527,0.018488984555006027,0.24038593471050262,-0.41039174795150757,1.047073483467102,0.42394691705703735,-4.860173225402832,5.0,5.0,0.31,490,8.16667,False
0.3100852370262146,8.52346420288086e-05,-0.0055027008056640625,0.0003363238647580147,-0.05036044120788574,-0.060706913471221924,0.04062904417514801,0.15121309459209442,-0.2346118539571762,2.2617642879486084,1.506372332572937,-5.0,5.0,5.0,0.31,491,8.18333,False
0.31078773736953735,0.0007877349853515625,-0.008981704711914062,0.00428969319909811,-0.05448102951049805,-0.11978265643119812,-0.009066136553883553,0.26881489157676697,0.11703459918498993,2.0536487102508545,0.16696733236312866,1.9151723384857178,5.0,5.0,0.31,492,8.2,False
0.3105904459953308,0.0005904436111450195,-0.013155937194824219,0.008963748812675476,-0.059264183044433594,-0.12392891943454742,-0.013557260856032372,0.3665311932563782,0.17552995681762695,1.8709769248962402,0.03679068759083748,-0.8977651596069336,5.0,5.0,0.31,493,8.21667,False
0.3089936673641205,-0.0010063350200653076,-0.01923370361328125,0.015584249049425125,-0.06617879867553711,-0.17104125022888184,-0.037600722163915634,0.417888343334198,0.13563299179077148,0.7452946901321411,1.2687523365020752,-0.02717304229736328,5.0,5.0,0.31,494,8.23333,False
0.3080993890762329,-0.0019006133079528809,-0.017586708068847656,0.01366637833416462,-0.06436705589294434,-0.27341029047966003,-0.052977174520492554,0.37651607394218445,0.53150475025177,0.6070834994316101,0.17581678926944733,5.0,5.0,5.0,0.31,495,8.25,False
0.3080103397369385,-0.0019896626472473145,-0.012303352355957031,0.007698971778154373,-0.05849957466125488,-0.2473706305027008,-0.018361195921897888,0.27558475732803345,0.7746932506561279,0.7192456722259521,0.07172099500894547,5.0,3.3048343658447266,5.0,0.31,496,8.26667,False
0.307400107383728,-0.0025998950004577637,-0.01298975944519043,0.00796891376376152,-0.059537649154663086,-0.1635112166404724,0.019230425357818604,0.18439356982707977,0.538134753704071,0.7866864204406738,0.06050817668437958,3.7076902389526367,4.01197624206543,4.01197624206543,0.31,497,8.28333,False
0.3071138560771942,-0.002886146306991577,-0.013424158096313477,0.007908579893410206,-0.06014537811279297,-0.1893913745880127,0.038003429770469666,0.20930753648281097,0.873332679271698,0.8779621720314026,0.12068890780210495,5.0,5.0,5.0,0.31,498,8.3,False
0.3082439601421356,-0.001756042242050171,-0.0074727535247802734,0.0010367832146584988,-0.053282737731933594,-0.23119649291038513,0.03753442317247391,0.3219299614429474,1.124904990196228,0.9442771077156067,0.0676862969994545,5.0,5.0,5.0,0.31,499,8.31667,False
0.3099358379840851,-6.416440010070801e-05,0.0014791488647460938,-0.008846933022141457,-0.04286074638366699,-0.20073597133159637,0.044050686061382294,0.3690813481807709,1.380671739578247,-0.14400935173034668,1.2497838735580444,5.0,-0.11485433578491211,5.0,0.31,500,8.33333,False
0.3109820783138275,0.0009820759296417236,0.00883340835571289,-0.016657184809446335,-0.03419160842895508,-0.1347132921218872,0.046159230172634125,0.3891426622867584,1.4758912324905396,-1.0235626697540283,0.7826808094978333,5.0,-5.0,5.0,0.31,501,8.35,False
0.3112773001194,0.0012772977352142334,0.011891603469848633,-0.01963731274008751,-0.030410051345825195,-0.06762172281742096,0.02338491380214691,0.3796284794807434,1.2179816961288452,-0.4075048267841339,0.4460446238517761,5.0,-0.2256011962890625,5.0,0.31,502,8.36667,False
0.31114065647125244,0.0011406540870666504,0.011398792266845703,-0.018682319670915604,-0.030977964401245117,-0.0519547238945961,0.006938103586435318,0.4167334735393524,0.699359118938446,0.648939311504364,1.385043740272522,-3.0126514434814453,5.0,5.0,0.31,503,8.38333,False
0.31146377325057983,0.001463770866394043,0.009929418563842773,-0.016798440366983414,-0.03266716003417969,-0.0770871564745903,0.0010807160288095474,0.43331003189086914,0.24595823884010315,0.6291876435279846,0.20596247911453247,2.4572811126708984,5.0,5.0,0.31,504,8.4,False
0.31234246492385864,0.0023424625396728516,0.008816719055175781,-0.01537376083433628,-0.034071922302246094,-0.09355297684669495,0.022836200892925262,0.3684162497520447,-0.003841940313577652,0.8110722303390503,0.09548213332891464,-5.0,5.0,5.0,0.31,505,8.41667,False
0.3139704465866089,0.003970444202423096,0.007671833038330078,-0.014172633178532124,-0.035427093505859375,-0.14701446890830994,0.016542691737413406,0.39828187227249146,-0.11929012835025787,1.7523211240768433,0.8992778062820435,3.4615912437438965,5.0,5.0,0.31,506,8.43333,False
0.3151306211948395,0.0051306188106536865,0.005292654037475586,-0.011641137301921844,-0.038152456283569336,-0.10552878677845001,-0.028536781668663025,0.46597909927368164,0.18293137848377228,1.5383079051971436,0.13713949918746948,-5.0,5.0,5.0,0.31,507,8.45,False
0.3142462372779846,0.004246234893798828,-0.002592325210571289,-0.0031613903120160103,-0.04724264144897461,-0.08103107661008835,-0.024163488298654556,0.5546984076499939,0.2660541236400604,0.9115509986877441,0.39973363280296326,-0.5114688873291016,5.0,5.0,0.31,508,8.46667,False
0.3121519386768341,0.0021519362926483154,-0.011278867721557617,0.006038270890712738,-0.05713915824890137,-0.14203348755836487,-0.07702749222517014,0.5597224235534668,0.39612889289855957,0.24380537867546082,0.46280360221862793,-0.09453201293945312,5.0,5.0,0.31,509,8.48333,False
0.31028997898101807,0.0002899765968322754,-0.010944366455078125,0.005649539642035961,-0.05678582191467285,-0.20277516543865204,-0.06479328870773315,0.45076099038124084,0.5386553406715393,0.029424548149108887,0.06627292931079865,5.0,0.5273556113243103,5.0,0.31,510,8.5,False
0.30859994888305664,-0.0014000535011291504,-0.008922815322875977,0.0034115221351385117,-0.05480384826660156,-0.1797776222229004,-0.0281883105635643,0.30193451046943665,0.40346649289131165,0.8070102334022522,0.622915506362915,5.0,5.0,5.0,0.31,511,8.51667,False
0.3076319694519043,-0.002368032932281494,-0.010748863220214844,0.004883680492639542,-0.05724978446960449,-0.17270441353321075,0.016593575477600098,0.22947701811790466,0.4048277735710144,1.7808241844177246,0.948315441608429,2.3606271743774414,5.0,5.0,0.31,512,8.53333,False
0.3077026605606079,-0.002297341823577881,-0.010453224182128906,0.0039787208661437035,-0.05709218978881836,-0.20266005396842957,0.03599119931459427,0.24980711936950684,0.7943568825721741,1.5448166131973267,0.20743249356746674,5.0,5.0,5.0,0.31,513,8.55,False
0.309149831533432,-0.0008501708507537842,-0.005397796630859375,-0.0020421301014721394,-0.051256418228149414,-0.24837452173233032,0.0314912423491478,0.3324028253555298,1.3010867834091187,1.0927501916885376,0.4611392617225647,5.0,5.0,5.0,0.31,514,8.56667,False
0.3110569417476654,0.0010569393634796143,0.0020906925201416016,-0.010551623068749905,-0.04247760772705078,-0.219807431101799,0.035092033445835114,0.37113237380981445,1.6233338117599487,-0.32163622975349426,2.1043319702148438,5.0,-0.08615493774414062,5.0,0.31,515,8.58333,False
0.3121534585952759,0.002153456211090088,0.009265422821044922,-0.01832614839076996,-0.03392362594604492,-0.16372893750667572,0.038888826966285706,0.37597498297691345,1.661527395248413,-1.3019886016845703,0.9625495672225952,2.7647743225097656,-5.0,5.0,0.31,516,8.6,False
0.3125949800014496,0.002594977617263794,0.014656543731689453,-0.023888833820819855,-0.027406692504882812,-0.11343888938426971,0.03987593948841095,0.35220420360565186,1.513771891593933,-0.45725321769714355,0.7354095578193665,5.0,-3.6610355377197266,5.0,0.31,517,8.61667,False
0.3124825954437256,0.002482593059539795,0.016432762145996094,-0.025426454842090607,-0.02527642250061035,-0.06492197513580322,0.01774703897535801,0.37015897035598755,0.874218225479126,0.3761872351169586,1.103651762008667,5.0,5.0,5.0,0.31,518,8.63333,False
0.31296032667160034,0.0029603242874145508,0.017479419708251953,-0.02617570385336876,-0.02405571937561035,-0.09045455604791641,0.024163339287042618,0.35935550928115845,0.6912117600440979,0.5942944884300232,0.08106213808059692,4.524930953979492,5.0,5.0,0.31,519,8.65,False
0.314077764749527,0.0040777623653411865,0.017616987228393555,-0.025969363749027252,-0.02389836311340332,-0.0702361986041069,0.04237787052989006,0.28763532638549805,0.19839991629123688,0.41437530517578125,0.2752344310283661,0.8839941024780273,3.657282829284668,3.657282829284668,0.31,520,8.66667,False
0.3154750168323517,0.0054750144481658936,0.015050888061523438,-0.023008175194263458,-0.02691340446472168,-0.08353427052497864,0.03626024350523949,0.2693803906440735,-0.26572349667549133,1.3414990901947021,1.0749690532684326,1.6342988014221191,5.0,5.0,0.31,521,8.68333,False
0.31640177965164185,0.006401777267456055,0.009848833084106445,-0.01724650338292122,-0.032959938049316406,-0.04628831520676613,-0.01016490999609232,0.36090824007987976,0.0011767558753490448,1.5356844663619995,0.10894370079040527,-0.4426085650920868,5.0,5.0,0.31,522,8.7,False
0.3156282305717468,0.005628228187561035,0.0003643035888671875,-0.006907327566295862,-0.04386568069458008,-0.03227587789297104,-0.015848752111196518,0.4278348684310913,0.1332527995109558,1.179356336593628,0.1444138139486313,-1.9888544082641602,5.0,5.0,0.31,523,8.71667,False
0.313247412443161,0.0032474100589752197,-0.010116338729858398,0.004404442384839058,-0.05583333969116211,-0.09617997705936432,-0.06708896160125732,0.43738144636154175,0.16988591849803925,0.4684150218963623,0.5067795515060425,-0.09371566772460938,-1.9165353775024414,1.9165353775024414,0.31,524,8.73333,False
0.31091833114624023,0.0009183287620544434,-0.014763116836547852,0.009299312718212605,-0.06117653846740723,-0.1819484680891037,-0.06806833297014236,0.39571481943130493,0.25232452154159546,0.5248537659645081,0.009981455281376839,-0.1730971336364746,5.0,5.0,0.31,525,8.75,False
0.3085699677467346,-0.0014300346374511719,-0.013813495635986328,0.008216234855353832,-0.06047940254211426,-0.20454451441764832,-0.020119311287999153,0.23885604739189148,0.39173901081085205,1.1684035062789917,0.43359264731407166,5.0,5.0,5.0,0.31,526,8.76667,False
0.30700963735580444,-0.0029903650283813477,-0.01581597328186035,0.009867450222373009,-0.06319117546081543,-0.19165490567684174,0.01780109666287899,0.14970114827156067,0.423323392868042,1.7458080053329468,0.33439353108406067,0.13727951049804688,3.580495834350586,3.580495834350586,0.31,527,8.78333,False
0.30651021003723145,-0.0034897923469543457,-0.015893220901489258,0.009313244372606277,-0.06348824501037598,-0.22253675758838654,0.03557673841714859,0.1630067527294159,0.7379390001296997,1.6688684225082397,0.10490268468856812,5.0,5.0,5.0,0.31,528,8.8,False
0.3076881766319275,-0.0023118257522583008,-0.010236024856567383,0.002604604698717594,-0.05701303482055664,-0.27638858556747437,0.03750288113951683,0.2587452828884125,1.1682747602462769,1.3092166185379028,0.31453830003738403,5.0,5.0,5.0,0.31,529,8.81667,False
0.30961304903030396,-0.00038695335388183594,-0.0011332035064697266,-0.007649852894246578,-0.046370506286621094,-0.24779559671878815,0.04686161130666733,0.30078476667404175,1.6351408958435059,-0.07005804032087326,2.1203625202178955,4.950521469116211,-0.09242701530456543,4.950521469116211,0.31,530,8.83333,False
0.3111973702907562,0.0011973679065704346,0.008339643478393555,-0.017892032861709595,-0.03516817092895508,-0.19201771914958954,0.04542241990566254,0.31037941575050354,1.9782861471176147,-1.0684226751327515,1.1144806146621704,5.0,-5.0,5.0,0.31,531,8.85,False
0.31188711524009705,0.0018871128559112549,0.014999866485595703,-0.024833999574184418,-0.027115345001220703,-0.13617178797721863,0.055121734738349915,0.3075186312198639,1.683670997619629,-0.5712042450904846,0.33402425050735474,-5.0,-5.0,5.0,0.31,532,8.86667,False
0.3118753135204315,0.0018753111362457275,0.017165184020996094,-0.026738746091723442,-0.024479150772094727,-0.06012086570262909,0.038080133497714996,0.3418625295162201,1.1058675050735474,0.5947774648666382,1.6933703422546387,5.0,5.0,5.0,0.31,533,8.88333,False
0.312102347612381,0.0021023452281951904,0.01601099967956543,-0.02517707459628582,-0.025800466537475586,-0.0668574646115303,0.01637354865670204,0.35684913396835327,0.37846094369888306,0.6178923845291138,0.5296546220779419,5.0,5.0,5.0,0.31,534,8.9,False
0.31319648027420044,0.0031964778900146484,0.015839815139770508,-0.02462364174425602,-0.025972366333007812,-0.07175654917955399,0.025076664984226227,0.32255256175994873,0.2146279513835907,0.4633859694004059,0.05071347951889038,1.197969913482666,5.0,5.0,0.31,535,8.91667,False
0.31472671031951904,0.004726707935333252,0.014053821563720703,-0.02246711775660515,-0.028034687042236328,-0.08448043465614319,0.01853439211845398,0.32440707087516785,-0.18249095976352692,1.261195421218872,0.7942034006118774,-3.1978883743286133,4.500911712646484,4.500911712646484,0.31,536,8.93333,False
0.3157234191894531,0.005723416805267334,0.009435892105102539,-0.017336344346404076,-0.033353567123413086,-0.05335783213376999,-0.028601232916116714,0.4059021770954132,-0.10651762783527374,1.4758000373840332,0.0518270879983902,2.993551015853882,5.0,5.0,0.31,537,8.95,False
0.3149068057537079,0.004906803369522095,-0.00041174888610839844,-0.006717270705848932,-0.044661521911621094,-0.032851263880729675,-0.02394082210958004,0.4812982380390167,0.130941241979599,1.2000812292099,0.13240757584571838,-0.46224236488342285,5.0,5.0,0.31,538,8.96667,False
0.31287717819213867,0.002877175807952881,-0.010085582733154297,0.0036050500348210335,-0.055693626403808594,-0.11344374716281891,-0.09396965056657791,0.4883599281311035,0.27592647075653076,0.6610102653503418,0.31161820888519287,-0.10145378112792969,5.0,5.0,0.31,539,8.98333,False
0.31090858578681946,0.000908583402633667,-0.012416839599609375,0.005999818444252014,-0.058371782302856445,-0.18676316738128662,-0.06720034778118134,0.39989927411079407,0.3552553057670593,0.20991802215576172,0.20977726578712463,-0.15501022338867188,2.699516534805298,2.699516534805298,0.31,540,9.0,False
0.3090110421180725,-0.0009889602661132812,-0.011223077774047852,0.004630113951861858,-0.05734610557556152,-0.18351590633392334,-0.01800156757235527,0.2637519836425781,0.29506251215934753,0.934999942779541,0.5293669700622559,-4.3667192459106445,5.0,5.0,0.31,541,9.01667,False
0.307917982339859,-0.0020820200443267822,-0.013247966766357422,0.006286649964749813,-0.0599825382232666,-0.19276629388332367,0.01524118147790432,0.19021499156951904,0.4362184405326843,1.7344639301300049,0.659067690372467,2.4341888427734375,5.0,5.0,0.31,542,9.03333,False
0.3077183663845062,-0.0022816359996795654,-0.012714624404907227,0.005169562995433807,-0.059540510177612305,-0.20006226003170013,0.03862599655985832,0.20811410248279572,1.0319081544876099,1.0553911924362183,0.8159860372543335,5.0,5.0,5.0,0.31,543,9.05,False
0.30860063433647156,-0.0013993680477142334,-0.006667613983154297,-0.0017669564113020897,-0.052516937255859375,-0.24010291695594788,0.04476390779018402,0.3013547956943512,1.5602669715881348,0.5937072038650513,0.4923151433467865,5.0,2.484185218811035,5.0,0.31,544,9.06667,False
0.30987247824668884,-0.00012752413749694824,0.0034646987915039062,-0.012693525291979313,-0.04067277908325195,-0.2057560831308365,0.05169862508773804,0.34027615189552307,1.5668667554855347,-0.7505009770393372,1.8069393634796143,-5.0,-4.312267303466797,5.0,0.31,545,9.08333,False
0.3107678294181824,0.000767827033996582,0.0125274658203125,-0.022135645151138306,-0.029822587966918945,-0.14286011457443237,0.050169169902801514,0.3238058090209961,1.4785120487213135,-0.9912039041519165,0.06574445217847824,5.0,-5.0,5.0,0.31,546,9.1,False
0.31069594621658325,0.0006959438323974609,0.016999006271362305,-0.026319850236177444,-0.024411439895629883,-0.05756688863039017,0.039450373500585556,0.34583818912506104,1.2104097604751587,-0.1637338101863861,0.7565855383872986,5.0,4.148732662200928,5.0,0.31,547,9.11667,False
0.31010398268699646,0.00010398030281066895,0.014654397964477539,-0.023253675550222397,-0.027071237564086914,-0.018268616870045662,0.026195911690592766,0.4140894412994385,0.5738688111305237,0.6393368244171143,1.0501068830490112,5.0,5.0,5.0,0.31,548,9.13333,False
0.3102889955043793,0.00028899312019348145,0.012594223022460938,-0.02051836997270584,-0.02942061424255371,-0.0644167810678482,0.006027190014719963,0.40578994154930115,0.21889916062355042,0.6684401035308838,0.1268504559993744,5.0,5.0,5.0,0.31,549,9.15,False
0.3115815818309784,0.0015815794467926025,0.011168479919433594,-0.01861012913286686,-0.031052589416503906,-0.09734143316745758,0.028056014329195023,0.3415617346763611,-0.016981955617666245,1.0780351161956787,0.22340798377990723,0.14279073476791382,5.0,5.0,0.31,550,9.16667,False
0.31354817748069763,0.003548175096511841,0.009884119033813477,-0.017057597637176514,-0.032495737075805664,-0.1353285163640976,0.016395650804042816,0.37143194675445557,-0.15951669216156006,1.5656516551971436,0.25808602571487427,-3.4318811893463135,5.0,5.0,0.31,551,9.18333,False
0.31465160846710205,0.00465160608291626,0.0053675174713134766,-0.012094566598534584,-0.03763270378112793,-0.08480637520551682,-0.009700901806354523,0.4426019489765167,0.17126482725143433,1.2512460947036743,0.20826727151870728,3.424649238586426,5.0,5.0,0.31,552,9.2,False
0.31347161531448364,0.0034716129302978516,-0.004357576370239258,-0.001530732261016965,-0.04875349998474121,-0.06432265043258667,-0.06185218691825867,0.4683821201324463,0.334975004196167,0.7891511917114258,0.2403327226638794,-1.3988142013549805,5.0,5.0,0.31,553,9.21667,False
0.3111875355243683,0.0011875331401824951,-0.012224912643432617,0.006964217871427536,-0.057619333267211914,-0.14030277729034424,-0.06927106529474258,0.4785768389701843,0.3424590826034546,0.15655547380447388,0.40023332834243774,-0.12601757049560547,1.0919818878173828,1.0919818878173828,0.31,554,9.23333,False
0.3091147541999817,-0.0008852481842041016,-0.012910127639770508,0.007603613659739494,-0.05841803550720215,-0.21309208869934082,-0.04670652002096176,0.3503798246383667,0.359282910823822,0.19012558460235596,0.0014099935069680214,-0.17847728729248047,2.261363983154297,2.261363983154297,0.31,555,9.25,False
0.30758386850357056,-0.0024161338806152344,-0.011281967163085938,0.00563815888017416,-0.05685138702392578,-0.22131651639938354,-0.0032256245613098145,0.20054329931735992,0.33401861786842346,1.3501938581466675,1.3463966846466064,2.7356081008911133,5.0,5.0,0.31,556,9.26667,False
0.30699676275253296,-0.003003239631652832,-0.012430667877197266,0.006366684101521969,-0.05849194526672363,-0.20495475828647614,0.028279881924390793,0.12083857506513596,0.5184415578842163,1.64034104347229,0.11819721758365631,4.3996734619140625,5.0,5.0,0.31,557,9.28333,False
0.30738580226898193,-0.0026142001152038574,-0.010619878768920898,0.003918261267244816,-0.05656075477600098,-0.2334963083267212,0.04639976844191551,0.1592262089252472,1.1083881855010986,1.3595192432403564,0.42689791321754456,5.0,5.0,5.0,0.31,558,9.3,False
0.30901676416397095,-0.0009832382202148438,-0.004076719284057617,-0.0035930571611970663,-0.0489351749420166,-0.25278976559638977,0.04847591742873192,0.2453792244195938,1.4755010604858398,0.6513327956199646,0.6362999081611633,5.0,5.0,5.0,0.31,559,9.31667,False
0.3106408715248108,0.000640869140625,0.005202054977416992,-0.013681720942258835,-0.03801584243774414,-0.20372651517391205,0.04820256680250168,0.2855656147003174,1.4176377058029175,-0.6276037693023682,1.6390269994735718,5.0,-5.0,5.0,0.31,560,9.33333,False
0.3114427924156189,0.0014427900314331055,0.012313365936279297,-0.021028921008110046,-0.029427766799926758,-0.11890681087970734,0.03980043902993202,0.29010286927223206,1.335022211074829,-0.9846851825714111,0.13433244824409485,5.0,-3.984273910522461,5.0,0.31,561,9.35,False
0.31123510003089905,0.0012350976467132568,0.01447296142578125,-0.022740956395864487,-0.02669382095336914,-0.04890500754117966,0.036914754658937454,0.2970826029777527,1.2087992429733276,-0.10241810232400894,0.794327437877655,5.0,-1.6460986137390137,5.0,0.31,562,9.36667,False
0.3107517659664154,0.0007517635822296143,0.012401103973388672,-0.019879307597875595,-0.02900075912475586,-0.04041265323758125,0.017064103856682777,0.318857878446579,0.5186198353767395,0.6036403775215149,0.9748662710189819,5.0,5.0,5.0,0.31,563,9.38333,False
0.3112167418003082,0.0012167394161224365,0.010421514511108398,-0.017246820032596588,-0.03130626678466797,-0.08883974701166153,0.02241765335202217,0.28370386362075806,0.01921941339969635,0.7238727807998657,0.2638566195964813,-0.06867021322250366,5.0,5.0,0.31,564,9.4,False
0.3127794563770294,0.002779453992843628,0.008156299591064453,-0.014582530595362186,-0.03394675254821777,-0.12014700472354889,0.034129008650779724,0.2198532372713089,-0.18752926588058472,1.4020329713821411,0.502646267414093,-1.7342109680175781,3.5663528442382812,3.5663528442382812,0.31,565,9.41667,False
0.31430256366729736,0.004302561283111572,0.00446319580078125,-0.010562082752585411,-0.03823661804199219,-0.13543953001499176,0.022718314081430435,0.2699736952781677,-0.158687025308609,1.8079495429992676,0.16560013592243195,2.148653984069824,5.0,5.0,0.31,566,9.43333,False
0.3143483102321625,0.004348307847976685,-0.002787351608276367,-0.0028056176379323006,-0.04656505584716797,-0.12233070284128189,-0.028751038014888763,0.3910355567932129,0.39630258083343506,1.4737613201141357,0.4196951985359192,-0.4046030044555664,5.0,5.0,0.31,567,9.45,False
0.3127671778202057,0.0027671754360198975,-0.01270604133605957,0.0075870659202337265,-0.05782818794250488,-0.16977693140506744,-0.05071838200092316,0.4445568025112152,0.48605799674987793,0.6527133584022522,0.6821758151054382,-0.03302764892578125,5.0,5.0,0.31,568,9.46667,False
0.31110620498657227,0.0011062026023864746,-0.016061067581176758,0.010669018141925335,-0.061483144760131836,-0.26377683877944946,-0.06733359396457672,0.4104067385196686,0.717517614364624,-0.13561365008354187,0.6750329732894897,-0.16014862060546875,-1.7075591087341309,1.7075591087341309,0.31,569,9.48333,False
0.3093182444572449,-0.000681757926940918,-0.011955499649047852,0.005671053193509579,-0.05684471130371094,-0.2936495840549469,-0.029151886701583862,0.27174729108810425,0.6948772668838501,0.19005131721496582,0.10657025873661041,5.0,0.7487235069274902,5.0,0.31,570,9.5,False
0.3078181743621826,-0.002181828022003174,-0.009501218795776367,0.002451998181641102,-0.05433940887451172,-0.2397141009569168,0.003969170153141022,0.1657235473394394,0.6239005327224731,1.0303267240524292,0.7111004590988159,3.1437644958496094,4.027965545654297,4.027965545654297,0.31,571,9.51667,False
0.3072430193424225,-0.0027569830417633057,-0.007651805877685547,-0.00011731637641787529,-0.05242419242858887,-0.24266724288463593,0.023190289735794067,0.17288735508918762,1.1226651668548584,1.279232144355774,0.3107200562953949,5.0,5.0,5.0,0.31,572,9.53333,False
0.3077620267868042,-0.002237975597381592,-0.0038127899169921875,-0.0048204450868070126,-0.0479581356048584,-0.23384679853916168,0.03118950128555298,0.23759540915489197,1.7097089290618896,0.557064950466156,0.8661458492279053,5.0,5.0,5.0,0.31,573,9.55,False
0.30896031856536865,-0.0010396838188171387,0.003987550735473633,-0.013531539589166641,-0.03877735137939453,-0.22656956315040588,0.038289349526166916,0.28632068634033203,1.4958418607711792,-0.2491571307182312,0.6957331299781799,5.0,-5.0,5.0,0.31,574,9.56667,False
0.3100966215133667,9.66191291809082e-05,0.011884450912475586,-0.021934378892183304,-0.02934885025024414,-0.14744159579277039,0.03341320529580116,0.3157135248184204,1.3251268863677979,-0.714527428150177,0.24571311473846436,5.0,-5.0,5.0,0.31,575,9.58333,False
0.31045472621917725,0.0004547238349914551,0.01595020294189453,-0.02573132887482643,-0.0243380069732666,-0.0581614151597023,0.03141283988952637,0.32248154282569885,0.9447694420814514,-0.44700467586517334,0.21624019742012024,5.0,-2.1050825119018555,5.0,0.31,576,9.6,False
0.3102996349334717,0.00029963254928588867,0.015111207962036133,-0.02394779771566391,-0.025067806243896484,0.002720974385738373,0.026433121412992477,0.3386579155921936,0.7363757491111755,0.008917443454265594,0.2512929141521454,5.0,5.0,5.0,0.31,577,9.61667,False
0.3099525570869446,-4.744529724121094e-05,0.012200355529785156,-0.0197799913585186,-0.02832961082458496,0.022410549223423004,0.01549537293612957,0.318938285112381,-1.1455267667770386e-05,0.30293118953704834,0.628710150718689,-1.715955376625061,5.0,5.0,0.31,578,9.63333,False
0.3101109266281128,0.00011092424392700195,0.00828409194946289,-0.014528242871165276,-0.03291034698486328,0.004633112344890833,0.014103380963206291,0.26153868436813354,-0.3746509552001953,1.1907858848571777,0.9286407232284546,-4.115595817565918,5.0,5.0,0.31,579,9.65,False
0.31067541241645813,0.0006754100322723389,0.0028820037841796875,-0.007885759696364403,-0.039194345474243164,-0.020234182476997375,0.004495240282267332,0.25249388813972473,-0.38494277000427246,2.0509562492370605,0.739998996257782,0.9638824462890625,5.0,5.0,0.31,580,9.66667,False
0.3104602098464966,0.000460207462310791,-0.004729270935058594,0.0009925502818077803,-0.048021793365478516,-0.02713048830628395,-0.011212334036827087,0.2932611405849457,-0.24253709614276886,2.081124782562256,0.02118951641023159,1.288576602935791,5.0,5.0,0.31,581,9.68333,False
0.3091621398925781,-0.000837862491607666,-0.011928796768188477,0.009189525619149208,-0.05626487731933594,-0.08873742818832397,-0.05684710294008255,0.3882881999015808,-0.10024313628673553,1.8927162885665894,0.055745333433151245,-2.4591457843780518,5.0,5.0,0.31,582,9.7,False
0.307648241519928,-0.0023517608642578125,-0.015089988708496094,0.012615884654223919,-0.0597844123840332,-0.1588369607925415,-0.0437307208776474,0.4268043637275696,0.007675472646951675,1.7146108150482178,0.043367981910705566,0.15576815605163574,5.0,5.0,0.31,583,9.71667,False
0.3072058856487274,-0.002794116735458374,-0.01228022575378418,0.009194498881697655,-0.056569576263427734,-0.24409353733062744,-0.02726288139820099,0.3426360785961151,0.22436104714870453,1.3938782215118408,0.14982204139232635,1.6683754920959473,5.0,5.0,0.31,584,9.73333,False
0.3076302409172058,-0.0023697614669799805,-0.010532140731811523,0.006741220131516457,-0.054648399353027344,-0.20546495914459229,-0.0023354142904281616,0.23464177548885345,0.41866812109947205,1.1094554662704468,0.11865153908729553,2.0448484420776367,5.0,5.0,0.31,585,9.75,False
0.30762138962745667,-0.002378612756729126,-0.012611627578735352,0.00858962070196867,-0.057181358337402344,-0.16267505288124084,0.035185184329748154,0.1655474603176117,0.43083739280700684,1.1425780057907104,0.0012451938819140196,1.3862552642822266,4.581329345703125,4.581329345703125,0.31,586,9.76667,False
0.30860036611557007,-0.0013996362686157227,-0.010448932647705078,0.00571752805262804,-0.05467581748962402,-0.24179744720458984,0.045857593417167664,0.25741666555404663,0.9145983457565308,1.2678520679473877,0.24971824884414673,5.0,5.0,5.0,0.31,587,9.78333,False
0.31034523248672485,0.0003452301025390625,-0.0041048526763916016,-0.0018136738799512386,-0.04721879959106445,-0.24071437120437622,0.03886398673057556,0.34637123346328735,1.3190371990203857,0.3594777286052704,0.9887146949768066,5.0,5.0,5.0,0.31,588,9.8,False
0.31141430139541626,0.0014142990112304688,0.0015499591827392578,-0.008370825089514256,-0.040445566177368164,-0.18002913892269135,0.027186572551727295,0.3855803608894348,1.4237140417099,-0.9185645580291748,1.644349455833435,5.0,-2.363840103149414,5.0,0.31,589,9.81667,False
0.3116071820259094,0.0016071796417236328,0.006119728088378906,-0.01338978298008442,-0.034824371337890625,-0.1509048193693161,0.021734043955802917,0.3694664537906647,1.472098708152771,-0.8592039346694946,0.005864759907126427,5.0,-1.3089466094970703,5.0,0.31,590,9.83333,False
0.3115619122982025,0.0015619099140167236,0.008350133895874023,-0.015662558376789093,-0.03199338912963867,-0.12275894731283188,0.03055098094046116,0.3724280297756195,1.3461450338363647,0.1640740931034088,1.0629621744155884,5.0,2.970320463180542,5.0,0.31,591,9.85,False
0.3118394911289215,0.0018394887447357178,0.0099334716796875,-0.017269877716898918,-0.030003070831298828,-0.13733874261379242,0.0247696191072464,0.3775937855243683,0.7674086093902588,0.6007327437400818,0.525606632232666,5.0,5.0,5.0,0.31,592,9.86667,False
0.312123566865921,0.0021235644817352295,0.010104179382324219,-0.017240680754184723,-0.02974390983581543,-0.09321349859237671,0.061777569353580475,0.2877713441848755,0.5145337581634521,0.3221481442451477,0.1415550708770752,3.0439453125,-0.3979911804199219,3.0439453125,0.31,593,9.88333,False
0.31263846158981323,0.0026384592056274414,0.009645223617553711,-0.01635708659887314,-0.03033137321472168,-0.11739996075630188,0.06808619201183319,0.2458208054304123,0.3350326120853424,1.0550464391708374,0.5693605542182922,3.792789936065674,5.0,5.0,0.31,594,9.9,False
0.3138028383255005,0.0038028359413146973,0.009171247482299805,-0.0155404694378376,-0.030783891677856445,-0.11944957077503204,0.022626765072345734,0.3377556800842285,0.36996620893478394,1.3207992315292358,0.07184489816427231,5.0,5.0,5.0,0.31,595,9.91667,False
0.31405341625213623,0.0040534138679504395,0.005059003829956055,-0.0107114901766181,-0.03541064262390137,-0.08186161518096924,0.0203465074300766,0.4417218267917633,0.4768401086330414,0.8699849843978882,0.21465551853179932,2.0790576934814453,5.0,5.0,0.31,596,9.93333,False
0.3128933310508728,0.0028933286666870117,-0.002216339111328125,-0.002427072497084737,-0.043608665466308594,-0.07955309748649597,-0.032107144594192505,0.49541616439819336,0.5968359708786011,-0.01789914071559906,0.8027372360229492,-5.0,1.9907169342041016,5.0,0.31,597,9.95,False
0.3106074929237366,0.0006074905395507812,-0.007323503494262695,0.0034644557163119316,-0.049141883850097656,-0.11028409004211426,-0.05527797341346741,0.4536535441875458,0.648831844329834,-0.5097517371177673,0.24462254345417023,-5.0,-4.694791793823242,5.0,0.31,598,9.96667,False
0.30855196714401245,-0.0014480352401733398,-0.005927324295043945,0.001912316307425499,-0.04738044738769531,-0.19922134280204773,-0.04270784556865692,0.34236404299736023,0.5131537318229675,0.41806909441947937,0.8792600035667419,-5.0,5.0,5.0,0.31,599,9.98333,False
0.3584023416042328,0.008402347564697266,0.0013687610626220703,-0.011883052065968513,0.007303953170776367,-0.5475524067878723,0.023045063018798828,0.9835607409477234,-0.22587533295154572,1.7847234010696411,0.0014461841201409698,-4.2097015380859375,4.836765289306641,4.836765289306641,0.35,120,2.0,False
0.358736515045166,0.008736521005630493,0.0013921260833740234,-0.012840138748288155,0.006646394729614258,-0.5455887913703918,0.024789541959762573,0.9339697957038879,-0.2512553930282593,1.8951988220214844,0.01284896582365036,-4.188329219818115,5.0,5.0,0.35,121,2.01667,False
0.35931506752967834,0.009315073490142822,0.0012714862823486328,-0.013880979269742966,0.005827665328979492,-0.5550787448883057,0.02073371410369873,0.9277616143226624,0.022433575242757797,1.9252110719680786,0.0758063942193985,5.0,5.0,5.0,0.35,122,2.03333,False
0.35987362265586853,0.009873628616333008,0.0010941028594970703,-0.01502162590622902,0.004940509796142578,-0.5581842660903931,0.022126048803329468,0.9353712201118469,0.19646039605140686,1.797420859336853,0.04661567136645317,3.467590570449829,5.0,5.0,0.35,123,2.05,False
0.3603728413581848,0.010372847318649292,0.0009114742279052734,-0.016474008560180664,0.004031658172607422,-0.5546064972877502,0.01794949173927307,0.9596258997917175,0.273797869682312,1.4700889587402344,0.11312726140022278,2.0924758911132812,5.0,5.0,0.35,124,2.06667,False
0.36082127690315247,0.010821282863616943,0.0007736682891845703,-0.01852811500430107,0.003167390823364258,-0.5612390041351318,0.0204809308052063,0.9697827696800232,0.08358514308929443,1.260466456413269,0.08012247085571289,2.118651866912842,5.0,5.0,0.35,125,2.08333,False
0.36150476336479187,0.011504769325256348,0.0006029605865478516,-0.02045520581305027,0.002254486083984375,-0.5642810463905334,0.03781893849372864,0.9722527861595154,0.058003827929496765,1.3908720016479492,0.017660008743405342,-2.2198657989501953,5.0,5.0,0.35,126,2.1,False
0.36214643716812134,0.012146443128585815,0.00044417381286621094,-0.02208629623055458,0.0013492107391357422,-0.5571475625038147,0.022839069366455078,0.9838728308677673,0.15412546694278717,1.4566986560821533,0.013572517782449722,4.451684951782227,5.0,5.0,0.35,127,2.11667,False
0.3621448874473572,0.012144893407821655,0.0003840923309326172,-0.02108870819211006,0.0005340576171875,-0.5237966179847717,0.013559281826019287,1.0437912940979004,0.40291041135787964,1.2388767004013062,0.1093403548002243,1.689016342163086,5.0,5.0,0.35,128,2.13333,False
0.36161795258522034,0.011617958545684814,0.0005438327789306641,-0.019882211461663246,-4.267692565917969e-05,-0.5009936690330505,-0.004832565784454346,1.082534909248352,0.7000497579574585,1.2196179628372192,0.08866269141435623,-5.0,5.0,5.0,0.35,129,2.15,False
0.3604452311992645,0.010445237159729004,0.0008907318115234375,-0.01777835376560688,-0.00040340423583984375,-0.4721538722515106,0.0048375725746154785,1.0814921855926514,0.7011347413063049,0.5462430715560913,0.45343491435050964,-0.6531543731689453,5.0,5.0,0.35,130,2.16667,False
0.35953930020332336,0.009539306163787842,0.0010085105895996094,-0.01805342175066471,-0.0010373592376708984,-0.5274382829666138,0.001480698585510254,1.0663100481033325,0.6562836766242981,1.4987064599990845,0.9091981053352356,5.0,5.0,5.0,0.35,131,2.18333,False
0.3588058054447174,0.008805811405181885,0.0011260509490966797,-0.01716485805809498,-0.0016868114471435547,-0.5205295085906982,0.014326751232147217,1.0983655452728271,-0.7183505892753601,0.7921515107154846,2.3888392448425293,-5.0,5.0,5.0,0.35,132,2.2,False
0.3581066131591797,0.008106619119644165,0.0010325908660888672,-0.015166155993938446,-0.002585887908935547,-0.5158519744873047,-0.0028547048568725586,1.0770255327224731,0.23860086500644684,2.0156612396240234,2.4127323627471924,5.0,5.0,5.0,0.35,133,2.21667,False
0.3570777475833893,0.00707775354385376,0.0008442401885986328,-0.012179558165371418,-0.003603696823120117,-0.5058565139770508,-0.01776862144470215,1.0986489057540894,1.0842338800430298,1.303139567375183,1.2227823734283447,5.0,5.0,5.0,0.35,134,2.23333,False
0.3562474846839905,0.006247490644454956,0.00066375732421875,-0.009177095256745815,-0.00462031364440918,-0.5446224212646484,-0.03449636697769165,1.1265949010849,0.8833782076835632,1.0127053260803223,0.12469504773616791,5.0,5.0,5.0,0.35,135,2.25,False
0.35606926679611206,0.006069272756576538,0.001188516616821289,-0.012574597261846066,-0.0048105716705322266,-0.5905583500862122,0.002882659435272217,1.1320593357086182,0.6282849907875061,0.3495684862136841,0.5048230290412903,5.0,1.8847808837890625,5.0,0.35,136,2.26667,False
0.3557742238044739,0.0057742297649383545,0.0018377304077148438,-0.01597744971513748,-0.004832029342651367,-0.5589665174484253,0.03354907035827637,1.0831098556518555,-0.12821875512599945,0.6658654808998108,0.6723417043685913,-3.149972677230835,5.0,5.0,0.35,137,2.28333,False
0.355795681476593,0.005795687437057495,0.0022716522216796875,-0.018512863665819168,-0.00508880615234375,-0.5626980066299438,0.03768205642700195,1.0551013946533203,0.008974138647317886,1.3343108892440796,0.46564117074012756,2.3851559162139893,3.5776233673095703,3.5776233673095703,0.35,138,2.3,False
0.3562092185020447,0.006209224462509155,0.0027539730072021484,-0.02160627953708172,-0.00526881217956543,-0.552191436290741,0.02568453550338745,1.0399898290634155,0.7618640661239624,1.6970245838165283,0.6984044909477234,5.0,5.0,5.0,0.35,139,2.31667,False
0.35669952630996704,0.0066995322704315186,0.003040313720703125,-0.023107465356588364,-0.005671024322509766,-0.5284715294837952,0.0006756782531738281,1.057282567024231,1.0042507648468018,1.113484501838684,0.39927035570144653,3.907430648803711,5.0,5.0,0.35,140,2.33333,False
0.35709258913993835,0.007092595100402832,0.003431081771850586,-0.024601858109235764,-0.005956888198852539,-0.5156604647636414,0.02207702398300171,1.0872443914413452,0.7551769614219666,0.5100114345550537,0.4262174963951111,-5.0,5.0,5.0,0.35,141,2.35,False
0.35723596811294556,0.007235974073410034,0.003797769546508789,-0.02527802251279354,-0.006268501281738281,-0.49928581714630127,0.035786569118499756,1.056169867515564,-0.03264421597123146,0.28911805152893066,0.6694561243057251,4.556890487670898,0.817387580871582,4.556890487670898,0.35,142,2.36667,False
0.3576619029045105,0.007661908864974976,0.003848552703857422,-0.024992574006319046,-0.006931781768798828,-0.5092859864234924,0.04047203063964844,1.0077662467956543,-0.3743048906326294,1.3829816579818726,1.3132696151733398,-1.7097187042236328,5.0,5.0,0.35,143,2.38333,False
0.35795316100120544,0.007953166961669922,0.0031998157501220703,-0.021724147722125053,-0.008401155471801758,-0.4738371968269348,0.01674598455429077,1.0168111324310303,-0.2559433579444885,1.8864394426345825,0.26747918128967285,-4.494121074676514,5.0,5.0,0.35,144,2.4,False
0.3571884334087372,0.00718843936920166,0.001367807388305664,-0.014005469158291817,-0.011298418045043945,-0.4342312216758728,-0.019074559211730957,1.0685099363327026,0.20902112126350403,1.6815643310546875,0.25816577672958374,2.3548481464385986,5.0,5.0,0.35,145,2.41667,False
0.3552955687046051,0.00529557466506958,-0.0011060237884521484,-0.0035223234444856644,-0.014963388442993164,-0.44891786575317383,-0.04871588945388794,1.109770655632019,0.2769836485385895,1.2679846286773682,0.17566706240177155,-4.896982192993164,5.0,5.0,0.35,146,2.43333,False
0.3536325991153717,0.0036326050758361816,-0.002164125442504883,0.0014315423322841525,-0.016945838928222656,-0.5600252151489258,-0.03603863716125488,1.063868522644043,0.03997417166829109,1.3733662366867065,0.06727877259254456,1.063075304031372,5.0,5.0,0.35,147,2.45,False
0.35266315937042236,0.002663165330886841,-0.0017452239990234375,0.0009097016882151365,-0.01719188690185547,-0.5995820164680481,-0.0034158825874328613,0.9827014207839966,-0.21635492146015167,1.4130765199661255,0.06728150695562363,-3.2264792919158936,5.0,5.0,0.35,148,2.46667,False
0.35204076766967773,0.002040773630142212,-0.0015163421630859375,0.0004404152277857065,-0.017611026763916016,-0.6058367490768433,0.02838045358657837,0.9005499482154846,-0.0675826221704483,2.1185519695281982,0.5198287963867188,-0.3389014005661011,5.0,5.0,0.35,149,2.48333,False
0.3521299958229065,0.0021300017833709717,-0.0006737709045410156,-0.0024919193238019943,-0.01725935935974121,-0.6434410810470581,0.030212581157684326,0.8882102966308594,0.29927483201026917,1.9085372686386108,0.178690567612648,1.3384284973144531,5.0,5.0,0.35,150,2.5,False
0.3527672290802002,0.002767235040664673,0.0010037422180175781,-0.007926613092422485,-0.015871286392211914,-0.6468644738197327,0.044261157512664795,0.8912293314933777,0.8754879832267761,1.8534270524978638,0.33505868911743164,5.0,5.0,5.0,0.35,151,2.51667,False
0.35355344414711,0.003553450107574463,0.0030994415283203125,-0.01455496996641159,-0.013991355895996094,-0.6317556500434875,0.049481093883514404,0.886445939540863,1.0624467134475708,1.0060372352600098,0.753023087978363,5.0,5.0,5.0,0.35,152,2.53333,False
0.35422483086586,0.004224836826324463,0.004765033721923828,-0.020173408091068268,-0.012567996978759766,-0.607020378112793,0.015550494194030762,0.8895870447158813,1.0421899557113647,0.2514230012893677,0.5698529481887817,5.0,-3.103544235229492,5.0,0.35,153,2.55,False
0.3547171950340271,0.004717200994491577,0.006676435470581055,-0.025804594159126282,-0.010849952697753906,-0.5654954314231873,0.05377620458602905,0.8815346956253052,0.6570357084274292,0.2203635275363922,0.1493084877729416,5.0,0.941199779510498,5.0,0.35,154,2.56667,False
0.3550713360309601,0.0050713419914245605,0.007945775985717773,-0.02922709658741951,-0.009899377822875977,-0.5367148518562317,0.052124083042144775,0.8636141419410706,0.2612674832344055,0.8525757789611816,0.55632483959198,4.038372039794922,5.0,5.0,0.35,155,2.58333,False
0.35550281405448914,0.005502820014953613,0.0077626705169677734,-0.028767380863428116,-0.010676145553588867,-0.48000842332839966,0.0404779314994812,0.8735576272010803,-0.08801528811454773,1.3170112371444702,0.337698757648468,4.3032989501953125,5.0,5.0,0.35,156,2.6,False
0.3557305932044983,0.0057305991649627686,0.006058454513549805,-0.024510996416211128,-0.013283014297485352,-0.44882917404174805,0.0251123309135437,0.8954309225082397,-0.028188277035951614,1.5446901321411133,0.05541694909334183,-0.1396651268005371,5.0,5.0,0.35,157,2.61667,False
0.35543233156204224,0.005432337522506714,0.003030538558959961,-0.017032509669661522,-0.017465591430664062,-0.4303749203681946,0.018238306045532227,0.9537737369537354,0.04181930050253868,1.6344228982925415,0.012953029945492744,2.50789737701416,5.0,5.0,0.35,158,2.63333,False
0.35448789596557617,0.004487901926040649,-0.000408172607421875,-0.008445492014288902,-0.022138357162475586,-0.44188353419303894,-0.02439284324645996,0.9913352727890015,-0.17797477543354034,1.633200764656067,0.04831093177199364,-0.1865706443786621,5.0,5.0,0.35,159,2.65,False
0.35302481055259705,0.0030248165130615234,-0.003267526626586914,-0.0013355901464819908,-0.026108980178833008,-0.497499942779541,-0.0323871374130249,0.9919871091842651,-0.2539716362953186,1.4463258981704712,0.04069773852825165,0.3033714294433594,5.0,5.0,0.35,160,2.66667,False
0.35196468234062195,0.0019646883010864258,-0.003609180450439453,4.279773565940559e-05,-0.027152299880981445,-0.5848492980003357,-0.010114312171936035,0.9218934178352356,-0.24068810045719147,1.8730398416519165,0.18226124346256256,-5.0,5.0,5.0,0.35,161,2.68333,False
0.3517457842826843,0.0017457902431488037,-0.0020890235900878906,-0.002829901175573468,-0.025975465774536133,-0.6090083122253418,0.0012564659118652344,0.878959596157074,-0.027740884572267532,2.1001157760620117,0.09690999984741211,-3.845724582672119,5.0,5.0,0.35,162,2.7,False
0.3515878915786743,0.001587897539138794,-0.0013628005981445312,-0.004472637083381414,-0.025693178176879883,-0.5841401219367981,0.022283732891082764,0.8153115510940552,0.05489965155720711,2.0225584506988525,0.012844596989452839,-3.2800724506378174,5.0,5.0,0.35,163,2.71667,False
0.35205578804016113,0.0020557940006256104,-0.000457763671875,-0.006747628096491098,-0.025136470794677734,-0.617851734161377,0.024849414825439453,0.8281683325767517,0.10550981760025024,1.981006145477295,0.004287983290851116,1.6684178113937378,5.0,5.0,0.35,164,2.73333,False
0.3529791831970215,0.002979189157485962,0.0009016990661621094,-0.010099804028868675,-0.02402520179748535,-0.6253726482391357,0.03516131639480591,0.8318299651145935,0.20500724017620087,1.8200746774673462,0.03579867631196976,4.255859375,5.0,5.0,0.35,165,2.75,False
0.3541758060455322,0.004175812005996704,0.0030088424682617188,-0.014633974991738796,-0.02200794219970703,-0.6269718408584595,0.03500676155090332,0.8369352221488953,0.503443717956543,1.5336253643035889,0.17111752927303314,5.0,5.0,5.0,0.35,166,2.76667,False
0.3553105592727661,0.005310565233230591,0.00525212287902832,-0.01918349787592888,-0.019817590713500977,-0.5962129235267639,0.033292949199676514,0.8527992367744446,0.8775811195373535,0.9477207660675049,0.4832629859447479,5.0,5.0,5.0,0.35,167,2.78333,False
0.35633164644241333,0.006331652402877808,0.007055044174194336,-0.022734515368938446,-0.01812434196472168,-0.5840591788291931,0.017951786518096924,0.8650593161582947,0.7410141229629517,0.7983999252319336,0.04094725847244263,5.0,5.0,5.0,0.35,168,2.8,False
0.3572591543197632,0.007259160280227661,0.008784055709838867,-0.025922780856490135,-0.016498804092407227,-0.5675525665283203,0.043402910232543945,0.8815995454788208,0.39786458015441895,0.6367146372795105,0.14389373362064362,3.827704429626465,3.1305418014526367,3.827704429626465,0.35,169,2.81667,False
0.35804641246795654,0.00804641842842102,0.010070562362670898,-0.028041327372193336,-0.015459775924682617,-0.5557464361190796,0.03570544719696045,0.8850118517875671,0.029280565679073334,0.9478703737258911,0.2326720654964447,-0.009769737720489502,5.0,5.0,0.35,170,2.83333,False
0.3587646782398224,0.008764684200286865,0.010077714920043945,-0.027784720063209534,-0.015950679779052734,-0.5209862589836121,0.03147536516189575,0.9169062376022339,0.0009628124535083771,1.4730095863342285,0.2765730917453766,-2.7154359817504883,5.0,5.0,0.35,171,2.85,False
0.35890993475914,0.008909940719604492,0.008058786392211914,-0.02377774566411972,-0.01887798309326172,-0.4673821032047272,0.007165133953094482,0.9732469320297241,0.15868738293647766,1.5007468461990356,0.025646397843956947,0.019608020782470703,5.0,5.0,0.35,172,2.86667,False
0.3580782115459442,0.008078217506408691,0.003676891326904297,-0.01570163480937481,-0.0246427059173584,-0.4397433400154114,-0.005701839923858643,1.033657193183899,0.15799853205680847,1.3732749223709106,0.01624956540763378,2.4595930576324463,5.0,5.0,0.35,173,2.88333,False
0.35697612166404724,0.006976127624511719,-0.00023221969604492188,-0.008431276306509972,-0.029837369918823242,-0.48588359355926514,-0.03415870666503906,1.0415235757827759,-0.12968790531158447,1.415488839149475,0.08454550057649612,-1.0888864994049072,5.0,5.0,0.35,174,2.9,False
0.3561784327030182,0.006178438663482666,-0.0011742115020751953,-0.006136269774287939,-0.03149557113647461,-0.5520790219306946,-0.028135359287261963,1.000414490699768,-0.21064983308315277,1.3885092735290527,0.007282730657607317,-1.4628095626831055,5.0,5.0,0.35,175,2.91667,False
0.35585567355155945,0.005855679512023926,-0.00017786026000976562,-0.007163284346461296,-0.03084540367126465,-0.5910956859588623,-0.011115670204162598,0.9359942674636841,-0.1485498994588852,1.7933725118637085,0.167770653963089,-1.2406301498413086,5.0,5.0,0.35,176,2.93333,False
0.3556334972381592,0.005633503198623657,0.0004961490631103516,-0.00793469324707985,-0.03054976463317871,-0.5820942521095276,0.01790440082550049,0.8697112202644348,-0.09656138718128204,1.8062355518341064,0.0028682632837444544,0.3243293762207031,5.0,5.0,0.35,177,2.95,False
0.35572585463523865,0.005725860595703125,0.0018324851989746094,-0.009897056967020035,-0.02943110466003418,-0.6017256379127502,0.013565778732299805,0.8634212017059326,0.08067583292722702,1.9797403812408447,0.061516955494880676,5.0,5.0,5.0,0.35,178,2.96667,False
0.35620802640914917,0.0062080323696136475,0.004012584686279297,-0.013230509124696255,-0.02728271484375,-0.6086981296539307,0.010813593864440918,0.8680238127708435,0.17131084203720093,1.8987829685211182,0.014768807217478752,2.7593798637390137,5.0,5.0,0.35,179,2.98333,False
0.3569295406341553,0.006929546594619751,0.0058460235595703125,-0.016070963814854622,-0.025496959686279297,-0.6021357774734497,0.02352386713027954,0.871044933795929,0.02938549593091011,1.6012492179870605,0.10866913199424744,1.4275246858596802,5.0,5.0,0.35,180,3.0,False
0.3577738404273987,0.007773846387863159,0.0071523189544677734,-0.018110955134034157,-0.02434992790222168,-0.5876343250274658,0.026484191417694092,0.8832094669342041,0.10709366947412491,1.384427785873413,0.05305009335279465,-2.4916491508483887,5.0,5.0,0.35,181,3.01667,False
0.358478844165802,0.00847885012626648,0.007824897766113281,-0.01906854845583439,-0.023925065994262695,-0.560846209526062,0.014345109462738037,0.897854745388031,0.2523483335971832,1.5168609619140625,0.038637466728687286,4.797053337097168,5.0,5.0,0.35,182,3.03333,False
0.3587879538536072,0.008787959814071655,0.0075531005859375,-0.018539905548095703,-0.02464890480041504,-0.5404934883117676,0.015847384929656982,0.9245960116386414,0.1670692265033722,1.3921399116516113,0.022827867418527603,4.138002872467041,5.0,5.0,0.35,183,3.05,False
0.3589673638343811,0.008967369794845581,0.006928920745849609,-0.017363516613841057,-0.025818824768066406,-0.5342642068862915,0.0069571733474731445,0.9568042159080505,-0.1110946536064148,1.3430424928665161,0.07978569716215134,-0.27932214736938477,4.085210800170898,4.085210800170898,0.35,184,3.06667,False
0.3591303527355194,0.009130358695983887,0.006531238555908203,-0.016455795615911484,-0.02670454978942871,-0.5430554151535034,0.010806918144226074,0.9558486938476562,-0.19055694341659546,1.5744291543960571,0.059854041785001755,0.9874696731567383,5.0,5.0,0.35,185,3.08333,False
0.358955442905426,0.008955448865890503,0.006011962890625,-0.015318196266889572,-0.02773118019104004,-0.5267382264137268,0.007963955402374268,0.966268002986908,-0.2433004230260849,1.6181601285934448,0.004694272764027119,-5.0,5.0,5.0,0.35,186,3.1,False
0.35843828320503235,0.008438289165496826,0.005116462707519531,-0.013624700717628002,-0.029220104217529297,-0.5158699154853821,-0.007322549819946289,0.9717457890510559,-0.10523572564125061,1.7416783571243286,0.03431861475110054,1.1537554264068604,5.0,5.0,0.35,187,3.11667,False
0.3578977584838867,0.007897764444351196,0.004201173782348633,-0.011973341926932335,-0.030704498291015625,-0.5320842266082764,-0.0042040348052978516,0.9745727777481079,-0.17755046486854553,1.7306541204452515,0.005350955296307802,0.49401092529296875,5.0,5.0,0.35,188,3.13333,False
0.3573090434074402,0.007309049367904663,0.0028657913208007812,-0.009997868910431862,-0.032691001892089844,-0.5424895882606506,0.022999346256256104,0.9182437658309937,-0.42719849944114685,1.7921748161315918,0.06610893458127975,0.1255645751953125,5.0,5.0,0.35,189,3.15,False
0.35724911093711853,0.007249116897583008,0.0033457279205322266,-0.010544556193053722,-0.03255915641784668,-0.5766913890838623,0.014651715755462646,0.8914664387702942,-0.2782312035560608,2.06626033782959,0.09731412678956985,-4.616627216339111,5.0,5.0,0.35,190,3.16667,False
0.35772478580474854,0.007724791765213013,0.0033655166625976562,-0.010893402621150017,-0.03288984298706055,-0.5868698358535767,0.03759270906448364,0.8591462969779968,-0.33658212423324585,2.072702646255493,0.003446333110332489,-2.9694690704345703,5.0,5.0,0.35,191,3.18333,False
0.3584480881690979,0.008448094129562378,0.003309965133666992,-0.011366361752152443,-0.033257484436035156,-0.601455807685852,0.024436473846435547,0.8657992482185364,-0.11401183903217316,2.052687883377075,0.04993812367320061,5.0,5.0,5.0,0.35,192,3.2,False
0.3588850200176239,0.008885025978088379,0.0032372474670410156,-0.011811435222625732,-0.03365492820739746,-0.5964083671569824,0.028090298175811768,0.8926453590393066,0.18346022069454193,1.8024849891662598,0.15109112858772278,3.303196907043457,5.0,5.0,0.35,193,3.21667,False
0.3589536249637604,0.008953630924224854,0.00310516357421875,-0.012117858044803143,-0.03413963317871094,-0.6011881828308105,0.023801803588867188,0.9117276072502136,0.16148827970027924,1.534493088722229,0.0723024234175682,2.648488759994507,5.0,5.0,0.35,194,3.23333,False
0.359098345041275,0.009098351001739502,0.0049364566802978516,-0.014803889207541943,-0.032294511795043945,-0.6189607381820679,0.019679605960845947,0.9057104587554932,0.45652496814727783,1.5138356685638428,0.08747337013483047,1.6038742065429688,5.0,5.0,0.35,195,3.25,False
0.3592638075351715,0.009263813495635986,0.006681680679321289,-0.01736696995794773,-0.03054022789001465,-0.6038814187049866,0.020642340183258057,0.8930185437202454,0.15778718888759613,1.2870547771453857,0.14067383110523224,1.8022639751434326,5.0,5.0,0.35,196,3.26667,False
0.3595693111419678,0.009569317102432251,0.007867813110351562,-0.01929662749171257,-0.02942681312561035,-0.6155971884727478,0.0321274995803833,0.9100478291511536,0.06771691888570786,1.4915868043899536,0.049946002662181854,1.7212724685668945,5.0,5.0,0.35,197,3.28333,False
0.3602500259876251,0.0102500319480896,0.009173393249511719,-0.021395927295088768,-0.028147220611572266,-0.6156272292137146,0.03277939558029175,0.9205394387245178,0.37793511152267456,1.6581934690475464,0.12399309873580933,3.3094072341918945,5.0,5.0,0.35,198,3.3,False
0.3607264757156372,0.010726481676101685,0.009714603424072266,-0.022471953183412552,-0.027729511260986328,-0.5914980173110962,0.02561330795288086,0.9648719429969788,0.5213702321052551,1.4030171632766724,0.08568857610225677,4.23704719543457,5.0,5.0,0.35,199,3.31667,False
0.3606930375099182,0.01069304347038269,0.009929656982421875,-0.02282092347741127,-0.02782726287841797,-0.5671340227127075,0.01952412724494934,1.0141586065292358,0.6746059656143188,0.9846258163452148,0.19853250682353973,5.0,5.0,5.0,0.35,200,3.33333,False
0.3604453504085541,0.010445356369018555,0.009726524353027344,-0.02250511571764946,-0.028347253799438477,-0.5556334853172302,0.017886042594909668,1.0374854803085327,0.7065915465354919,0.8768717050552368,0.012634025886654854,5.0,5.0,5.0,0.35,201,3.35,False
0.36033153533935547,0.010331541299819946,0.01076960563659668,-0.023570319637656212,-0.02737140655517578,-0.5760485529899597,0.022428661584854126,1.0411070585250854,0.35201483964920044,0.7284672856330872,0.14774851500988007,5.0,5.0,5.0,0.35,202,3.36667,False
0.3604376018047333,0.010437607765197754,0.01293635368347168,-0.02586258575320244,-0.025068044662475586,-0.5737686157226562,0.013412117958068848,1.0513923168182373,0.046326518058776855,0.9887855052947998,0.16121092438697815,2.2882986068725586,5.0,5.0,0.35,203,3.38333,False
0.3606521487236023,0.010652154684066772,0.01369619369506836,-0.02652643620967865,-0.02443099021911621,-0.5531442165374756,0.02189198136329651,1.0689070224761963,0.07201467454433441,1.5814789533615112,0.3519454002380371,0.12295413017272949,5.0,5.0,0.35,204,3.4,False
0.36052098870277405,0.010520994663238525,0.012190103530883789,-0.024407586082816124,-0.026526689529418945,-0.5090025067329407,0.020312726497650146,1.1263015270233154,0.3639068305492401,1.4798552989959717,0.09552840888500214,1.8901033401489258,5.0,5.0,0.35,205,3.41667,False
0.36002907156944275,0.010029077529907227,0.00830698013305664,-0.019439944997429848,-0.03145003318786621,-0.4841998517513275,-0.005228281021118164,1.187659502029419,0.38022732734680176,1.3156567811965942,0.027227511629462242,1.367849349975586,5.0,5.0,0.35,206,3.43333,False
0.3590673804283142,0.009067386388778687,0.003711700439453125,-0.013661172240972519,-0.037156105041503906,-0.48518916964530945,-0.009846925735473633,1.2218607664108276,0.15040047466754913,0.9138088226318359,0.2143021672964096,2.2368600368499756,5.0,5.0,0.35,207,3.45,False
0.35824063420295715,0.00824064016342163,0.0023076534271240234,-0.011447185650467873,-0.039122581481933594,-0.5368066430091858,-0.00817936658859253,1.1964266300201416,-0.10172584652900696,0.9316513538360596,0.06388604640960693,-0.22494769096374512,5.0,5.0,0.35,208,3.46667,False
0.3579976558685303,0.007997661828994751,0.004156589508056641,-0.013001367449760437,-0.037154436111450195,-0.5722945928573608,0.009878605604171753,1.1448826789855957,-0.05057273432612419,1.344104290008545,0.1727340668439865,-1.0131980180740356,5.0,5.0,0.35,209,3.48333,False
0.3578804135322571,0.007880419492721558,0.005154609680175781,-0.013796491548418999,-0.036188364028930664,-0.5580257177352905,0.038467347621917725,1.0675435066223145,-0.13649451732635498,1.6160030364990234,0.08131147921085358,-1.1673178672790527,5.0,5.0,0.35,210,3.5,False
0.35789889097213745,0.007898896932601929,0.005429506301879883,-0.013929963111877441,-0.036031484603881836,-0.5733422636985779,0.020787149667739868,1.0628652572631836,-0.05301276966929436,1.7936630249023438,0.03853227198123932,3.100390911102295,5.0,5.0,0.35,211,3.51667,False
0.3578689992427826,0.00786900520324707,0.006127595901489258,-0.01450005266815424,-0.03535294532775879,-0.5655378103256226,0.009919971227645874,1.0685142278671265,0.10021233558654785,1.8235447406768799,0.02437085099518299,0.7387852668762207,5.0,5.0,0.35,212,3.53333,False
0.35747072100639343,0.00747072696685791,0.005845546722412109,-0.013919670134782791,-0.03584027290344238,-0.5434909462928772,0.011865898966789246,1.092979073524475,0.012613378465175629,1.5296133756637573,0.0940692201256752,5.0,5.0,5.0,0.35,213,3.55,False
0.35715070366859436,0.007150709629058838,0.005350351333618164,-0.0130957942456007,-0.036580562591552734,-0.5488259792327881,0.009029820561408997,1.1064997911453247,0.001548122614622116,1.4053207635879517,0.015571093186736107,-0.2407999336719513,5.0,5.0,0.35,214,3.56667,False
0.35701560974121094,0.007015615701675415,0.004436492919921875,-0.011910839006304741,-0.0378420352935791,-0.5596017837524414,0.026674389839172363,1.074510931968689,-0.3269536793231964,1.4617403745651245,0.11109659820795059,-3.445239543914795,5.0,5.0,0.35,215,3.58333,False
0.3576008081436157,0.0076008141040802,0.004531383514404297,-0.012005120515823364,-0.037816762924194336,-0.5863028764724731,0.014810875058174133,1.0585523843765259,-0.12898212671279907,1.903760313987732,0.2345743626356125,-1.2923774719238281,5.0,5.0,0.35,216,3.6,False
0.3580437898635864,0.008043795824050903,0.004087209701538086,-0.011581014841794968,-0.03839540481567383,-0.5701816082000732,0.02404157817363739,1.0477110147476196,-0.05490763112902641,1.6690537929534912,0.060574181377887726,1.4004755020141602,5.0,5.0,0.35,217,3.61667,False
0.35785001516342163,0.007850021123886108,0.0019071102142333984,-0.009316244162619114,-0.041060447692871094,-0.5696418881416321,0.011298105120658875,1.07326078414917,-0.1318524032831192,1.5710694789886475,0.015521423891186714,3.0107603073120117,5.0,5.0,0.35,218,3.63333,False
0.3573702573776245,0.007370263338088989,0.0010609626770019531,-0.008447936736047268,-0.04215693473815918,-0.584915280342102,-0.007607057690620422,1.0806126594543457,0.22431105375289917,1.711721658706665,0.14663542807102203,5.0,5.0,5.0,0.35,219,3.65,False
0.35712236166000366,0.00712236762046814,0.001989603042602539,-0.00955766811966896,-0.04117703437805176,-0.6138664484024048,0.00278521329164505,1.0582350492477417,0.06924207508563995,1.4454772472381592,0.09493246674537659,-1.6171634197235107,5.0,5.0,0.35,220,3.66667,False
0.3574065566062927,0.007406562566757202,0.003951072692871094,-0.011924795806407928,-0.03890347480773926,-0.6283349990844727,0.028238706290721893,1.0599044561386108,-0.0676412582397461,1.4757016897201538,0.019650563597679138,-2.1744141578674316,5.0,5.0,0.35,221,3.68333,False
0.35807812213897705,0.008078128099441528,0.005831480026245117,-0.014328820630908012,-0.03670096397399902,-0.6334694623947144,0.022621475160121918,1.061911702156067,-0.041969191282987595,1.7813611030578613,0.09408673644065857,0.1962200403213501,5.0,5.0,0.35,222,3.7,False
0.35880741477012634,0.00880742073059082,0.0069196224212646484,-0.015929602086544037,-0.03535962104797363,-0.619822084903717,0.017492782324552536,1.0890012979507446,0.2291671484708786,1.5752750635147095,0.11598637700080872,1.5822973251342773,5.0,5.0,0.35,223,3.71667,False
0.3591349422931671,0.009134948253631592,0.00747370719909668,-0.016813237220048904,-0.03470611572265625,-0.6034634709358215,0.012382347136735916,1.125037431716919,0.53973388671875,1.2826590538024902,0.18207582831382751,5.0,5.0,5.0,0.35,224,3.73333,False
0.3590962588787079,0.009096264839172363,0.007703542709350586,-0.01720142364501953,-0.03441286087036133,-0.5879335999488831,0.010075196623802185,1.1610360145568848,0.5126595497131348,0.8385598659515381,0.1979571133852005,5.0,5.0,5.0,0.35,225,3.75,False
0.35899853706359863,0.00899854302406311,0.008953571319580078,-0.018604140728712082,-0.032861948013305664,-0.6002569198608398,0.010929964482784271,1.1602606773376465,0.4504767656326294,0.6822591423988342,0.028296614065766335,5.0,5.0,5.0,0.35,226,3.76667,False
0.35907748341560364,0.009077489376068115,0.011797666549682617,-0.02160155028104782,-0.02942061424255371,-0.5994681715965271,0.021801527589559555,1.1568703651428223,0.1817488819360733,0.8050239086151123,0.08728587627410889,3.2425832748413086,5.0,5.0,0.35,227,3.78333,False
0.3593725562095642,0.009372562170028687,0.01363682746887207,-0.023554712533950806,-0.027147531509399414,-0.5939655900001526,0.03052739053964615,1.1542441844940186,-0.02031521126627922,1.3480544090270996,0.3357120156288147,0.3540492057800293,5.0,5.0,0.35,228,3.8,False
0.35999631881713867,0.00999632477760315,0.014566898345947266,-0.024539552628993988,-0.02592921257019043,-0.5842654705047607,0.023367099463939667,1.152968168258667,0.07723767310380936,1.606045126914978,0.07607577741146088,5.0,5.0,5.0,0.35,229,3.81667,False
0.36031290888786316,0.010312914848327637,0.013089895248413086,-0.022909974679350853,-0.02751636505126953,-0.547929048538208,0.008406609296798706,1.1944494247436523,0.3422604501247406,1.5037676095962524,0.08069776743650436,4.721714019775391,5.0,5.0,0.35,230,3.83333,False
0.3598342835903168,0.00983428955078125,0.009436368942260742,-0.018832841888070107,-0.03177309036254883,-0.5367340445518494,-0.0010058283805847168,1.252381682395935,0.44765329360961914,1.2351330518722534,0.08327218145132065,-5.0,4.617544174194336,5.0,0.35,231,3.85,False
0.35862910747528076,0.00862911343574524,0.005252361297607422,-0.014118032529950142,-0.03660726547241211,-0.5272420644760132,-0.008670449256896973,1.2930898666381836,0.2547188103199005,0.6958921551704407,0.32800447940826416,5.0,5.0,5.0,0.35,232,3.86667,False
0.3570370376110077,0.007037043571472168,0.0032737255096435547,-0.011707180179655552,-0.038823604583740234,-0.5611013174057007,-0.012911632657051086,1.26299250125885,0.14935064315795898,0.7061715722084045,0.011208117008209229,5.0,5.0,5.0,0.35,233,3.88333,False
0.3562159240245819,0.006215929985046387,0.005049943923950195,-0.013377013616263866,-0.036609649658203125,-0.6000074148178101,-0.003388643264770508,1.2051358222961426,0.01053878664970398,1.3301892280578613,0.4086667597293854,-0.6403233408927917,5.0,5.0,0.35,234,3.9,False
0.35610488057136536,0.006104886531829834,0.007170677185058594,-0.015578465536236763,-0.03391599655151367,-0.5965756177902222,0.015214890241622925,1.168360948562622,-0.09631906449794769,1.4866318702697754,0.035892900079488754,-4.175853729248047,5.0,5.0,0.35,235,3.91667,False
0.35625338554382324,0.00625339150428772,0.00843358039855957,-0.016823075711727142,-0.03225111961364746,-0.5735415816307068,0.014288097620010376,1.1439478397369385,0.13590827584266663,1.6952861547470093,0.09746614843606949,2.386280059814453,5.0,5.0,0.35,236,3.93333,False
0.35637158155441284,0.006371587514877319,0.00880885124206543,-0.01700492575764656,-0.03159618377685547,-0.5522523522377014,0.006461888551712036,1.192663311958313,0.18128719925880432,1.5751681327819824,0.01648758538067341,1.9776341915130615,3.656757354736328,3.656757354736328,0.35,237,3.95,False
0.3563212454319,0.006321251392364502,0.007874488830566406,-0.01565910317003727,-0.032463788986206055,-0.529438853263855,-0.014988422393798828,1.238130807876587,0.009342879056930542,1.4342517852783203,0.04942226782441139,4.7657294273376465,5.0,5.0,0.35,238,3.96667,False
0.3561455011367798,0.006145507097244263,0.005583524703979492,-0.012829756364226341,-0.03491616249084473,-0.5261209011077881,-0.0015763938426971436,1.2670751810073853,-0.1784602254629135,1.2173696756362915,0.0823078602552414,-0.5161700248718262,5.0,5.0,0.35,239,3.98333,False
0.3560786843299866,0.00607869029045105,0.003814697265625,-0.010633563622832298,-0.036722660064697266,-0.5476589202880859,0.0057201087474823,1.2632571458816528,-0.3093322813510895,1.3610304594039917,0.03776591643691063,-1.0035400390625,5.0,5.0,0.35,240,4.0,False
0.35618889331817627,0.006188899278640747,0.0037338733673095703,-0.010376205667853355,-0.03649330139160156,-0.5676717758178711,0.00798216462135315,1.2343610525131226,-0.027151834219694138,1.658733606338501,0.16825297474861145,1.0569047927856445,5.0,5.0,0.35,241,4.01667,False
0.35585588216781616,0.00585588812828064,0.0029904842376708984,-0.009328287094831467,-0.0370793342590332,-0.5436023473739624,0.012277036905288696,1.1739071607589722,-0.09867948293685913,1.5022586584091187,0.029600612819194794,1.673196792602539,5.0,5.0,0.35,242,4.03333,False
0.3553810715675354,0.005381077527999878,0.0015659332275390625,-0.007419891655445099,-0.03856515884399414,-0.5378583669662476,0.03531366586685181,1.1103463172912598,-0.37651973962783813,1.593335747718811,0.08549024164676666,-5.0,5.0,5.0,0.35,243,4.05,False
0.3557703197002411,0.005770325660705566,0.0014543533325195312,-0.0071838609874248505,-0.038411617279052734,-0.5922361612319946,0.03303799033164978,1.105143666267395,-0.2798605263233185,2.2048087120056152,0.3832421898841858,-3.3293232917785645,5.0,5.0,0.35,244,4.06667,False
0.3565804958343506,0.0065805017948150635,0.002348661422729492,-0.008241988718509674,-0.036981821060180664,-0.599065899848938,0.048168063163757324,1.1082966327667236,-0.1489838808774948,2.0286521911621094,0.04815981537103653,0.9590082168579102,5.0,5.0,0.35,245,4.08333,False
0.35688692331314087,0.006886929273605347,0.002186298370361328,-0.008078259415924549,-0.03679680824279785,-0.5746181607246399,0.023895710706710815,1.1288259029388428,0.10542252659797668,1.6554064750671387,0.2040349841117859,1.1813650131225586,5.0,5.0,0.35,246,4.1,False
0.3565191626548767,0.0065191686153411865,0.0003838539123535156,-0.0060221231542527676,-0.03855252265930176,-0.5715516805648804,0.014929234981536865,1.1619751453399658,0.1833128184080124,1.5234172344207764,0.023488057777285576,3.2499194145202637,5.0,5.0,0.35,247,4.11667,False
0.3564183712005615,0.006418377161026001,0.0011439323425292969,-0.007038789335638285,-0.037290096282958984,-0.6141666173934937,0.020351022481918335,1.1471279859542847,0.19771309196949005,1.5833271741867065,0.0037965686060488224,5.0,5.0,5.0,0.35,248,4.13333,False
0.3568459451198578,0.006845951080322266,0.003690004348754883,-0.010300032794475555,-0.03388190269470215,-0.6293343305587769,0.02064073085784912,1.1342287063598633,0.07692492753267288,1.3648518323898315,0.0623212531208992,0.807706356048584,5.0,5.0,0.35,249,4.15,False
0.3574925363063812,0.007492542266845703,0.0060269832611083984,-0.01338215172290802,-0.030701398849487305,-0.6316378116607666,0.02544623613357544,1.124484896659851,0.03147599846124649,1.5178982019424438,0.025488795712590218,0.5624723434448242,5.0,5.0,0.35,250,4.16667,False
0.358236700296402,0.008236706256866455,0.007035017013549805,-0.014903245493769646,-0.029058218002319336,-0.6155715584754944,0.019757091999053955,1.144208550453186,0.21471254527568817,1.4792718887329102,0.03506762161850929,2.9758567810058594,5.0,5.0,0.35,251,4.18333,False
0.3586920201778412,0.008692026138305664,0.0070226192474365234,-0.015131214633584023,-0.028595447540283203,-0.6022186279296875,0.0050029754638671875,1.186854362487793,0.44036775827407837,1.4070780277252197,0.056132227182388306,3.5754051208496094,5.0,5.0,0.35,252,4.2,False
0.35876232385635376,0.008762329816818237,0.006353139877319336,-0.014518913812935352,-0.02892327308654785,-0.6007903814315796,-0.007897734642028809,1.226418137550354,0.6767333745956421,1.1233036518096924,0.1363966017961502,5.0,5.0,5.0,0.35,253,4.21667,False
0.35878461599349976,0.008784621953964233,0.006251335144042969,-0.014593941159546375,-0.028496980667114258,-0.6082499623298645,0.0023350119590759277,1.256788969039917,0.6874883770942688,0.6637462377548218,0.21130867302417755,5.0,4.008543014526367,5.0,0.35,254,4.23333,False
0.35855451226234436,0.008554518222808838,0.008430004119873047,-0.01752207614481449,-0.025368690490722656,-0.6144299507141113,0.016420423984527588,1.2477284669876099,0.33914971351623535,0.26932239532470703,0.2769100069999695,5.0,1.3423519134521484,5.0,0.35,255,4.25,False
0.35835298895835876,0.008352994918823242,0.011183023452758789,-0.021123399958014488,-0.021569013595581055,-0.6048186421394348,0.020709455013275146,1.2119702100753784,0.16057579219341278,1.029140591621399,0.609212338924408,2.290998935699463,5.0,5.0,0.35,256,4.26667,False
0.35837581753730774,0.008375823497772217,0.012665271759033203,-0.02304530143737793,-0.01924276351928711,-0.5814034938812256,0.02452749013900757,1.2034558057785034,0.14806154370307922,1.5146445035934448,0.23587065935134888,5.0,5.0,5.0,0.35,257,4.28333,False
0.35833483934402466,0.008334845304489136,0.012858390808105469,-0.023149292916059494,-0.01847219467163086,-0.5608526468276978,0.018983423709869385,1.2251530885696411,0.28100061416625977,1.2947444915771484,0.06602881103754044,5.0,5.0,5.0,0.35,258,4.3,False
0.35819491744041443,0.008194923400878906,0.01180410385131836,-0.021492434665560722,-0.019147634506225586,-0.5293341279029846,-0.006974518299102783,1.265096664428711,0.3397688865661621,1.2588473558425903,0.0047423141077160835,5.0,5.0,5.0,0.35,259,4.31667,False
0.35760602355003357,0.007606029510498047,0.00882101058959961,-0.017141764983534813,-0.02208232879638672,-0.5041711330413818,-0.01241523027420044,1.3098604679107666,-0.04763909801840782,1.1079639196395874,0.17285075783729553,3.9612197875976562,5.0,5.0,0.35,260,4.33333,False
0.356833815574646,0.006833821535110474,0.006059169769287109,-0.012986266054213047,-0.024767398834228516,-0.527315080165863,-0.023682773113250732,1.3266359567642212,-0.006968822330236435,1.2582402229309082,0.02423703856766224,1.7311110496520996,5.0,5.0,0.35,261,4.35,False
0.35642290115356445,0.006422907114028931,0.004430055618286133,-0.01054025162011385,-0.02608180046081543,-0.5541517734527588,-0.00919264554977417,1.3050395250320435,-0.26440611481666565,1.331019639968872,0.07157079875469208,-3.4367589950561523,5.0,5.0,0.35,262,4.36667,False
0.3564072251319885,0.006407231092453003,0.0041043758392333984,-0.01003651786595583,-0.025812149047851562,-0.5763205289840698,-0.002238631248474121,1.2907860279083252,-0.14763306081295013,1.6354820728302002,0.10633332282304764,-1.1712422370910645,5.0,5.0,0.35,263,4.38333,False
0.3565119802951813,0.006511986255645752,0.004018068313598633,-0.009955517016351223,-0.025244951248168945,-0.5781621932983398,-0.0012467503547668457,1.2758188247680664,-0.09585703909397125,1.7683117389678955,0.020324476063251495,0.06260132789611816,5.0,5.0,0.35,264,4.4,False
0.35614341497421265,0.006143420934677124,0.0026700496673583984,-0.007974429987370968,-0.026155471801757812,-0.5550010204315186,-0.004491329193115234,1.2563852071762085,-0.15780435502529144,1.58877432346344,0.03607115522027016,1.2094993591308594,5.0,5.0,0.35,265,4.41667,False
0.35530808568000793,0.005308091640472412,0.0015118122100830078,-0.006198126822710037,-0.02685379981994629,-0.5670002698898315,-0.017754793167114258,1.2584565877914429,-0.07700705528259277,1.5353106260299683,0.009386571124196053,2.703263759613037,5.0,5.0,0.35,266,4.43333,False
0.3544218838214874,0.004421889781951904,0.0012166500091552734,-0.005732957273721695,-0.026547670364379883,-0.5653204917907715,-0.0010570287704467773,1.2319481372833252,-0.11884698271751404,1.5093737840652466,0.002423299476504326,-2.487201452255249,5.0,5.0,0.35,267,4.45,False
0.3540053963661194,0.004005402326583862,0.0011856555938720703,-0.005643755197525024,-0.02597188949584961,-0.5829591155052185,0.025572657585144043,1.1656347513198853,-0.34011948108673096,1.6503920555114746,0.0688476711511612,-5.0,5.0,5.0,0.35,268,4.46667,False
0.35459643602371216,0.004596441984176636,0.0015215873718261719,-0.006268974393606186,-0.024899721145629883,-0.6199326515197754,0.03324669599533081,1.1375806331634521,-0.2914399206638336,1.9625449180603027,0.09980911016464233,-4.5036773681640625,5.0,5.0,0.35,269,4.48333,False
0.35574984550476074,0.00574985146522522,0.002546548843383789,-0.008103905245661736,-0.023009300231933594,-0.6363668441772461,0.02782118320465088,1.0981512069702148,-0.11865788698196411,2.0479037761688232,0.03713976591825485,3.3783440589904785,5.0,5.0,0.35,270,4.5,False
0.3565202057361603,0.006520211696624756,0.0029511451721191406,-0.008921390399336815,-0.021848440170288086,-0.6110268235206604,0.013865053653717041,1.1078633069992065,0.056812532246112823,1.643329381942749,0.19447030127048492,3.5352835655212402,5.0,5.0,0.35,271,4.51667,False
0.3565909266471863,0.006590932607650757,0.002492666244506836,-0.008173528127372265,-0.021717071533203125,-0.5909644365310669,-0.00644916296005249,1.128946304321289,0.21483148634433746,1.5356085300445557,0.03657376766204834,2.8150486946105957,5.0,5.0,0.35,272,4.53333,False
0.3561060130596161,0.006106019020080566,0.0008304119110107422,-0.005270345136523247,-0.023033857345581055,-0.5843064785003662,0.015345394611358643,1.1165051460266113,0.09137745946645737,1.1710153818130493,0.14816905558109283,2.7219231128692627,5.0,5.0,0.35,273,4.55,False
0.35607194900512695,0.006071954965591431,0.0013484954833984375,-0.0066453153267502785,-0.021769046783447266,-0.6453967094421387,0.035488784313201904,1.0992460250854492,0.09368617832660675,1.7257287502288818,0.30771225690841675,-3.261505365371704,5.0,5.0,0.35,274,4.56667,False
0.3563236594200134,0.006323665380477905,0.0018203258514404297,-0.008069062605500221,-0.02055191993713379,-0.6318610310554504,0.03808778524398804,1.0592308044433594,-0.3347166180610657,1.383824348449707,0.30042755603790283,1.5563430786132812,5.0,5.0,0.35,275,4.58333,False
0.35681942105293274,0.006819427013397217,0.0023627281188964844,-0.00960514321923256,-0.019248008728027344,-0.6562575101852417,0.03202462196350098,1.0261019468307495,-0.07929840683937073,1.9292311668395996,0.36270707845687866,1.5115940570831299,5.0,5.0,0.35,276,4.6,False
0.3572205901145935,0.007220596075057983,0.0030722618103027344,-0.011430187150835991,-0.01775979995727539,-0.650220513343811,0.020851314067840576,1.0343279838562012,0.4509924650192261,1.7655483484268188,0.30800044536590576,-5.0,5.0,5.0,0.35,277,4.61667,False
0.3575485348701477,0.007548540830612183,0.003920555114746094,-0.013648683205246925,-0.016093969345092773,-0.6713988184928894,0.011474013328552246,1.0521552562713623,0.6371468901634216,1.653283953666687,0.04725676402449608,5.0,5.0,5.0,0.35,278,4.63333,False
0.3581351339817047,0.00813513994216919,0.005701303482055664,-0.018087631091475487,-0.013267755508422852,-0.6773536801338196,0.018286168575286865,1.0873174667358398,0.7089219093322754,1.0082764625549316,0.42118632793426514,5.0,5.0,5.0,0.35,279,4.65,False
0.35849812626838684,0.008498132228851318,0.006577730178833008,-0.020689362660050392,-0.011501550674438477,-0.6459832191467285,0.01501154899597168,1.0851399898529053,-0.06406538188457489,0.861354410648346,0.6190954446792603,0.9775322675704956,5.0,5.0,0.35,280,4.66667,False
0.3590697646141052,0.009069770574569702,0.007067441940307617,-0.02232295460999012,-0.010184288024902344,-0.6517892479896545,0.014592587947845459,1.076759934425354,0.1846882700920105,1.3232368230819702,0.27521374821662903,4.983004093170166,5.0,5.0,0.35,281,4.68333,False
0.35964158177375793,0.009641587734222412,0.0075190067291259766,-0.023758677765727043,-0.008906364440917969,-0.6370384693145752,0.017843246459960938,1.0945805311203003,0.5561003684997559,1.4657623767852783,0.15826047956943512,5.0,5.0,5.0,0.35,282,4.7,False
0.35979753732681274,0.009797543287277222,0.00719451904296875,-0.02338726818561554,-0.008539915084838867,-0.6005316972732544,0.010047078132629395,1.1456282138824463,0.5112992525100708,0.9995588064193726,0.21935291588306427,5.0,5.0,5.0,0.35,283,4.71667,False
0.359514057636261,0.009514063596725464,0.006489276885986328,-0.021822653710842133,-0.008584976196289062,-0.5774422287940979,0.00396573543548584,1.1745431423187256,0.5899890661239624,0.8754084706306458,0.021605392917990685,5.0,5.0,5.0,0.35,284,4.73333,False
0.35914888978004456,0.009148895740509033,0.006330251693725586,-0.02149127796292305,-0.00798344612121582,-0.592909574508667,0.002295196056365967,1.1622602939605713,0.18072891235351562,0.7543133497238159,0.18215790390968323,3.6748104095458984,5.0,5.0,0.35,285,4.75,False
0.3592446446418762,0.009244650602340698,0.006791830062866211,-0.023010961711406708,-0.006652116775512695,-0.6065685749053955,0.0023813247680664062,1.1433383226394653,-0.08677960932254791,1.0472630262374878,0.15738031268119812,5.0,4.603864669799805,5.0,0.35,286,4.76667,False
0.35967493057250977,0.009674936532974243,0.006922483444213867,-0.023442570120096207,-0.0057086944580078125,-0.5964968800544739,0.020368516445159912,1.141323447227478,-0.19212105870246887,1.7191225290298462,0.4624920189380646,-1.0486268997192383,5.0,5.0,0.35,287,4.78333,False
0.35988330841064453,0.009883314371109009,0.006017923355102539,-0.020721249282360077,-0.005975484848022461,-0.5546346306800842,0.006024658679962158,1.1852866411209106,-0.012044016271829605,1.6800847053527832,0.03395169600844383,0.9884364604949951,5.0,5.0,0.35,288,4.8,False
0.3589954078197479,0.008995413780212402,0.0035026073455810547,-0.012804636731743813,-0.008124113082885742,-0.5142385363578796,-0.022563159465789795,1.2626116275787354,0.11860501766204834,1.4374138116836548,0.07595832645893097,0.21710848808288574,5.0,5.0,0.35,289,4.81667,False
0.3570267856121063,0.007026791572570801,0.0005145072937011719,-0.0030304878018796444,-0.0107879638671875,-0.5430117845535278,-0.05350780487060547,1.2939965724945068,-0.0586058534681797,1.2468992471694946,0.06769949197769165,0.18627536296844482,5.0,5.0,0.35,290,4.83333,False
0.3551276624202728,0.005127668380737305,-0.0007128715515136719,0.00025540729984641075,-0.011377334594726562,-0.6272345185279846,-0.04426383972167969,1.2453018426895142,0.0536852590739727,1.1926233768463135,0.015555163845419884,2.3893260955810547,5.0,5.0,0.35,291,4.85,False
0.3535999059677124,0.00359991192817688,-0.0007436275482177734,-0.000938322045840323,-0.010628223419189453,-0.6414787769317627,-0.014480173587799072,1.1556066274642944,-0.050684522837400436,1.2679814100265503,0.016571884974837303,-4.681609153747559,5.0,5.0,0.35,292,4.86667,False
0.352430135011673,0.002430140972137451,-0.0008318424224853516,-0.001452358323149383,-0.009978055953979492,-0.6358376741409302,0.023459970951080322,1.0978035926818848,-0.0492970235645771,1.7594259977340698,0.24151970446109772,-3.166926860809326,1.375802993774414,3.166926860809326,0.35,293,4.88333,False
0.35212212800979614,0.00212213397026062,-0.00045371055603027344,-0.0037824383471161127,-0.008758306503295898,-0.6785342693328857,0.031122565269470215,1.1065046787261963,0.19038310647010803,2.1012561321258545,0.17429441213607788,5.0,5.0,5.0,0.35,294,4.9,False
0.3526378273963928,0.0026378333568573,0.00021958351135253906,-0.007675307337194681,-0.0071637630462646484,-0.6960363388061523,0.02936774492263794,1.1060248613357544,0.35292041301727295,1.7873796224594116,0.12493683397769928,5.0,5.0,5.0,0.35,295,4.91667,False
0.3535810112953186,0.003581017255783081,0.0010814666748046875,-0.012914484366774559,-0.005339384078979492,-0.6940327882766724,0.042020201683044434,1.1098161935806274,0.678070068359375,1.1835731267929077,0.47030457854270935,5.0,5.0,5.0,0.35,296,4.93333,False
0.3546833395957947,0.004683345556259155,0.001951456069946289,-0.01821342296898365,-0.003473043441772461,-0.6700277924537659,0.03634732961654663,1.124535322189331,1.1128942966461182,0.5452631711959839,0.596511721611023,5.0,5.0,5.0,0.35,297,4.95,False
0.35554322600364685,0.005543231964111328,0.002979278564453125,-0.024305034428834915,-0.001405954360961914,-0.6411072611808777,0.033068299293518066,1.1278035640716553,0.9384883642196655,0.18493545055389404,0.16025349497795105,-5.0,-1.690199851989746,5.0,0.35,298,4.96667,False
0.35585737228393555,0.005857378244400024,0.003567218780517578,-0.028712168335914612,0.00015044212341308594,-0.5769462585449219,0.061567723751068115,1.145277500152588,0.404268741607666,0.02057722955942154,0.31240424513816833,5.0,-4.126182556152344,5.0,0.35,299,4.98333,False
0.355991393327713,0.00599139928817749,0.0038580894470214844,-0.03019683063030243,0.0013294219970703125,-0.5380257964134216,0.049019694328308105,1.117040991783142,-0.05825004354119301,0.9260222315788269,1.0337542295455933,2.4001317024230957,5.0,5.0,0.35,300,5.0,False
0.356484979391098,0.0064849853515625,0.003829479217529297,-0.028181735426187515,0.002115488052368164,-0.5159257054328918,0.05517411231994629,1.106274127960205,-0.3087502717971802,1.628954291343689,0.5568638443946838,1.1219606399536133,5.0,5.0,0.35,301,5.01667,False
0.35683876276016235,0.006838768720626831,0.003631114959716797,-0.023438457399606705,0.002691507339477539,-0.4852903485298157,0.02353203296661377,1.117986798286438,-0.3245948553085327,1.76136314868927,0.017783155664801598,-0.6253671646118164,5.0,5.0,0.35,302,5.03333,False
0.3561376631259918,0.006137669086456299,0.0031838417053222656,-0.013630833476781845,0.002991199493408203,-0.43512746691703796,-0.009838789701461792,1.1842262744903564,-0.21522049605846405,1.750083565711975,0.012089979834854603,-0.30075645446777344,5.0,5.0,0.35,303,5.05,False
0.3538496792316437,0.0038496851921081543,0.0026662349700927734,0.00040366104803979397,0.003233671188354492,-0.45264095067977905,-0.05837765336036682,1.2317794561386108,-0.3473201394081116,1.745037317276001,0.017475780099630356,-0.04607105255126953,5.0,5.0,0.35,304,5.06667,False
0.3507292568683624,0.0007292628288269043,0.002238035202026367,0.012094605714082718,0.0035834312438964844,-0.5254496932029724,-0.07181474566459656,1.2114452123641968,-0.36613041162490845,1.4195277690887451,0.10631029307842255,-0.13340187072753906,5.0,5.0,0.35,305,5.08333,False
0.34758079051971436,-0.002419203519821167,0.002163410186767578,0.017567971721291542,0.004310131072998047,-0.5900167226791382,-0.05891543626785278,1.0999966859817505,-0.27978748083114624,1.6111915111541748,0.044190093874931335,-0.16033363342285156,5.0,5.0,0.35,306,5.1,False
0.3442486822605133,-0.005751311779022217,0.0020749568939208984,0.01919487863779068,0.004946470260620117,-0.6285945773124695,0.0016877055168151855,0.9538134336471558,-0.14679701626300812,2.2663707733154297,0.44694632291793823,-4.671389579772949,5.0,5.0,0.35,307,5.11667,False
0.3418992757797241,-0.008100718259811401,0.0021178722381591797,0.019714511930942535,0.005673408508300781,-0.6487748622894287,0.03581345081329346,0.8835575580596924,-0.11617688834667206,2.656836986541748,0.1534014642238617,-4.5160441398620605,4.945732116699219,4.945732116699219,0.35,308,5.13333,False
0.34136560559272766,-0.008634388446807861,0.002254009246826172,0.016745751723647118,0.006499528884887695,-0.7192047238349915,0.05292212963104248,0.8967134356498718,0.10754679143428802,2.612955331802368,0.05197788402438164,3.0847506523132324,5.0,5.0,0.35,309,5.15,False
0.34214410185813904,-0.007855892181396484,0.002111673355102539,0.009667668491601944,0.006993532180786133,-0.7355493307113647,0.05798107385635376,0.8844965696334839,0.47686997056007385,2.2236411571502686,0.28796514868736267,4.960178375244141,5.0,5.0,0.35,310,5.16667,False
0.34369999170303345,-0.006300002336502075,0.0018343925476074219,0.0010588057339191437,0.007323265075683594,-0.7209760546684265,0.06887573003768921,0.8775792717933655,1.0233829021453857,1.393446445465088,0.987899661064148,5.0,5.0,5.0,0.35,311,5.18333,False
0.34533730149269104,-0.004662692546844482,0.0015692710876464844,-0.0066878097131848335,0.007653236389160156,-0.6898868083953857,0.08281934261322021,0.8695145845413208,1.5288852453231812,0.3271017372608185,1.392623782157898,5.0,3.4981346130371094,5.0,0.35,312,5.2,False
0.34682995080947876,-0.0031700432300567627,0.0013492107391357422,-0.013581760227680206,0.008033037185668945,-0.6568241119384766,0.08597087860107422,0.8744280934333801,1.4150311946868896,0.36868321895599365,0.014691764488816261,5.0,0.05519866943359375,5.0,0.35,313,5.21667,False
0.3482307195663452,-0.0017692744731903076,0.0012001991271972656,-0.018981605768203735,0.008496999740600586,-0.6235195994377136,0.08642041683197021,0.8640763759613037,0.6524245142936707,0.5498335957527161,0.6143844127655029,5.0,4.696349143981934,5.0,0.35,314,5.23333,False
0.3496338725090027,-0.0003661215305328369,0.0011525154113769531,-0.022432364523410797,0.009061098098754883,-0.5880752801895142,0.0825781524181366,0.8555047512054443,0.487183541059494,0.8669771552085876,0.1278846114873886,5.0,5.0,5.0,0.35,315,5.25,False
0.3508743941783905,0.0008744001388549805,0.001239776611328125,-0.024226345121860504,0.009779930114746094,-0.5640457272529602,0.07459646463394165,0.8411757349967957,0.44956278800964355,1.2100436687469482,0.11910995095968246,5.0,5.0,5.0,0.35,316,5.26667,False
0.35167112946510315,0.001671135425567627,0.0015285015106201172,-0.02414039708673954,0.01074528694152832,-0.5208626985549927,0.03408098220825195,0.8767428994178772,0.4827064275741577,1.3119189739227295,0.011477078311145306,-3.4311914443969727,5.0,5.0,0.35,317,5.28333,False
0.3514976501464844,0.0014976561069488525,0.0026280879974365234,-0.018785730004310608,0.012688636779785156,-0.4723811149597168,0.026007473468780518,0.9252173900604248,0.33250290155410767,1.129259705543518,0.055925507098436356,5.0,5.0,5.0,0.35,318,5.3,False
0.35110995173454285,0.0011099576950073242,0.0035893917083740234,-0.013283680193126202,0.014480352401733398,-0.4986613988876343,-0.0002346038818359375,0.9359201788902283,0.1340484917163849,1.4361498355865479,0.13356570899486542,-5.0,4.66697883605957,5.0,0.35,319,5.31667,False
0.35075274109840393,0.0007527470588684082,0.004323720932006836,-0.008986452594399452,0.01600027084350586,-0.535991907119751,-0.003573775291442871,0.9409605264663696,-0.22031639516353607,1.4062103033065796,0.12647084891796112,-2.896930694580078,5.0,5.0,0.35,320,5.33333,False
0.3506324589252472,0.0006324648857116699,0.004566192626953125,-0.006920896004885435,0.016956806182861328,-0.5698548555374146,-0.015826940536499023,0.9407324194908142,-0.1785420924425125,1.842978596687317,0.1925116330385208,-0.882293701171875,5.0,5.0,0.35,321,5.35,False
0.3502931296825409,0.0002931356430053711,0.004618406295776367,-0.005570422857999802,0.0176851749420166,-0.5690322518348694,-0.024804383516311646,0.9605903625488281,0.19857476651668549,1.7625409364700317,0.14868734776973724,3.0349504947662354,5.0,5.0,0.35,322,5.36667,False
0.3498641550540924,-0.00013583898544311523,0.004548072814941406,-0.00461858045309782,0.018285512924194336,-0.5861067771911621,-0.04553219676017761,0.9784075021743774,0.21987657248973846,1.693034291267395,0.0052849408239126205,3.9971859455108643,5.0,5.0,0.35,323,5.38333,False
0.35005268454551697,5.269050598144531e-05,0.0035462379455566406,-0.00680864043533802,0.01778268814086914,-0.6233834028244019,-0.022160589694976807,0.9676758050918579,0.15889853239059448,1.5172550678253174,0.034616656601428986,0.09263467788696289,5.0,5.0,0.35,324,5.4,False
0.3508855700492859,0.0008855760097503662,0.002318143844604492,-0.009820317849516869,0.01699209213256836,-0.6307870149612427,-0.015599220991134644,0.9573679566383362,-0.10305353999137878,1.6290545463562012,0.08111800998449326,-3.6871604919433594,4.448631286621094,4.448631286621094,0.35,325,5.41667,False
0.3521822690963745,0.0021822750568389893,0.0014731884002685547,-0.011796839535236359,0.01662731170654297,-0.6348738074302673,-0.013685554265975952,0.937652051448822,-0.13704422116279602,1.57176673412323,0.004437259864062071,-0.5354211330413818,4.072052001953125,4.072052001953125,0.35,326,5.43333,False
0.3535586893558502,0.0035586953163146973,0.0008535385131835938,-0.013329973444342613,0.01651597023010254,-0.628298282623291,-0.013072758913040161,0.9527051448822021,0.2209896743297577,1.5188138484954834,0.13099227845668793,3.4645309448242188,5.0,5.0,0.35,327,5.45,False
0.35446280241012573,0.00446280837059021,0.0005519390106201172,-0.013739637099206448,0.016793489456176758,-0.6158955097198486,-0.01972144842147827,0.9929283261299133,0.4422109127044678,1.390202283859253,0.06547977030277252,2.1455183029174805,5.0,5.0,0.35,328,5.46667,False
0.354814738035202,0.004814743995666504,-0.0001423358917236328,-0.014793811365962029,0.016628742218017578,-0.6132770776748657,-0.01007649302482605,1.0077362060546875,0.43165677785873413,0.966056227684021,0.18001125752925873,-5.0,5.0,5.0,0.35,329,5.48333,False
0.35518813133239746,0.0051881372928619385,-0.001753091812133789,-0.018223458901047707,0.01537775993347168,-0.6345896124839783,-0.016108989715576172,0.9887213110923767,0.32311370968818665,0.9548709988594055,0.011906706728041172,0.9346027374267578,5.0,5.0,0.35,330,5.5,False
0.35562780499458313,0.005627810955047607,-0.0029859542846679688,-0.02076892741024494,0.01455235481262207,-0.6201572418212891,0.0036328136920928955,0.9761639833450317,-0.008362255990505219,1.0234341621398926,0.11457722634077072,0.3146902918815613,5.0,5.0,0.35,331,5.51667,False
0.3563266098499298,0.006326615810394287,-0.003844022750854492,-0.022358685731887817,0.014174699783325195,-0.6218444108963013,-0.00406154990196228,0.9814558029174805,-0.024486463516950607,1.4097888469696045,0.14952993392944336,2.027423858642578,5.0,5.0,0.35,332,5.53333,False
0.3573736250400543,0.007373631000518799,-0.004430055618286133,-0.023386767134070396,0.014091253280639648,-0.6225547790527344,-0.0024084746837615967,0.9845154881477356,0.23136648535728455,1.6351107358932495,0.11623068153858185,1.1982097625732422,5.0,5.0,0.35,333,5.55,False
0.35824018716812134,0.008240193128585815,-0.004698753356933594,-0.023373663425445557,0.01439809799194336,-0.6068091988563538,-0.009281367063522339,1.027037501335144,0.23146939277648926,1.4067522287368774,0.05214761942625046,5.0,5.0,5.0,0.35,334,5.56667,False
0.35847941040992737,0.008479416370391846,-0.0043981075286865234,-0.021693242713809013,0.015429019927978516,-0.5775265097618103,-0.018267974257469177,1.076032280921936,0.22345508635044098,1.1206048727035522,0.081944540143013,-1.4681081771850586,5.0,5.0,0.35,335,5.58333,False
0.3582577407360077,0.008257746696472168,-0.0037899017333984375,-0.01912168227136135,0.01683497428894043,-0.5737802982330322,-0.025164097547531128,1.0987722873687744,0.1625065803527832,1.0256097316741943,0.012738797813653946,1.0252947807312012,5.0,5.0,0.35,336,5.6,False
0.3579930067062378,0.00799301266670227,-0.0038161277770996094,-0.018021097406744957,0.01748943328857422,-0.5932393670082092,-0.018637090921401978,1.101333498954773,0.0638539046049118,1.058301568031311,0.010801106691360474,1.4206171035766602,5.0,5.0,0.35,337,5.61667,False
0.3580934405326843,0.008093446493148804,-0.0048482418060302734,-0.01917455531656742,0.0169527530670166,-0.6188735961914062,0.0009900331497192383,1.0886197090148926,-0.04202843829989433,1.311760425567627,0.07545246183872223,-5.0,5.0,5.0,0.35,338,5.63333,False
0.3586273789405823,0.008627384901046753,-0.006031990051269531,-0.020886505022644997,0.01618647575378418,-0.6231703162193298,0.0061514973640441895,1.068454384803772,-0.15026994049549103,1.5584267377853394,0.07256048917770386,-0.45288515090942383,4.649669647216797,4.649669647216797,0.35,339,5.65,False
0.35915955901145935,0.009159564971923828,-0.006196737289428711,-0.020759038627147675,0.01663804054260254,-0.6091135740280151,-0.0026790201663970947,1.0756884813308716,-0.17623008787631989,1.6215741634368896,0.004661526530981064,4.605099678039551,5.0,5.0,0.35,340,5.66667,False
0.35922306776046753,0.009223073720932007,-0.005345344543457031,-0.018468352034687996,0.01828312873840332,-0.5823352336883545,-0.00793677568435669,1.114126443862915,0.01365320011973381,1.602042317390442,0.03643715754151344,4.173803806304932,5.0,5.0,0.35,341,5.68333,False
0.35826948285102844,0.00826948881149292,-0.0030143260955810547,-0.013180021196603775,0.021725893020629883,-0.5500280857086182,-0.02617660164833069,1.167201042175293,0.027791157364845276,1.2826887369155884,0.10218659043312073,-0.8965756893157959,5.0,5.0,0.35,342,5.7,False
0.3568853735923767,0.0068853795528411865,-0.0007560253143310547,-0.008063024841248989,0.025082111358642578,-0.5832136869430542,-0.030954748392105103,1.167406439781189,0.035319697111845016,1.1891825199127197,0.008800092153251171,1.7081292867660522,5.0,5.0,0.35,343,5.71667,False
0.35612744092941284,0.006127446889877319,-0.0009875297546386719,-0.007695607841014862,0.025493383407592773,-0.6572192311286926,-0.01020844280719757,1.1095199584960938,-0.19065116345882416,1.2519688606262207,0.05500495433807373,-2.479689121246338,5.0,5.0,0.35,344,5.73333,False
0.35593727231025696,0.0059372782707214355,-0.0019485950469970703,-0.008922618813812733,0.024985313415527344,-0.6585625410079956,0.014386415481567383,1.042538046836853,-0.23301191627979279,1.7179677486419678,0.21894939243793488,-1.6592707633972168,5.0,5.0,0.35,345,5.75,False
0.355829656124115,0.005829662084579468,-0.0028107166290283203,-0.010381369851529598,0.024564743041992188,-0.665751576423645,0.03701196610927582,0.9962579607963562,-0.008953746408224106,1.878670334815979,0.07602737843990326,1.223412036895752,5.0,5.0,0.35,346,5.76667,False
0.35608893632888794,0.006088942289352417,-0.00482177734375,-0.013833917677402496,0.022749900817871094,-0.6778664588928223,0.022526413202285767,0.9890685677528381,0.24149739742279053,1.8392443656921387,0.0642801821231842,5.0,5.0,5.0,0.35,347,5.78333,False
0.3566328287124634,0.0066328346729278564,-0.0069904327392578125,-0.01762988418340683,0.020699024200439453,-0.6729887127876282,0.02407480776309967,0.9831176400184631,0.3620721101760864,1.6791495084762573,0.04016862437129021,3.5231218338012695,5.0,5.0,0.35,348,5.8,False
0.35733792185783386,0.00733792781829834,-0.008913755416870117,-0.020845768973231316,0.018931865692138672,-0.6641311049461365,0.02499009668827057,0.9900356531143188,0.2841561734676361,1.3419439792633057,0.11977846920490265,5.0,5.0,5.0,0.35,349,5.81667,False
0.358291894197464,0.008291900157928467,-0.009898185729980469,-0.022474175319075584,0.018249988555908203,-0.6598003506660461,0.019152581691741943,0.9923256039619446,-0.01874493435025215,1.0957971811294556,0.15233734250068665,3.8602232933044434,5.0,5.0,0.35,350,5.83333,False
0.3592700958251953,0.00927010178565979,-0.009907960891723633,-0.022621508687734604,0.018721580505371094,-0.6405131220817566,0.030268698930740356,1.0204676389694214,-0.05379033461213112,1.2629696130752563,0.0291748009622097,3.1114697456359863,5.0,5.0,0.35,351,5.85,False
0.35966169834136963,0.009661704301834106,-0.008417606353759766,-0.020228935405611992,0.021011829376220703,-0.5976014733314514,0.02080640196800232,1.0731663703918457,0.06904333829879761,1.3890215158462524,0.030977193266153336,1.059620976448059,5.0,5.0,0.35,352,5.86667,False
0.3590325117111206,0.009032517671585083,-0.004938602447509766,-0.014721382409334183,0.025696754455566406,-0.5720019936561584,-0.0017492026090621948,1.1213116645812988,0.12317197024822235,1.252148985862732,0.021663999184966087,2.224733352661133,5.0,5.0,0.35,353,5.88333,False
0.3578794002532959,0.007879406213760376,-0.0017697811126708984,-0.009760893881320953,0.030005693435668945,-0.602041482925415,-0.004298575222492218,1.138119101524353,0.15968085825443268,1.2975022792816162,0.0033898199908435345,2.6751749515533447,5.0,5.0,0.35,354,5.9,False
0.3572029769420624,0.0072029829025268555,-0.0019686222076416016,-0.009810849092900753,0.030362606048583984,-0.6581520438194275,0.01696479320526123,1.075607180595398,-0.1404963880777359,1.2755323648452759,0.09058905392885208,-2.5503032207489014,5.0,5.0,0.35,355,5.91667,False
0.357166051864624,0.007166057825088501,-0.003962039947509766,-0.012603470124304295,0.02851271629333496,-0.6812039017677307,0.04068569093942642,1.040534257888794,-0.10670550167560577,1.7402045726776123,0.2170620858669281,-2.266166925430298,5.0,5.0,0.35,356,5.93333,False
0.35749050974845886,0.00749051570892334,-0.00589299201965332,-0.015443574637174606,0.02669548988342285,-0.6719416379928589,0.041509345173835754,0.9955379962921143,0.01805468276143074,1.9407985210418701,0.05580303817987442,2.6869094371795654,5.0,5.0,0.35,357,5.95,False
0.3575248718261719,0.0075248777866363525,-0.0062334537506103516,-0.016129134222865105,0.026737689971923828,-0.6400661468505859,0.04912612587213516,0.9805312156677246,0.06676657497882843,1.5662221908569336,0.14268027245998383,1.6987018585205078,5.0,5.0,0.35,358,5.96667,False
0.357575923204422,0.007575929164886475,-0.007146120071411133,-0.017404094338417053,0.026101112365722656,-0.6440860629081726,0.039416395127773285,0.9856153726577759,0.3361099362373352,1.8164031505584717,0.13513636589050293,2.75875186920166,5.0,5.0,0.35,359,5.98333,False
0.3577583432197571,0.007758349180221558,-0.008460521697998047,-0.019094854593276978,0.024973392486572266,-0.6341278553009033,0.03411034494638443,0.9820511937141418,0.2060837596654892,1.3993303775787354,0.19085651636123657,2.455090284347534,5.0,5.0,0.35,360,6.0,False
0.3580373525619507,0.008037358522415161,-0.008483648300170898,-0.019040439277887344,0.025325536727905273,-0.6213518381118774,0.043731749057769775,0.9660606384277344,-0.18945859372615814,1.2199283838272095,0.188638836145401,1.5863676071166992,5.0,5.0,0.35,361,6.01667,False
0.3584904968738556,0.008490502834320068,-0.009084463119506836,-0.01971091330051422,0.02500605583190918,-0.6264972686767578,0.05410344898700714,0.9479732513427734,-0.138286754488945,1.7296488285064697,0.2624334692955017,-5.0,5.0,5.0,0.35,362,6.03333,False
0.3590353727340698,0.009035378694534302,-0.009006023406982422,-0.019486868754029274,0.0254824161529541,-0.6079556941986084,0.030628107488155365,0.9514142870903015,-0.2161131650209427,1.8122162818908691,0.012874334119260311,1.61586332321167,5.0,5.0,0.35,363,6.05,False
0.358833909034729,0.008833914995193481,-0.005951404571533203,-0.015335768461227417,0.029491901397705078,-0.5637567043304443,0.008963245898485184,1.0060001611709595,-0.07801505923271179,1.626662015914917,0.053501471877098083,2.582512378692627,5.0,5.0,0.35,364,6.06667,False
0.35739532113075256,0.007395327091217041,0.0004582405090332031,-0.006752790883183479,0.037491798400878906,-0.5407017469406128,-0.024949198588728905,1.0673513412475586,-0.0947813093662262,1.5384408235549927,0.008064085617661476,0.3294224739074707,5.0,5.0,0.35,365,6.08333,False
0.3554691970348358,0.005469202995300293,0.006242036819458008,0.0008901392575353384,0.04470348358154297,-0.5981974601745605,-0.030098356306552887,1.0586566925048828,-0.07895950973033905,1.5065761804580688,0.0012656848412007093,0.7154173851013184,5.0,5.0,0.35,366,6.1,False
0.35425207018852234,0.004252076148986816,0.0069217681884765625,0.0018304965924471617,0.04595136642456055,-0.6935937404632568,-0.020277487114071846,0.9817284345626831,-0.1761491447687149,1.4810552597045898,0.010097143240272999,0.07503557205200195,5.0,5.0,0.35,367,6.11667,False
0.3535071015357971,0.0035071074962615967,0.005789279937744141,0.0001903056399896741,0.045069217681884766,-0.6972129344940186,0.011928584426641464,0.9042709469795227,-0.1577882617712021,1.8804044723510742,0.1598169207572937,-5.0,5.0,5.0,0.35,368,6.13333,False
0.3528621196746826,0.0028621256351470947,0.005442380905151367,-0.0007108024437911808,0.0451047420501709,-0.6727156639099121,0.027306705713272095,0.8486106991767883,-0.013025689870119095,1.9482256174087524,0.025555910542607307,-1.772901177406311,5.0,5.0,0.35,369,6.15,False
0.35281476378440857,0.002814769744873047,0.0030813217163085938,-0.004109283909201622,0.042665719985961914,-0.7116474509239197,0.04109210520982742,0.8793798089027405,0.349928617477417,2.055917978286743,0.14333347976207733,5.0,5.0,5.0,0.35,370,6.16667,False
0.35334834456443787,0.0033483505249023438,-0.0013697147369384766,-0.00996928196400404,0.03770256042480469,-0.7125327587127686,0.04341147467494011,0.8910517692565918,0.6196469068527222,1.7974973917007446,0.13952915370464325,5.0,5.0,5.0,0.35,371,6.18333,False
0.35413143038749695,0.004131436347961426,-0.005171775817871094,-0.014963236637413502,0.033432722091674805,-0.6894862651824951,0.05197727680206299,0.8996283411979675,0.6127111911773682,1.084622859954834,0.5082381963729858,5.0,5.0,5.0,0.35,372,6.2,False
0.35511863231658936,0.005118638277053833,-0.008283853530883789,-0.018988022580742836,0.029947996139526367,-0.6724968552589417,0.051797427237033844,0.9206169247627258,0.709560215473175,0.7481911182403564,0.12256604433059692,5.0,5.0,5.0,0.35,373,6.21667,False
0.3560626208782196,0.006062626838684082,-0.012086153030395508,-0.02349730208516121,0.02560877799987793,-0.6476220488548279,0.049192801117897034,0.9335576295852661,0.6812196969985962,0.761483371257782,0.0009798689279705286,5.0,5.0,5.0,0.35,374,6.23333,False
0.35646429657936096,0.0064643025398254395,-0.0135955810546875,-0.025077667087316513,0.024015426635742188,-0.5952979326248169,0.059579998254776,0.96006178855896,0.4675905108451843,0.7523719668388367,0.04572044685482979,5.0,4.535373687744141,5.0,0.35,375,6.25,False
0.3568211793899536,0.006821185350418091,-0.014057636260986328,-0.02516895905137062,0.023710012435913086,-0.5778491497039795,0.03994128853082657,0.9552228450775146,0.10147978365421295,1.1601402759552002,0.3003120720386505,2.5356602668762207,5.0,5.0,0.35,376,6.26667,False
0.3571133613586426,0.007113367319107056,-0.01280832290649414,-0.023221759125590324,0.02544546127319336,-0.5571497678756714,0.03217800334095955,0.9832971096038818,-0.19679275155067444,1.5082552433013916,0.21015053987503052,-1.3844037055969238,5.0,5.0,0.35,377,6.28333,False
0.3571089506149292,0.007108956575393677,-0.008788108825683594,-0.018052101135253906,0.030519962310791016,-0.5232885479927063,0.007997791282832623,1.0315760374069214,-0.15845021605491638,1.7417891025543213,0.05600821226835251,5.0,5.0,5.0,0.35,378,6.3,False
0.356117844581604,0.0061178505420684814,-0.0008242130279541016,-0.008384259417653084,0.04021167755126953,-0.49685943126678467,-0.0020100059919059277,1.1026099920272827,0.02310221642255783,1.5934125185012817,0.054976895451545715,0.1147761344909668,5.0,5.0,0.35,379,6.31667,False
0.3542442321777344,0.0042442381381988525,0.007714509963989258,0.0018194683361798525,0.050521135330200195,-0.5380235910415649,-0.035440750420093536,1.1281605958938599,-0.09819723665714264,1.6264923810958862,0.01580783538520336,-1.1235684156417847,5.0,5.0,0.35,380,6.33333,False
0.3526118993759155,0.002611905336380005,0.010656595230102539,0.005494485609233379,0.05425715446472168,-0.6358165144920349,-0.03302743658423424,1.0917993783950806,-0.07535623013973236,1.4422729015350342,0.03445852920413017,-1.373500943183899,5.0,5.0,0.35,381,6.35,False
0.3515172004699707,0.0015172064304351807,0.009317636489868164,0.004074403550475836,0.05304121971130371,-0.6717313528060913,0.0034640878438949585,1.0133800506591797,-0.15005715191364288,1.5992560386657715,0.03022393397986889,-3.758934736251831,5.0,5.0,0.35,382,6.36667,False
0.3508341908454895,0.0008341968059539795,0.007574796676635742,0.0019283525180071592,0.05133771896362305,-0.6718456745147705,0.020753473043441772,0.9569081664085388,0.002567064017057419,1.9644660949707031,0.15667253732681274,-1.3403249979019165,5.0,5.0,0.35,383,6.38333,False
0.35060831904411316,0.0006083250045776367,0.005898475646972656,-0.00033579874434508383,0.04963374137878418,-0.6745657920837402,0.035502538084983826,0.9364524483680725,0.13474924862384796,1.9607051610946655,0.017486274242401123,0.6875782012939453,5.0,5.0,0.35,384,6.4,False
0.35101118683815,0.001011192798614502,0.0022988319396972656,-0.0047804187051951885,0.045542240142822266,-0.6918461918830872,0.037115905433893204,0.9674113988876343,0.3735424280166626,1.9786795377731323,0.05734526365995407,1.8738460540771484,5.0,5.0,0.35,385,6.41667,False
0.3517618477344513,0.0017618536949157715,-0.0021848678588867188,-0.010139167308807373,0.04037070274353027,-0.6860334277153015,0.030192319303750992,0.9786080121994019,0.5453088879585266,1.544036626815796,0.2184181809425354,5.0,5.0,5.0,0.35,386,6.43333,False
0.3526570796966553,0.002657085657119751,-0.0069103240966796875,-0.015613999217748642,0.03484845161437988,-0.6664145588874817,0.039480648934841156,0.9912933707237244,0.5930180549621582,0.9828768968582153,0.3171764016151428,5.0,5.0,5.0,0.35,387,6.45,False
0.35356399416923523,0.003564000129699707,-0.01061868667602539,-0.019836677238345146,0.030492305755615234,-0.6443344950675964,0.046241894364356995,1.0039337873458862,0.5357807278633118,0.8664737939834595,0.01682579517364502,4.037832260131836,5.0,5.0,0.35,388,6.46667,False
0.35454773902893066,0.004547744989395142,-0.01416921615600586,-0.023692499846220016,0.02628636360168457,-0.6222696900367737,0.05459291860461235,1.0230189561843872,0.5639662146568298,0.8711817264556885,0.0008165862527675927,5.0,5.0,5.0,0.35,389,6.48333,False
0.35538074374198914,0.005380749702453613,-0.016244888305664062,-0.025723595172166824,0.023885011672973633,-0.5955057740211487,0.039270929992198944,1.0435794591903687,0.20935390889644623,0.9717817902565002,0.13587024807929993,5.0,5.0,5.0,0.35,390,6.5,False
0.3562319576740265,0.006231963634490967,-0.01621389389038086,-0.025390682741999626,0.023952722549438477,-0.5646887421607971,0.029105529189109802,1.076931118965149,0.020857416093349457,1.301529884338379,0.14426472783088684,3.694606304168701,5.0,5.0,0.35,391,6.51667,False
0.35666921734809875,0.006669223308563232,-0.013502120971679688,-0.02202020026743412,0.027290821075439453,-0.5279924869537354,0.024177856743335724,1.124576210975647,-0.19441354274749756,1.341005563735962,0.047899920493364334,2.878176689147949,5.0,5.0,0.35,392,6.53333,False
0.3564192056655884,0.0064192116260528564,-0.00781559944152832,-0.015385044738650322,0.034143686294555664,-0.5017330646514893,0.001737625920213759,1.1805615425109863,0.03312426805496216,1.5964078903198242,0.11700379848480225,3.416027069091797,5.0,5.0,0.35,393,6.55,False
0.3554372191429138,0.005437225103378296,-0.0007185935974121094,-0.0072588068433105946,0.04263782501220703,-0.5096185207366943,-0.017386790364980698,1.2154896259307861,-0.07554815709590912,1.4659576416015625,0.028826963156461716,0.8778457641601562,5.0,5.0,0.35,394,6.56667,False
0.3541906476020813,0.004190653562545776,0.004423379898071289,-0.001380631234496832,0.04875683784484863,-0.5673075914382935,-0.03481138497591019,1.210302710533142,-0.1582489162683487,1.3449681997299194,0.02147786132991314,-0.34969615936279297,5.0,5.0,0.35,395,6.58333,False
0.3535449206829071,0.003544926643371582,0.00363922119140625,-0.0020293318666517735,0.047913551330566406,-0.6425022482872009,-0.012830333784222603,1.14535653591156,-0.17811276018619537,1.6812058687210083,0.11345034837722778,-5.0,5.0,5.0,0.35,396,6.6,False
0.3532363474369049,0.0032363533973693848,0.0016787052154541016,-0.004153387155383825,0.04571247100830078,-0.6355858445167542,0.016749603673815727,1.0753265619277954,-0.1822742223739624,1.8259090185165405,0.020956318825483322,-4.889730930328369,5.0,5.0,0.35,397,6.61667,False
0.3532891869544983,0.0032891929149627686,6.461143493652344e-05,-0.006065762601792812,0.04387187957763672,-0.64217209815979,0.021344155073165894,1.0486795902252197,-0.01368030533194542,1.984649419784546,0.053622424602508545,-2.4945943355560303,5.0,5.0,0.35,398,6.63333,False
0.3537762761116028,0.0037762820720672607,-0.0022001266479492188,-0.008792463690042496,0.04117178916931152,-0.6575942039489746,0.034522537142038345,1.063876748085022,0.1282258927822113,1.8751468658447266,0.03212817758321762,1.173119306564331,5.0,5.0,0.35,399,6.65,False
0.3546454608440399,0.0046454668045043945,-0.005165815353393555,-0.012307638302445412,0.03762698173522949,-0.661156952381134,0.037294428795576096,1.0787076950073242,0.13194753229618073,1.7770426273345947,0.009638291783630848,-4.393126964569092,5.0,5.0,0.35,400,6.66667,False
0.3556763231754303,0.005676329135894775,-0.008210420608520508,-0.01590091362595558,0.03391289710998535,-0.6551059484481812,0.034775055944919586,1.0857332944869995,0.3249530494213104,1.4263081550598145,0.16026580333709717,5.0,5.0,5.0,0.35,401,6.68333,False
0.3567326068878174,0.00673261284828186,-0.010770559310913086,-0.018936311826109886,0.03075242042541504,-0.6501592397689819,0.04094774276018143,1.0936020612716675,0.34357479214668274,1.2764548063278198,0.022802794352173805,5.0,5.0,5.0,0.35,402,6.7,False
0.3577684164047241,0.007768422365188599,-0.012799501419067383,-0.021349122747778893,0.028205394744873047,-0.644585371017456,0.041094228625297546,1.1161565780639648,0.3011920154094696,1.1654995679855347,0.014107364229857922,5.0,5.0,5.0,0.35,403,6.71667,False
0.35885733366012573,0.00885733962059021,-0.016089200973510742,-0.02490701526403427,0.02411794662475586,-0.6304448246955872,0.036398500204086304,1.1319836378097534,0.5143547058105469,1.2677741050720215,0.05589841306209564,1.3991384506225586,5.0,5.0,0.35,404,6.73333,False
0.3593135178089142,0.009313523769378662,-0.016330480575561523,-0.025004273280501366,0.023675203323364258,-0.5688210725784302,0.04301102086901665,1.1644251346588135,0.15300530195236206,0.8298920392990112,0.3223140835762024,-1.2214980125427246,5.0,5.0,0.35,405,6.75,False
0.3597815930843353,0.009781599044799805,-0.0168149471282959,-0.02517450600862503,0.022959232330322266,-0.5933241844177246,0.0435737781226635,1.150598168373108,0.1666799932718277,1.4184192419052124,0.3465512692928314,1.2197394371032715,5.0,5.0,0.35,406,6.76667,False
0.3599400520324707,0.00994005799293518,-0.01506805419921875,-0.02291884273290634,0.024840116500854492,-0.5466684103012085,0.030413607135415077,1.1960445642471313,-0.20604251325130463,1.4634020328521729,0.14094552397727966,3.5205278396606445,5.0,5.0,0.35,407,6.78333,False
0.35942935943603516,0.009429365396499634,-0.01073765754699707,-0.017731357365846634,0.02991771697998047,-0.5151627659797668,0.011769779026508331,1.238846778869629,-0.05512825772166252,1.6243990659713745,0.0486951544880867,2.283252716064453,5.0,5.0,0.35,408,6.8,False
0.35805633664131165,0.008056342601776123,-0.0034017562866210938,-0.009276492521166801,0.038454294204711914,-0.49840718507766724,-0.015945373103022575,1.280413269996643,0.1062411516904831,1.4294465780258179,0.06404656171798706,-0.5203583240509033,5.0,5.0,0.35,409,6.81667,False
0.3563293516635895,0.006329357624053955,0.002871274948120117,-0.002065748907625675,0.04570651054382324,-0.554545521736145,-0.023882297798991203,1.2846840620040894,-0.15879550576210022,1.6371333599090576,0.11337822675704956,-0.5271439552307129,5.0,5.0,0.35,410,6.83333,False
0.3551174998283386,0.005117505788803101,0.0035715103149414062,-0.0010591995669528842,0.04636645317077637,-0.6154161095619202,-0.028376832604408264,1.25325345993042,-0.027966070920228958,1.3522107601165771,0.09829722344875336,-2.039302349090576,5.0,5.0,0.35,411,6.85,False
0.35427621006965637,0.00427621603012085,0.0029168128967285156,-0.0017192200757563114,0.04547762870788574,-0.6203657984733582,0.012601479887962341,1.1674021482467651,-0.24479825794696808,1.6321598291397095,0.12538768351078033,-5.0,5.0,5.0,0.35,412,6.86667,False
0.3538336157798767,0.0038336217403411865,0.002997875213623047,-0.001732338685542345,0.04544377326965332,-0.6210089325904846,0.031015902757644653,1.1109367609024048,-0.14045922458171844,1.8763197660446167,0.07050070911645889,-3.2050442695617676,4.466403961181641,4.466403961181641,0.35,413,6.88333,False
0.3540668785572052,0.004066884517669678,0.0013425350189208984,-0.0037716166116297245,0.04328179359436035,-0.6588674783706665,0.03728050738573074,1.1189168691635132,0.058266837149858475,2.0327417850494385,0.06395989656448364,-2.421339750289917,5.0,5.0,0.35,414,6.9,False
0.3549037575721741,0.00490376353263855,-0.0016529560089111328,-0.007431803271174431,0.03946042060852051,-0.6699975728988647,0.03631896898150444,1.1311275959014893,0.18811850249767303,1.9114676713943481,0.03156886622309685,2.989928960800171,5.0,5.0,0.35,415,6.91667,False
0.3557518422603607,0.005751848220825195,-0.004981279373168945,-0.01146549079567194,0.035188913345336914,-0.6573028564453125,0.03533710539340973,1.1559979915618896,0.5026564598083496,1.4845439195632935,0.28119802474975586,5.0,5.0,5.0,0.35,416,6.93333,False
0.35662978887557983,0.0066297948360443115,-0.009118080139160156,-0.01628039963543415,0.02996969223022461,-0.6505339741706848,0.039346762001514435,1.1647772789001465,0.5812492370605469,1.136805534362793,0.12709881365299225,5.0,5.0,5.0,0.35,417,6.95,False
0.3575654625892639,0.0075654685497283936,-0.012110233306884766,-0.0197485089302063,0.026007652282714844,-0.6311205625534058,0.04767895117402077,1.181994915008545,0.5372688174247742,1.124956727027893,0.0020746716763824224,5.0,5.0,5.0,0.35,418,6.96667,False
0.35851627588272095,0.008516281843185425,-0.012904167175292969,-0.020739851519465446,0.0246274471282959,-0.6167834997177124,0.0512060821056366,1.2058664560317993,0.030532531440258026,0.9266597032546997,0.2961033880710602,2.610536575317383,5.0,5.0,0.35,419,6.98333,False
0.35926637053489685,0.009266376495361328,-0.012434720993041992,-0.020209694281220436,0.02481245994567871,-0.5952088236808777,0.0378386452794075,1.2417336702346802,0.02210932970046997,1.1000611782073975,0.030139021575450897,4.063553333282471,5.0,5.0,0.35,420,7.0,False
0.35935747623443604,0.009357482194900513,-0.009921073913574219,-0.017165936529636383,0.027377843856811523,-0.5454525351524353,0.015543356537818909,1.2991214990615845,0.3978525996208191,1.3442010879516602,0.20078730583190918,3.6036415100097656,5.0,5.0,0.35,421,7.01667,False
0.3581496477127075,0.008149653673171997,-0.004134416580200195,-0.01008752454072237,0.03382992744445801,-0.5082365870475769,-0.01139870472252369,1.357838749885559,0.401447594165802,0.8248849511146545,0.2697021961212158,-5.0,5.0,5.0,0.35,422,7.03333,False
0.3563153147697449,0.006315320730209351,0.0009119510650634766,-0.003852720372378826,0.03934001922607422,-0.5524420142173767,-0.018418554216623306,1.351938247680664,0.1876489818096161,0.6302292943000793,0.08360067009925842,2.059901714324951,5.0,5.0,0.35,423,7.05,False
0.35520708560943604,0.005207091569900513,0.0004699230194091797,-0.004274887498468161,0.03836941719055176,-0.6273952722549438,-0.0004512518644332886,1.266581654548645,-0.011172521859407425,1.1527889966964722,0.3125986158847809,-0.6218494176864624,5.0,5.0,0.35,424,7.06667,False
0.3547387719154358,0.0047387778759002686,-0.0013899803161621094,-0.006614550948143005,0.03580737113952637,-0.6341748237609863,0.014889728277921677,1.188399076461792,-0.20790456235408783,1.5923205614089966,0.23189149796962738,-4.326602935791016,5.0,5.0,0.35,425,7.08333,False
0.3547603189945221,0.004760324954986572,-0.0027763843536376953,-0.008573861792683601,0.033762454986572266,-0.6342496871948242,0.030304158106446266,1.1461561918258667,0.06304368376731873,1.778098225593567,0.10792628675699234,-0.36606526374816895,5.0,5.0,0.35,426,7.1,False
0.3549433648586273,0.004943370819091797,-0.004835367202758789,-0.011262751184403896,0.030893325805664062,-0.6263788938522339,0.002738744020462036,1.1560863256454468,0.39206403493881226,1.7269953489303589,0.11086589097976685,5.0,5.0,5.0,0.35,427,7.11667,False
0.3550279140472412,0.0050279200077056885,-0.006329059600830078,-0.01318915281444788,0.02863764762878418,-0.6039730906486511,0.010241508483886719,1.1793888807296753,0.31047526001930237,1.4857021570205688,0.06487913429737091,5.0,5.0,5.0,0.35,428,7.13333,False
0.35531699657440186,0.005317002534866333,-0.007108449935913086,-0.014323228038847446,0.027227401733398438,-0.6083141565322876,0.0204152911901474,1.1699705123901367,0.012440696358680725,1.1967846155166626,0.17229793965816498,0.5130517482757568,5.0,5.0,0.35,429,7.15,False
0.3561660051345825,0.006166011095046997,-0.008100748062133789,-0.015825355425477028,0.025514602661132812,-0.6159874200820923,0.02504531294107437,1.139243721961975,-0.1491868644952774,1.3260420560836792,0.042830951511859894,-0.29444217681884766,5.0,5.0,0.35,430,7.16667,False
0.3573276996612549,0.00732770562171936,-0.008706331253051758,-0.016806362196803093,0.024253129959106445,-0.6199039220809937,0.03854001313447952,1.1001218557357788,-0.21276922523975372,1.581998586654663,0.06955645978450775,-0.2648739814758301,5.0,5.0,0.35,431,7.18333,False
0.3581765592098236,0.008176565170288086,-0.008079051971435547,-0.01615235209465027,0.024446964263916016,-0.5898006558418274,0.01722010225057602,1.1154433488845825,-0.08493116497993469,1.6090407371520996,0.017073847353458405,1.9650521278381348,5.0,5.0,0.35,432,7.2,False
0.3580111265182495,0.00801113247871399,-0.005674123764038086,-0.01290819887071848,0.02675151824951172,-0.5534237027168274,-0.003939539194107056,1.149335503578186,0.02332688868045807,1.5149298906326294,0.020576657727360725,2.0613932609558105,5.0,5.0,0.35,433,7.21667,False
0.35711920261383057,0.007119208574295044,-0.002365589141845703,-0.008442191407084465,0.030148029327392578,-0.5646406412124634,-0.017756089568138123,1.1663793325424194,-0.06882736086845398,1.4051971435546875,0.02053368091583252,1.1700830459594727,5.0,5.0,0.35,434,7.23333,False
0.35650601983070374,0.006506025791168213,-0.0012519359588623047,-0.007135456427931786,0.030947208404541016,-0.6231054067611694,-0.011949829757213593,1.1213680505752563,-0.09551036357879639,1.513365387916565,0.012412352487444878,-0.8258819580078125,5.0,5.0,0.35,435,7.25,False
0.35632872581481934,0.0063287317752838135,-0.0014946460723876953,-0.007843726314604282,0.030169248580932617,-0.6408065557479858,0.015228867530822754,1.0485483407974243,-0.1821344792842865,1.6537408828735352,0.02720901556313038,-0.9140982627868652,5.0,5.0,0.35,436,7.26667,False
0.35636574029922485,0.006365746259689331,-0.0017430782318115234,-0.008628197014331818,0.02940821647644043,-0.649296224117279,0.042354896664619446,0.9949009418487549,-0.19984783232212067,1.9316089153289795,0.07752440869808197,-4.100490570068359,5.0,5.0,0.35,437,7.28333,False
0.35685282945632935,0.006852835416793823,-0.0032432079315185547,-0.011186260730028152,0.02714085578918457,-0.668465256690979,0.03282259404659271,0.9887343645095825,0.010882828384637833,1.9334437847137451,0.04441077634692192,5.0,5.0,5.0,0.35,438,7.3,False
0.357494980096817,0.007494986057281494,-0.00565028190612793,-0.014989200979471207,0.02375173568725586,-0.6662257313728333,0.033982425928115845,0.9871430397033691,0.3191390335559845,1.8551779985427856,0.10114742070436478,5.0,5.0,5.0,0.35,439,7.31667,False
0.35808613896369934,0.008086144924163818,-0.008053064346313477,-0.018711525946855545,0.02034306526184082,-0.6470698118209839,0.03275617957115173,0.9939828515052795,0.4556373953819275,1.435542106628418,0.19472607970237732,5.0,5.0,5.0,0.35,440,7.33333,False
0.3584146797657013,0.008414685726165771,-0.009493827819824219,-0.02087187021970749,0.018091201782226562,-0.6173605918884277,0.030435480177402496,1.0014008283615112,0.2147352695465088,1.0140372514724731,0.23570017516613007,5.0,5.0,5.0,0.35,441,7.35,False
0.3588382601737976,0.008838266134262085,-0.010470151901245117,-0.0223030187189579,0.016346454620361328,-0.6142728328704834,0.04351123422384262,1.0005484819412231,0.12555447220802307,1.3420765399932861,0.11556298285722733,5.0,5.0,5.0,0.35,442,7.36667,False
0.3593309223651886,0.009330928325653076,-0.011211156845092773,-0.023214461281895638,0.014892339706420898,-0.5940837264060974,0.03878870606422424,1.011644721031189,-0.038751114159822464,1.4164170026779175,0.03252282738685608,5.0,5.0,5.0,0.35,443,7.38333,False
0.3596140742301941,0.00961408019065857,-0.010227203369140625,-0.02129318006336689,0.015476226806640625,-0.55663001537323,0.025331124663352966,1.0545986890792847,-0.189983531832695,1.4664726257324219,0.025376809760928154,4.6796064376831055,5.0,5.0,0.35,444,7.4,False
0.3589555621147156,0.008955568075180054,-0.006015300750732422,-0.014090629294514656,0.01987290382385254,-0.5066453814506531,0.008825838565826416,1.1284672021865845,-0.15370498597621918,1.4999138116836548,0.0024344457779079676,2.2499899864196777,5.0,5.0,0.35,445,7.41667,False
0.3572791814804077,0.007279187440872192,-0.00023889541625976562,-0.004236320033669472,0.026076793670654297,-0.5209915637969971,-0.03670157492160797,1.1645978689193726,-0.056160446256399155,1.5624388456344604,0.013424316421151161,0.09606611728668213,5.0,5.0,0.35,446,7.43333,False
0.3552411198616028,0.005241125822067261,0.0036551952362060547,0.002273239428177476,0.03001880645751953,-0.591399073600769,-0.03431692719459534,1.1582764387130737,-0.003994602710008621,1.301686406135559,0.070713110268116,1.0460578203201294,5.0,5.0,0.35,447,7.45,False
0.35375291109085083,0.0037529170513153076,0.003487825393676758,0.001553884707391262,0.02926778793334961,-0.655457615852356,-0.0114460289478302,1.0750198364257812,-0.03304249420762062,1.4504586458206177,0.022976959124207497,-1.2693264484405518,2.9381141662597656,2.9381141662597656,0.35,448,7.46667,False
0.35271403193473816,0.0027140378952026367,0.0029833316802978516,0.00017117848619818687,0.02814793586730957,-0.6467100381851196,0.03264737129211426,0.99558424949646,-0.06560015678405762,1.705688714981079,0.06620238721370697,-1.8135740756988525,0.6952457427978516,1.8135740756988525,0.35,449,7.48333,False
0.35217583179473877,0.002175837755203247,0.002193927764892578,-0.0017218291759490967,0.02669358253479004,-0.6678652167320251,0.04297363758087158,0.965774416923523,0.08689923584461212,2.123216390609741,0.19758541882038116,2.284848213195801,1.101205825805664,2.284848213195801,0.35,450,7.5,False
0.3524841070175171,0.0024841129779815674,-7.987022399902344e-05,-0.00629244651645422,0.02342534065246582,-0.6824676990509033,0.029984697699546814,0.9711607694625854,0.48099666833877563,1.8781042098999023,0.21539276838302612,5.0,5.0,5.0,0.35,451,7.51667,False
0.35314100980758667,0.0031410157680511475,-0.0023174285888671875,-0.010895943269133568,0.02013993263244629,-0.6750797033309937,0.04381456971168518,0.985127866268158,0.6800001859664917,1.454018235206604,0.21945130825042725,3.575868606567383,5.0,5.0,0.35,452,7.53333,False
0.35399356484413147,0.003993570804595947,-0.004850864410400391,-0.01613888517022133,0.01648855209350586,-0.6635580658912659,0.024225175380706787,0.993160605430603,0.997494637966156,0.7930359840393066,0.5377002954483032,5.0,5.0,5.0,0.35,453,7.55,False
0.35491159558296204,0.004911601543426514,-0.0077359676361083984,-0.021666087210178375,0.01234579086303711,-0.6386545896530151,0.03708447515964508,1.0115188360214233,0.9695891737937927,0.29423707723617554,0.2495790719985962,-5.0,-0.46666431427001953,5.0,0.35,454,7.56667,False
0.3554043769836426,0.005404382944107056,-0.010570049285888672,-0.027107588946819305,0.008257627487182617,-0.5912333726882935,0.061792388558387756,1.0133572816848755,0.6258227825164795,0.05972662568092346,0.17317049205303192,5.0,3.6292333602905273,5.0,0.35,455,7.58333,False
0.3554622530937195,0.00546225905418396,-0.011526823043823242,-0.02840731106698513,0.006427288055419922,-0.5203146934509277,0.0517648309469223,1.0120909214019775,0.15876047313213348,0.5011380910873413,0.4129912853240967,2.12009596824646,4.24038028717041,4.24038028717041,0.35,456,7.6,False
0.3554627299308777,0.005462735891342163,-0.01124119758605957,-0.0266485083848238,0.006102561950683594,-0.49536222219467163,0.03158314526081085,1.0047322511672974,0.01640818640589714,1.4006695747375488,0.8294210433959961,-5.0,5.0,5.0,0.35,457,7.61667,False
0.3556918799877167,0.005691885948181152,-0.010052919387817383,-0.022797340527176857,0.00684809684753418,-0.48533737659454346,0.03639492392539978,1.0174201726913452,-0.2116900533437729,1.6303495168685913,0.10478168725967407,2.8155484199523926,5.0,5.0,0.35,458,7.63333,False
0.35589665174484253,0.005896657705307007,-0.008093595504760742,-0.01732218638062477,0.008492469787597656,-0.47770023345947266,0.026498615741729736,1.0503767728805542,-0.38175684213638306,1.762311577796936,0.04633669555187225,-0.8230266571044922,5.0,5.0,0.35,459,7.65,False
0.3552215099334717,0.005221515893936157,-0.005102634429931641,-0.009337285533547401,0.011343717575073242,-0.46932128071784973,-0.015283286571502686,1.095749855041504,-0.31561848521232605,1.8821558952331543,0.01873694360256195,0.8135995864868164,5.0,5.0,0.35,460,7.66667,False
0.3533526360988617,0.003352642059326172,-0.0012805461883544922,0.0006398763507604599,0.015115737915039062,-0.4784150719642639,-0.04521435499191284,1.1363369226455688,-0.2775891423225403,1.8851696252822876,0.0014553135260939598,-0.05802631378173828,5.0,5.0,0.35,461,7.68333,False
0.35016947984695435,0.00016948580741882324,0.0025153160095214844,0.010596126317977905,0.01887965202331543,-0.511603832244873,-0.0737791359424591,1.0935618877410889,-0.2761075496673584,1.4972572326660156,0.15047821402549744,-0.09439945220947266,5.0,5.0,0.35,462,7.7,False
0.34757861495018005,-0.0024213790893554688,0.0035152435302734375,0.012485004961490631,0.019430160522460938,-0.6243783831596375,-0.030874311923980713,1.0008313655853271,-0.18708591163158417,1.8785245418548584,0.15328961610794067,-1.6421639919281006,5.0,5.0,0.35,463,7.71667,False
0.34613823890686035,-0.003861755132675171,0.0034630298614501953,0.011040055193006992,0.018807411193847656,-0.6388180255889893,0.014531731605529785,0.8939647078514099,-0.11189581453800201,2.2749156951904297,0.16277949512004852,0.18529748916625977,5.0,5.0,0.35,464,7.73333,False
0.3451736867427826,-0.00482630729675293,0.004130125045776367,0.012193597853183746,0.01907205581665039,-0.6335204243659973,0.035865455865859985,0.801966667175293,-0.15744441747665405,2.257115364074707,0.0023915269412100315,-5.0,5.0,5.0,0.35,465,7.75,False
0.34531986713409424,-0.004680126905441284,0.0035202503204345703,0.009860333055257797,0.017818927764892578,-0.7042105197906494,0.05207479000091553,0.8088557124137878,0.1794992983341217,2.323268175125122,0.11790726333856583,5.0,5.0,5.0,0.35,466,7.76667,False
0.3464230000972748,-0.003576993942260742,0.0014429092407226562,0.0027250824496150017,0.014818191528320312,-0.715362012386322,0.03384953737258911,0.810122013092041,0.6300215721130371,2.023867607116699,0.2926110327243805,5.0,5.0,5.0,0.35,467,7.78333,False
0.347885400056839,-0.002114593982696533,-0.0007164478302001953,-0.004580450709909201,0.011684656143188477,-0.6944698691368103,0.02391570806503296,0.8122196197509766,1.1013867855072021,1.0283528566360474,1.213234782218933,5.0,5.0,5.0,0.35,468,7.8,False
0.34926071763038635,-0.0007392764091491699,-0.002657175064086914,-0.011157581582665443,0.00876164436340332,-0.6730163097381592,0.07461586594581604,0.8233407735824585,1.5709487199783325,0.24392834305763245,0.8358103036880493,5.0,-5.0,5.0,0.35,469,7.81667,False
0.35017675161361694,0.0001767575740814209,-0.004538774490356445,-0.017805764451622963,0.005894660949707031,-0.6362996101379395,0.07310894131660461,0.8126503229141235,1.2444255352020264,0.07070894539356232,0.136622354388237,-5.0,-0.9192657470703125,5.0,0.35,470,7.83333,False
0.35078126192092896,0.0007812678813934326,-0.006314992904663086,-0.024233324453234673,0.0031890869140625,-0.5986725091934204,0.07494327425956726,0.7933918833732605,0.7772337198257446,0.45458143949508667,0.3656262755393982,5.0,5.0,5.0,0.35,471,7.85,False
0.35125741362571716,0.0012574195861816406,-0.007287263870239258,-0.027180006727576256,0.0014297962188720703,-0.5375947952270508,0.05722513794898987,0.7990898489952087,0.2593686878681183,0.6862141489982605,0.3218379318714142,5.0,3.3104076385498047,5.0,0.35,472,7.86667,False
0.3520761728286743,0.002076178789138794,-0.0078277587890625,-0.028486231341958046,0.0002071857452392578,-0.5298608541488647,0.051884979009628296,0.7745583057403564,0.4010196328163147,1.3872824907302856,0.5115618109703064,3.3847742080688477,5.0,5.0,0.35,473,7.88333,False
0.3530502915382385,0.003050297498703003,-0.00785970687866211,-0.027338845655322075,-0.0004200935363769531,-0.4975365996360779,0.040621936321258545,0.7932146787643433,-0.011442873626947403,1.4864870309829712,0.17996686697006226,3.3288657665252686,5.0,5.0,0.35,474,7.9,False
0.3538993299007416,0.0038993358612060547,-0.007243633270263672,-0.023501655086874962,-0.00027370452880859375,-0.4755215346813202,0.01712295413017273,0.8178887963294983,-0.24855388700962067,1.7355988025665283,0.11827830970287323,1.636479377746582,5.0,5.0,0.35,475,7.91667,False
0.35367199778556824,0.003672003746032715,-0.0056688785552978516,-0.01521324086934328,0.0009951591491699219,-0.4278852045536041,-0.008692324161529541,0.8891331553459167,-0.304641991853714,1.6309479475021362,0.014097676612436771,2.0620880126953125,5.0,5.0,0.35,476,7.93333,False
0.3519999086856842,0.0019999146461486816,-0.0031981468200683594,-0.0026580882258713245,0.0032842159271240234,-0.4378098249435425,-0.037553369998931885,0.9439425468444824,-0.2696811556816101,1.8567849397659302,0.05222460627555847,-0.00615692138671875,5.0,5.0,0.35,477,7.95,False
0.3494229018688202,-0.000577092170715332,-0.001027822494506836,0.007949599996209145,0.005197048187255859,-0.5156092047691345,-0.08493867516517639,0.9404294490814209,-0.22265668213367462,1.5517797470092773,0.09523946791887283,-0.11861896514892578,5.0,5.0,0.35,478,7.96667,False
0.34737348556518555,-0.0026265084743499756,-0.00020742416381835938,0.009534342214465141,0.0055463314056396484,-0.6319135427474976,-0.0599437952041626,0.8612146377563477,-0.12880055606365204,1.799017310142517,0.0699353814125061,5.0,5.0,5.0,0.35,479,7.98333,False
0.345939040184021,-0.004060953855514526,1.9788742065429688e-05,0.007815265096724033,0.00529026985168457,-0.6245349049568176,-0.025031328201293945,0.7400839924812317,-0.09470833837985992,2.0313501358032227,0.05514082312583923,-1.7034006118774414,5.0,5.0,0.35,480,8.0,False
0.34466928243637085,-0.005330711603164673,0.000499725341796875,0.01011996902525425,0.005392313003540039,-0.6088355779647827,0.009009063243865967,0.644544780254364,-0.13190536201000214,2.3094332218170166,0.07871381938457489,2.860363006591797,5.0,5.0,0.35,481,8.01667,False
0.34459859132766724,-0.005401402711868286,0.00034928321838378906,0.00798422284424305,0.004751920700073242,-0.689380407333374,0.033908724784851074,0.6633263230323792,0.1918276697397232,2.5127522945404053,0.14614172279834747,1.8040542602539062,5.0,5.0,0.35,482,8.03333,False
0.34557706117630005,-0.004422932863235474,-0.0003077983856201172,0.0006513863336294889,0.0034906864166259766,-0.6965457201004028,0.03709965944290161,0.6699093580245972,0.5770443677902222,2.1356284618377686,0.2906143069267273,5.0,5.0,5.0,0.35,483,8.05,False
0.34678688645362854,-0.0032131075859069824,-0.001138925552368164,-0.0066110435873270035,0.0020036697387695312,-0.6674404144287109,0.030421435832977295,0.6932079792022705,1.0125402212142944,1.2327983379364014,1.0047588348388672,5.0,5.0,5.0,0.35,484,8.06667,False
0.3477151691913605,-0.002284824848175049,-0.00173187255859375,-0.012760299257934093,0.0007815361022949219,-0.6513848900794983,0.034925758838653564,0.6918269395828247,1.6350466012954712,0.32698094844818115,1.2080193758010864,5.0,-0.12256526947021484,5.0,0.35,485,8.08333,False
0.34857961535453796,-0.0014203786849975586,-0.0023980140686035156,-0.01848553866147995,-0.0005338191986083984,-0.6265473365783691,0.029542267322540283,0.6953785419464111,1.312984585762024,0.576296329498291,0.16588211059570312,5.0,5.0,5.0,0.35,486,8.1,False
0.34933266043663025,-0.0006673336029052734,-0.0028963088989257812,-0.022190041840076447,-0.0016717910766601562,-0.5837903022766113,0.04128032922744751,0.7269148826599121,0.4760042726993561,0.5601606965065002,0.7007964253425598,5.0,5.0,5.0,0.35,487,8.11667,False
0.3500843048095703,8.431077003479004e-05,-0.003244161605834961,-0.02501828968524933,-0.0026285648345947266,-0.5617409944534302,0.029433608055114746,0.7289251685142517,0.47254595160484314,0.9134105443954468,0.12479741126298904,5.0,5.0,5.0,0.35,488,8.13333,False
0.35082152485847473,0.000821530818939209,-0.0034685134887695312,-0.02600191906094551,-0.0034513473510742188,-0.5304774641990662,0.016028016805648804,0.764819324016571,0.6910583972930908,1.1929951906204224,0.1259152591228485,-5.0,5.0,5.0,0.35,489,8.15,False
0.3517269492149353,0.0017269551753997803,-0.0035827159881591797,-0.02576129510998726,-0.0041637420654296875,-0.5235769152641296,0.012699007987976074,0.7852377891540527,0.6680729389190674,1.3927305936813354,0.04042256250977516,5.0,5.0,5.0,0.35,490,8.16667,False
0.3523924648761749,0.0023924708366394043,-0.003535747528076172,-0.024529390037059784,-0.004702329635620117,-0.4969271123409271,0.0046319663524627686,0.8271257877349854,0.24581238627433777,0.9967408776283264,0.3351118266582489,1.761706829071045,5.0,5.0,0.35,491,8.18333,False
0.3530358076095581,0.003035813570022583,-0.003401041030883789,-0.022559620440006256,-0.00514984130859375,-0.5105400681495667,0.007834434509277344,0.8416199684143066,-0.1629960536956787,1.4688923358917236,0.39005136489868164,-0.863802433013916,5.0,5.0,0.35,492,8.2,False
0.3537050187587738,0.0037050247192382812,-0.003257274627685547,-0.020327582955360413,-0.005600929260253906,-0.5070452690124512,0.0073288679122924805,0.872249186038971,-0.007234103977680206,1.5887000560760498,0.03861567750573158,1.1817547082901,5.0,5.0,0.35,493,8.21667,False
0.353927880525589,0.003927886486053467,-0.0030710697174072266,-0.01645887829363346,-0.0060269832611083984,-0.4808107316493988,-0.017226040363311768,0.9242136478424072,0.07005435973405838,1.6200019121170044,0.006953313015401363,2.5687901973724365,5.0,5.0,0.35,494,8.23333,False
0.3532591164112091,0.003259122371673584,-0.002909421920776367,-0.010004958137869835,-0.006507158279418945,-0.4712170362472534,-0.03368094563484192,0.9771689176559448,0.14392732083797455,1.4198319911956787,0.045525211840867996,1.6231114864349365,5.0,5.0,0.35,495,8.25,False
0.35234278440475464,0.002342790365219116,-0.002584218978881836,-0.006155055947601795,-0.006811857223510742,-0.5243929624557495,-0.036898791790008545,0.9724031686782837,-0.02426200732588768,1.3961634635925293,0.02884785085916519,0.1483939290046692,5.0,5.0,0.35,496,8.26667,False
0.3521025478839874,0.0021025538444519043,-0.0019304752349853516,-0.007747527211904526,-0.006723165512084961,-0.5813820362091064,-0.01694124937057495,0.933772623538971,-0.1414421647787094,1.5374656915664673,0.03369750827550888,-3.3667802810668945,5.0,5.0,0.35,497,8.28333,False
0.3524436354637146,0.002443641424179077,-0.0012679100036621094,-0.010837899520993233,-0.006597757339477539,-0.5891994833946228,-0.00533980131149292,0.8996309638023376,-0.12945948541164398,1.8580451011657715,0.10291474312543869,-2.809293746948242,5.0,5.0,0.35,498,8.3,False
0.3530326783657074,0.003032684326171875,-0.0008275508880615234,-0.012687603943049908,-0.006705760955810547,-0.5723313093185425,-0.0017077922821044922,0.8520917892456055,-0.022018801420927048,1.8544790744781494,0.011556216515600681,-2.494206666946411,5.0,5.0,0.35,499,8.31667,False
0.3538200259208679,0.0038200318813323975,-0.0006039142608642578,-0.013779822736978531,-0.007055044174194336,-0.5853372812271118,0.0001976490020751953,0.8565629124641418,-0.001409374177455902,1.731696367263794,0.015500341542065144,1.133313536643982,5.0,5.0,0.35,500,8.33333,False
0.3549848198890686,0.004984825849533081,-0.00014352798461914062,-0.016735779121518135,-0.007126569747924805,-0.5953027009963989,0.0008680820465087891,0.8682218790054321,0.26455268263816833,1.850152850151062,0.08476775884628296,3.361621856689453,5.0,5.0,0.35,501,8.35,False
0.3558069169521332,0.005806922912597656,0.00021719932556152344,-0.018089938908815384,-0.007332563400268555,-0.5594176054000854,-0.004057884216308594,0.90532386302948,0.1315132975578308,1.257784128189087,0.36860018968582153,5.0,5.0,5.0,0.35,502,8.36667,False
0.3563863933086395,0.006386399269104004,0.00036406517028808594,-0.018035298213362694,-0.007809638977050781,-0.554155707359314,-0.004998981952667236,0.9290555119514465,0.17227378487586975,1.231360912322998,0.0023596035316586494,2.4157040119171143,5.0,5.0,0.35,503,8.38333,False
0.357048898935318,0.007048904895782471,0.0005168914794921875,-0.01817120611667633,-0.008285760879516602,-0.570786714553833,-0.00023043155670166016,0.9399034976959229,0.05672800913453102,1.4578055143356323,0.0646279826760292,2.758866786956787,5.0,5.0,0.35,504,8.4,False
0.35794395208358765,0.007943958044052124,0.0008552074432373047,-0.019547466188669205,-0.008547306060791016,-0.5896924138069153,0.009639918804168701,0.9400033354759216,0.03348430246114731,1.4922784566879272,0.0017286536749452353,0.9969624876976013,5.0,5.0,0.35,505,8.41667,False
0.3587440848350525,0.008744090795516968,0.001046895980834961,-0.02004205994307995,-0.008986473083496094,-0.5745015144348145,0.00979006290435791,0.9623696804046631,0.06681881844997406,1.3796533346176147,0.013795607723295689,1.8819732666015625,5.0,5.0,0.35,506,8.43333,False
0.3591023087501526,0.009102314710617065,0.0010509490966796875,-0.019248902797698975,-0.00966334342956543,-0.5640560388565063,0.012044906616210938,0.9917810559272766,0.04413997381925583,1.5068963766098022,0.016705121845006943,2.8119699954986572,5.0,5.0,0.35,507,8.45,False
0.3590449094772339,0.009044915437698364,0.0010864734649658203,-0.018458690494298935,-0.01032567024230957,-0.5541673898696899,-0.006704866886138916,1.0151805877685547,0.4338775873184204,1.4658962488174438,0.15357641875743866,3.0058774948120117,5.0,5.0,0.35,508,8.46667,False
0.3588368594646454,0.008836865425109863,0.0011544227600097656,-0.017824728041887283,-0.010954141616821289,-0.5627126097679138,-0.0019325613975524902,1.025229811668396,0.17634564638137817,1.205587387084961,0.13408340513706207,1.1240878105163574,5.0,5.0,0.35,509,8.48333,False
0.35898086428642273,0.008980870246887207,0.001653909683227539,-0.018957844004034996,-0.011067628860473633,-0.5908466577529907,0.010682404041290283,1.0222691297531128,0.06199023872613907,1.2601791620254517,0.016057420521974564,5.0,5.0,5.0,0.35,510,8.5,False
0.35948002338409424,0.009480029344558716,0.0022170543670654297,-0.0205704253166914,-0.011106729507446289,-0.5997208952903748,0.0012871623039245605,1.0205274820327759,-0.05903082713484764,1.6314703226089478,0.15250322222709656,-0.8795583844184875,5.0,5.0,0.35,511,8.51667,False
0.36003977060317993,0.01003977656364441,0.002518177032470703,-0.021350573748350143,-0.011445760726928711,-0.5889618396759033,0.0018322467803955078,1.043542742729187,0.059204116463661194,1.5838781595230103,0.016244517639279366,1.054038166999817,5.0,5.0,0.35,512,8.53333,False
0.3600422441959381,0.010042250156402588,0.002017974853515625,-0.01936446502804756,-0.012756824493408203,-0.5638315677642822,-0.004247009754180908,1.0873503684997559,0.3437882363796234,1.4854888916015625,0.09066855907440186,1.7289009094238281,5.0,5.0,0.35,513,8.55,False
0.35972246527671814,0.009722471237182617,0.0018947124481201172,-0.01829409971833229,-0.01366734504699707,-0.579538106918335,-0.011967062950134277,1.1134883165359497,0.5167180895805359,1.3731424808502197,0.042526450008153915,5.0,5.0,5.0,0.35,514,8.56667,False
0.35942935943603516,0.009429365396499634,0.0022575855255126953,-0.018703002482652664,-0.01398468017578125,-0.5922493934631348,0.005533695220947266,1.123855710029602,0.3788204491138458,0.8196843266487122,0.3253316879272461,5.0,5.0,5.0,0.35,515,8.58333,False
0.3594471216201782,0.0094471275806427,0.003498077392578125,-0.02146170288324356,-0.013257980346679688,-0.6084998846054077,0.014795362949371338,1.103718876838684,0.19157667458057404,0.9165658950805664,0.04444626718759537,3.7191734313964844,4.608037948608398,4.608037948608398,0.35,516,8.6,False
0.35971054434776306,0.009710550308227539,0.004586696624755859,-0.02388722077012062,-0.012665510177612305,-0.598736047744751,0.019588470458984375,1.078738808631897,0.05891026556491852,1.240007758140564,0.12221501767635345,5.0,5.0,5.0,0.35,517,8.61667,False
0.3599236011505127,0.009923607110977173,0.00502467155456543,-0.02463388815522194,-0.012836694717407227,-0.5877056121826172,0.018319427967071533,1.072996973991394,0.03575491905212402,1.4346905946731567,0.03843757510185242,5.0,4.823558807373047,5.0,0.35,518,8.63333,False
0.35990527272224426,0.00990527868270874,0.004888772964477539,-0.023698678240180016,-0.013703584671020508,-0.5691394805908203,0.005087673664093018,1.1002120971679688,0.24688783288002014,1.4505517482757568,0.04482868313789368,5.0,5.0,5.0,0.35,519,8.65,False
0.35939228534698486,0.00939229130744934,0.0038564205169677734,-0.020305916666984558,-0.015664339065551758,-0.5385329127311707,-0.010382413864135742,1.1494672298431396,0.1842547506093979,1.2791205644607544,0.03331155329942703,4.780647277832031,5.0,5.0,0.35,520,8.66667,False
0.35844123363494873,0.008441239595413208,0.0021855831146240234,-0.015431125648319721,-0.01839447021484375,-0.5419116616249084,-0.018383383750915527,1.1809406280517578,0.1121264100074768,1.0808568000793457,0.04451102018356323,4.601260662078857,5.0,5.0,0.35,521,8.68333,False
0.35758984088897705,0.007589846849441528,0.0016214847564697266,-0.013143355958163738,-0.0198366641998291,-0.587431788444519,-0.01141357421875,1.176229476928711,-0.07755415141582489,1.1070482730865479,0.03666470944881439,1.9938132762908936,5.0,5.0,0.35,522,8.7,False
0.3575001358985901,0.007500141859054565,0.0026848316192626953,-0.014650072902441025,-0.01932501792907715,-0.6237350106239319,0.003779888153076172,1.1543970108032227,-0.05548400059342384,1.461872935295105,0.12638762593269348,-2.1696341037750244,5.0,5.0,0.35,523,8.71667,False
0.3578784167766571,0.007878422737121582,0.0038869380950927734,-0.016708077862858772,-0.01860213279724121,-0.6194016337394714,0.011250913143157959,1.128202199935913,-0.021457146853208542,1.597438931465149,0.019535966217517853,2.54691219329834,5.0,5.0,0.35,524,8.73333,False
0.3581638038158417,0.008163809776306152,0.0040476322174072266,-0.01675901748239994,-0.019109487533569336,-0.5995616912841797,0.0163724422454834,1.1335475444793701,-0.014857631176710129,1.5886552333831787,0.00012070695811416954,0.3157845437526703,5.0,5.0,0.35,525,8.75,False
0.35840529203414917,0.008405297994613647,0.0035943984985351562,-0.01562116015702486,-0.020331382751464844,-0.598304808139801,0.007662355899810791,1.164250373840332,0.12605471909046173,1.6217269897460938,0.020950032398104668,2.141458511352539,5.0,5.0,0.35,526,8.76667,False
0.3584210276603699,0.00842103362083435,0.0029489994049072266,-0.014114940539002419,-0.021799802780151367,-0.5938307046890259,0.007020711898803711,1.2026984691619873,0.11858925223350525,1.3570501804351807,0.0701095461845398,2.0875930786132812,5.0,5.0,0.35,527,8.78333,False
0.3581792414188385,0.008179247379302979,0.002373933792114258,-0.012724936939775944,-0.02318882942199707,-0.5950585603713989,0.005145251750946045,1.230867624282837,0.20167773962020874,1.1500457525253296,0.04975453019142151,2.1227164268493652,5.0,5.0,0.35,528,8.8,False
0.3579271137714386,0.007927119731903076,0.0025467872619628906,-0.012744068168103695,-0.023697376251220703,-0.6136748194694519,-0.0007348060607910156,1.232925534248352,0.1447165310382843,1.0124348402023315,0.02218134142458439,5.0,5.0,5.0,0.35,529,8.81667,False
0.35798341035842896,0.007983416318893433,0.004054546356201172,-0.015160668641328812,-0.022598743438720703,-0.6346578598022461,0.009583711624145508,1.2224667072296143,0.10716277360916138,1.2310885190963745,0.04921971261501312,0.03552865982055664,5.0,5.0,0.35,530,8.83333,False
0.3582732379436493,0.00827324390411377,0.005661487579345703,-0.017764005810022354,-0.021373510360717773,-0.6354091763496399,0.034330010414123535,1.2227004766464233,0.07116952538490295,1.4109597206115723,0.03364916518330574,4.075325965881348,5.0,5.0,0.35,531,8.85,False
0.3587353825569153,0.00873538851737976,0.007250070571899414,-0.02021881192922592,-0.020139217376708984,-0.621425449848175,0.021367132663726807,1.2467091083526611,0.14755737781524658,1.3868616819381714,0.0064158192835748196,2.7805800437927246,5.0,5.0,0.35,532,8.86667,False
0.3588762879371643,0.008876293897628784,0.007586240768432617,-0.02050062082707882,-0.0204160213470459,-0.5942253470420837,0.006513357162475586,1.2672688961029053,0.15214793384075165,1.2724803686141968,0.013104157522320747,3.660031795501709,5.0,5.0,0.35,533,8.88333,False
0.3589048683643341,0.008904874324798584,0.006672382354736328,-0.018810797482728958,-0.02216792106628418,-0.5819746255874634,0.009441375732421875,1.296629548072815,0.13890023529529572,1.3004146814346313,0.0009558273595757782,3.1390438079833984,5.0,5.0,0.35,534,8.9,False
0.35872891545295715,0.00872892141342163,0.00543665885925293,-0.01657361350953579,-0.02431321144104004,-0.5811926126480103,-0.004587769508361816,1.3164277076721191,0.1455385833978653,1.1212592124938965,0.03214074671268463,4.109841346740723,5.0,5.0,0.35,535,8.91667,False
0.3584691286087036,0.00846913456916809,0.004861593246459961,-0.01532678958028555,-0.02567768096923828,-0.5928671956062317,-0.0060395002365112305,1.3228727579116821,0.11797413229942322,1.122271180152893,0.0007608230807818472,2.5310728549957275,5.0,5.0,0.35,536,8.93333,False
0.3583310842514038,0.008331090211868286,0.005210399627685547,-0.015501483343541622,-0.025929689407348633,-0.6049777269363403,0.00880289077758789,1.3111262321472168,0.011417251080274582,1.234758734703064,0.02400781773030758,1.928237795829773,5.0,5.0,0.35,537,8.95,False
0.35862284898757935,0.008622854948043823,0.006212949752807617,-0.016718879342079163,-0.025385379791259766,-0.6266890168190002,0.013614058494567871,1.2972750663757324,-0.060010556131601334,1.5253856182098389,0.08956591784954071,-2.5626258850097656,5.0,5.0,0.35,538,8.96667,False
0.35912618041038513,0.00912618637084961,0.007113933563232422,-0.017843086272478104,-0.024903059005737305,-0.6142109632492065,0.023543953895568848,1.3089125156402588,0.02150925248861313,1.5382788181304932,0.006811714265495539,1.0155048370361328,5.0,5.0,0.35,539,8.98333,False
0.3592459559440613,0.009245961904525757,0.0068395137786865234,-0.01727166213095188,-0.025835752487182617,-0.5917928218841553,0.01294010877609253,1.3391748666763306,0.20724602043628693,1.4292773008346558,0.04637948423624039,0.6156306266784668,5.0,5.0,0.35,540,9.0,False
0.35885629057884216,0.00885629653930664,0.005518913269042969,-0.015138003043830395,-0.028003931045532227,-0.5759619474411011,0.0030676722526550293,1.368467092514038,0.21946260333061218,1.1501129865646362,0.07808195799589157,4.746980667114258,5.0,5.0,0.35,541,9.01667,False
0.3581075966358185,0.008107602596282959,0.00417637825012207,-0.012943916022777557,-0.030188322067260742,-0.581218957901001,0.0006374716758728027,1.3801262378692627,0.06612341105937958,0.969740629196167,0.056047093123197556,0.5972374677658081,5.0,5.0,0.35,542,9.03333,False
0.3575393557548523,0.0075393617153167725,0.004380226135253906,-0.012784418649971485,-0.03055429458618164,-0.5996332168579102,0.009211838245391846,1.3643789291381836,-0.027538832277059555,0.9859091639518738,0.009034037590026855,-1.0756006240844727,5.0,5.0,0.35,543,9.05,False
0.35748133063316345,0.00748133659362793,0.005747318267822266,-0.01423376053571701,-0.02950572967529297,-0.6195815801620483,0.020874440670013428,1.3385059833526611,-0.1037863940000534,1.3151012659072876,0.11418113112449646,-2.7778422832489014,5.0,5.0,0.35,544,9.06667,False
0.3576316833496094,0.0076316893100738525,0.006418704986572266,-0.01490703970193863,-0.029224395751953125,-0.6009231805801392,0.019486427307128906,1.3188247680664062,-0.052904944866895676,1.4812984466552734,0.030210424214601517,1.2646383047103882,5.0,5.0,0.35,545,9.08333,False
0.35767945647239685,0.007679462432861328,0.005628347396850586,-0.01380873005837202,-0.03067755699157715,-0.5943630337715149,0.022672712802886963,1.3387784957885742,0.043099649250507355,1.592716932296753,0.021630961447954178,2.8013858795166016,5.0,5.0,0.35,546,9.1,False
0.35765373706817627,0.007653743028640747,0.0047643184661865234,-0.0125556830316782,-0.03218841552734375,-0.5905340909957886,0.012034356594085693,1.3624863624572754,0.003951743245124817,1.4665642976760864,0.01744704507291317,1.937293529510498,5.0,5.0,0.35,547,9.11667,False
0.3574897050857544,0.007489711046218872,0.003775358200073242,-0.011187482625246048,-0.03383326530456543,-0.5985384583473206,0.014834821224212646,1.3702422380447388,-0.0703381597995758,1.4310288429260254,0.006781758274883032,5.0,5.0,5.0,0.35,548,9.13333,False
0.3573804497718811,0.007380455732345581,0.0037763118743896484,-0.010984700173139572,-0.03428363800048828,-0.6122477650642395,0.02467060089111328,1.3639535903930664,0.01611071079969406,1.3952662944793701,0.008752367459237576,0.9555949568748474,5.0,5.0,0.35,549,9.15,False
0.3572104275226593,0.007210433483123779,0.004887104034423828,-0.0120402742177248,-0.03341555595397949,-0.611627459526062,0.020172834396362305,1.3474067449569702,0.0785641223192215,1.3078917264938354,0.011534743942320347,-0.67901611328125,5.0,5.0,0.35,550,9.16667,False
0.3571224808692932,0.00712248682975769,0.005644321441650391,-0.012634692713618279,-0.03293728828430176,-0.5983402132987976,0.03792494535446167,1.2963076829910278,-0.0579482726752758,1.3406282663345337,0.019707314670085907,-0.6765264272689819,5.0,5.0,0.35,551,9.18333,False
0.35742419958114624,0.007424205541610718,0.0064737796783447266,-0.013403959572315216,-0.03230094909667969,-0.6191952228546143,0.03410744667053223,1.2674261331558228,-0.12556055188179016,1.5921825170516968,0.06785096228122711,0.36053991317749023,5.0,5.0,0.35,552,9.2,False
0.35816890001296997,0.008168905973434448,0.0076406002044677734,-0.014719005674123764,-0.031223535537719727,-0.6322556138038635,0.033963024616241455,1.232342004776001,-0.14651553332805634,1.6795508861541748,0.008072343654930592,1.6878204345703125,5.0,5.0,0.35,553,9.21667,False
0.3587636351585388,0.008763641119003296,0.008038997650146484,-0.015152567997574806,-0.03106689453125,-0.6080453395843506,0.031427979469299316,1.232533574104309,-0.18585987389087677,1.5541638135910034,0.01726989448070526,-1.3474702835083008,5.0,5.0,0.35,554,9.23333,False
0.3587970435619354,0.008797049522399902,0.0064945220947265625,-0.013307547196745872,-0.03316140174865723,-0.5794883370399475,0.011345922946929932,1.2485065460205078,0.09105311334133148,1.6039570569992065,0.0791601687669754,2.344097375869751,5.0,5.0,0.35,555,9.25,False
0.35805028676986694,0.008050292730331421,0.0036170482635498047,-0.009891749359667301,-0.036899566650390625,-0.5727849006652832,0.00893983244895935,1.248299241065979,-0.07344959676265717,1.4050629138946533,0.06662002205848694,2.0277066230773926,5.0,5.0,0.35,556,9.26667,False
0.3575189709663391,0.007518976926803589,0.002777099609375,-0.008840413764119148,-0.03821849822998047,-0.6151923537254333,0.008347928524017334,1.228614330291748,-0.025590386241674423,1.6086387634277344,0.0437336340546608,0.11670655012130737,5.0,5.0,0.35,557,9.28333,False
0.3575173616409302,0.007517367601394653,0.0034248828887939453,-0.009616740979254246,-0.037732839584350586,-0.6377118229866028,0.03184601664543152,1.172806739807129,-0.12456519901752472,1.6369816064834595,0.010599330067634583,-0.7707228660583496,5.0,5.0,0.35,558,9.3,False
0.35779768228530884,0.007797688245773315,0.003607034683227539,-0.010065286420285702,-0.0377650260925293,-0.6452346444129944,0.04228454828262329,1.1193652153015137,-0.19153662025928497,1.7688369750976562,0.021871009841561317,-0.10492515563964844,5.0,5.0,0.35,559,9.31667,False
0.358368843793869,0.008368849754333496,0.004940986633300781,-0.01179785281419754,-0.03639864921569824,-0.6496648192405701,0.047335803508758545,1.116929054260254,0.07159049808979034,1.8884150981903076,0.08353481441736221,-5.0,5.0,5.0,0.35,560,9.33333,False
0.3586746156215668,0.00867462158203125,0.006102800369262695,-0.013205084949731827,-0.03519701957702637,-0.6290519833564758,0.02648329734802246,1.1353157758712769,0.304917573928833,1.694204330444336,0.09215934574604034,5.0,4.102361679077148,5.0,0.35,561,9.35,False
0.3585725724697113,0.008572578430175781,0.006155729293823242,-0.013248084113001823,-0.035298824310302734,-0.6062538027763367,0.016572624444961548,1.159645915031433,0.2617220878601074,1.2892876863479614,0.1658233404159546,5.0,5.0,5.0,0.35,562,9.36667,False
0.3582063615322113,0.008206367492675781,0.00572514533996582,-0.012619406916201115,-0.03597116470336914,-0.595270037651062,0.007736265659332275,1.180777668952942,0.03926502913236618,1.058098554611206,0.1029355525970459,-0.5831791162490845,5.0,5.0,0.35,563,9.38333,False
0.3580934703350067,0.008093476295471191,0.005842924118041992,-0.012583820149302483,-0.03599882125854492,-0.6139395833015442,0.013241395354270935,1.1670522689819336,-0.12141779065132141,1.3151582479476929,0.09189864993095398,-1.263899564743042,5.0,5.0,0.35,564,9.4,False
0.3583947718143463,0.008394777774810791,0.0065233707427978516,-0.013220436871051788,-0.03528475761413574,-0.6157258152961731,0.012634947896003723,1.1514984369277954,-0.12059731781482697,1.5243593454360962,0.04376577213406563,-0.4213857650756836,5.0,5.0,0.35,565,9.41667,False
0.35850390791893005,0.008503913879394531,0.005497455596923828,-0.012094791978597641,-0.03660249710083008,-0.6072092056274414,0.014077231287956238,1.1396043300628662,-0.22097338736057281,1.6051501035690308,0.016602501273155212,1.0820527076721191,5.0,5.0,0.35,566,9.43333,False
0.35835859179496765,0.008358597755432129,0.0041656494140625,-0.010621601715683937,-0.03826594352722168,-0.6028188467025757,-0.0060361772775650024,1.1486753225326538,-0.08248943090438843,1.7067898511886597,0.029508443549275398,-3.6751999855041504,5.0,5.0,0.35,567,9.45,False
0.3579193353652954,0.007919341325759888,0.002977609634399414,-0.009277005679905415,-0.039751291275024414,-0.6024672985076904,-0.0056357234716415405,1.1519283056259155,-0.006365615874528885,1.6555474996566772,0.008420614525675774,-0.1801442801952362,5.0,5.0,0.35,568,9.46667,False
0.3576514422893524,0.0076514482498168945,0.00304412841796875,-0.009302858263254166,-0.03979206085205078,-0.6240388751029968,0.011216908693313599,1.1138627529144287,-0.16768987476825714,1.5476329326629639,0.03767107054591179,-1.9774057865142822,5.0,5.0,0.35,569,9.48333,False
0.3579985797405243,0.00799858570098877,0.004792690277099609,-0.011263368651270866,-0.03777337074279785,-0.6494964957237244,0.019586704671382904,1.0809814929962158,-0.09892015159130096,1.8338013887405396,0.08662165701389313,-1.0786113739013672,5.0,5.0,0.35,570,9.5,False
0.35841941833496094,0.008419424295425415,0.0043942928314208984,-0.011093617416918278,-0.03829169273376465,-0.6235748529434204,0.028069093823432922,1.0030186176300049,-0.2649262845516205,1.8049207925796509,0.02839212492108345,-1.7841811180114746,5.0,5.0,0.35,571,9.51667,False
0.3588818311691284,0.008881837129592896,0.004050731658935547,-0.011074654757976532,-0.038717031478881836,-0.6500664353370667,0.04035468399524689,1.0035215616226196,-0.10121464729309082,1.8731999397277832,0.031463541090488434,-5.0,5.0,5.0,0.35,572,9.53333,False
0.3594171106815338,0.009417116641998291,0.005622386932373047,-0.013036247342824936,-0.03686189651489258,-0.6508444547653198,0.03455345705151558,0.9971866011619568,0.31976044178009033,1.9088115692138672,0.17848822474479675,2.6198015213012695,5.0,5.0,0.35,573,9.55,False
0.35958796739578247,0.009587973356246948,0.007151365280151367,-0.014817317016422749,-0.03502035140991211,-0.6289944052696228,0.029559843242168427,1.0041470527648926,0.28749826550483704,1.4441362619400024,0.216963991522789,2.8464231491088867,5.0,5.0,0.35,574,9.56667,False
0.35959088802337646,0.009590893983840942,0.008620023727416992,-0.016387570649385452,-0.03326749801635742,-0.6208139061927795,0.02574775367975235,0.9915302395820618,0.25807732343673706,1.2107058763504028,0.055355340242385864,2.7780747413635254,5.0,5.0,0.35,575,9.58333,False
0.35990577936172485,0.009905785322189331,0.009863615036010742,-0.017743069678544998,-0.03173422813415527,-0.6300258040428162,0.03945491090416908,0.9573872685432434,-0.12537534534931183,1.3493536710739136,0.16625915467739105,-0.6426351070404053,5.0,5.0,0.35,576,9.6,False
0.36058536171913147,0.010585367679595947,0.010896444320678711,-0.018916092813014984,-0.03042149543762207,-0.627998411655426,0.04224026948213577,0.9365067481994629,-0.1730390340089798,1.6074628829956055,0.06889219582080841,0.4756650924682617,4.7725067138671875,4.7725067138671875,0.35,577,9.61667,False
0.3609468936920166,0.010946899652481079,0.010216236114501953,-0.01818784698843956,-0.031142234802246094,-0.5922569632530212,0.022335074841976166,0.9525335431098938,-0.019311215728521347,1.6735436916351318,0.027998914942145348,2.4643092155456543,5.0,5.0,0.35,578,9.63333,False
0.3600718080997467,0.010071814060211182,0.005761384963989258,-0.013255547732114792,-0.03634238243103027,-0.5369217395782471,-0.017292864620685577,1.0050652027130127,-0.057122331112623215,1.5032161474227905,0.030441153794527054,-0.7624677419662476,5.0,5.0,0.35,579,9.65,False
0.35811591148376465,0.008115917444229126,-0.0012347698211669922,-0.005583497229963541,-0.04455876350402832,-0.546203076839447,-0.029111027717590332,1.0433158874511719,-0.00882238894701004,1.5392487049102783,0.0036312295123934746,0.996150016784668,5.0,5.0,0.35,580,9.66667,False
0.35644787549972534,0.006447881460189819,-0.004013538360595703,-0.0025297733955085278,-0.047795772552490234,-0.6165069937705994,-0.019042328000068665,1.006553292274475,-0.10459873080253601,1.5293927192687988,0.009270248003304005,-1.7734498977661133,5.0,5.0,0.35,581,9.68333,False
0.355394184589386,0.005394190549850464,-0.003656625747680664,-0.0030246260575950146,-0.04741191864013672,-0.6463680267333984,0.003884226083755493,0.9178441166877747,-0.2210453599691391,1.685288906097412,0.037863437086343765,-2.6267995834350586,5.0,5.0,0.35,582,9.7,False
0.354800820350647,0.00480082631111145,-0.004549264907836914,-0.0024501769803464413,-0.04847407341003418,-0.6421947479248047,0.027102693915367126,0.8299113512039185,-0.297408789396286,2.0322883129119873,0.12623995542526245,-1.7084550857543945,3.9559249877929688,3.9559249877929688,0.35,583,9.71667,False
0.3548666536808014,0.004866659641265869,-0.003495931625366211,-0.004142126999795437,-0.04718732833862305,-0.6891525387763977,0.04607248306274414,0.8222063183784485,0.01630944386124611,2.212109327316284,0.1307547241449356,-4.347170829772949,5.0,5.0,0.35,584,9.73333,False
0.35550618171691895,0.005506187677383423,0.0007777214050292969,-0.00929281860589981,-0.04205060005187988,-0.6949467062950134,0.033073440194129944,0.818290114402771,0.3858588635921478,1.9720908403396606,0.19417564570903778,5.0,5.0,5.0,0.35,585,9.75,False
0.3562435507774353,0.00624355673789978,0.005272388458251953,-0.014589918777346611,-0.03659415245056152,-0.6802029013633728,0.03406606614589691,0.8135268092155457,0.3918532133102417,1.5414581298828125,0.18548046052455902,5.0,5.0,5.0,0.35,586,9.76667,False
0.35707637667655945,0.007076382637023926,0.009755373001098633,-0.019727934151887894,-0.031089067459106445,-0.6607028841972351,0.046948403120040894,0.8176089525222778,0.48541608452796936,1.2227144241333008,0.1103515625,5.0,5.0,5.0,0.35,587,9.78333,False
0.35778215527534485,0.007782161235809326,0.012355566024780273,-0.02271503210067749,-0.02778315544128418,-0.6331942081451416,0.053805217146873474,0.8191477060317993,0.1828354150056839,1.1960455179214478,0.09226628392934799,5.0,5.0,5.0,0.35,588,9.8,False
0.35864385962486267,0.008643865585327148,0.013809919357299805,-0.024411149322986603,-0.025872230529785156,-0.6276728510856628,0.040023669600486755,0.8282617330551147,-0.038199085742235184,1.3189928531646729,0.06397229433059692,-2.681696891784668,5.0,5.0,0.35,589,9.81667,False
0.3593657314777374,0.009365737438201904,0.013936996459960938,-0.024558158591389656,-0.025513648986816406,-0.5957778692245483,0.03423964977264404,0.8605446219444275,0.21897479891777039,1.552531361579895,0.12067864835262299,4.948466777801514,5.0,5.0,0.35,590,9.83333,False
0.3594469130039215,0.009446918964385986,0.011657953262329102,-0.021925432607531548,-0.028073549270629883,-0.5532504320144653,0.014426112174987793,0.9212654232978821,0.2013709992170334,1.4675930738449097,0.007524406537413597,5.0,5.0,5.0,0.35,591,9.85,False
0.35880428552627563,0.008804291486740112,0.006769418716430664,-0.016311559826135635,-0.03372454643249512,-0.5273545980453491,0.0008070766925811768,0.9709988236427307,0.20790137350559235,1.2506517171859741,0.04710619896650314,4.391363143920898,5.0,5.0,0.35,592,9.86667,False
0.3584502339363098,0.008450239896774292,0.004189252853393555,-0.013335458002984524,-0.03662109375,-0.6047602891921997,0.013056397438049316,0.9512356519699097,0.08628913760185242,1.635817527770996,0.16314223408699036,4.345426082611084,5.0,5.0,0.35,593,9.88333,False
0.35878220200538635,0.00878220796585083,0.005607128143310547,-0.014896029606461525,-0.0347437858581543,-0.6381781101226807,0.02886831760406494,0.9403557777404785,-0.23381604254245758,1.5082625150680542,0.1187376156449318,-5.0,5.0,5.0,0.35,594,9.9,False
0.35938745737075806,0.009387463331222534,0.0073430538177490234,-0.016900774091482162,-0.03246164321899414,-0.629065990447998,0.021946042776107788,0.9247985482215881,-0.04483557119965553,1.8471561670303345,0.15056252479553223,-2.5114574432373047,5.0,5.0,0.35,595,9.91667,False
0.35928890109062195,0.009288907051086426,0.005775928497314453,-0.015214999206364155,-0.034058570861816406,-0.5896832942962646,0.005840718746185303,0.9725053310394287,0.3467148542404175,1.6666512489318848,0.18589375913143158,3.1254262924194336,5.0,5.0,0.35,596,9.93333,False
0.35844624042510986,0.00844624638557434,0.003416776657104492,-0.012570567429065704,-0.036632537841796875,-0.5946158766746521,-0.0008617639541625977,1.0074495077133179,0.5493676662445068,1.562424659729004,0.05193134397268295,-5.0,5.0,5.0,0.35,597,9.95,False
0.35750308632850647,0.007503092288970947,0.0029883384704589844,-0.012060273438692093,-0.03686332702636719,-0.6011107563972473,-0.007548868656158447,1.0131181478500366,0.40609732270240784,0.88117516040802,0.48462724685668945,-5.0,5.0,5.0,0.35,598,9.96667,False
0.35679948329925537,0.006799489259719849,0.0037641525268554688,-0.012903643772006035,-0.03571581840515137,-0.6211093664169312,0.0194815993309021,0.9571675658226013,-0.12421166896820068,0.7925758957862854,0.28907743096351624,0.5511448383331299,5.0,5.0,0.35,599,9.98333,False
0.3932969272136688,-0.006703078746795654,0.01068258285522461,-0.023853737860918045,-0.01050877571105957,-0.5661853551864624,0.05219614505767822,1.3132874965667725,0.1456826627254486,2.4087204933166504,0.020288020372390747,-1.488875389099121,5.0,5.0,0.4,120,2.0,False
0.3931502401828766,-0.006849765777587891,0.010969161987304688,-0.024049965664744377,-0.010930299758911133,-0.5528687834739685,0.041428983211517334,1.3120626211166382,-0.03708484396338463,2.3376224040985107,0.03845890238881111,-3.1983256340026855,5.0,5.0,0.4,121,2.01667,False
0.3932499289512634,-0.00675007700920105,0.010964155197143555,-0.023805269971489906,-0.011689901351928711,-0.5607015490531921,0.0463983416557312,1.31004798412323,-0.09136764705181122,2.5359365940093994,0.042275141924619675,-0.7361047267913818,5.0,5.0,0.4,122,2.03333,False
0.3935876488685608,-0.0064123570919036865,0.01110076904296875,-0.023821547627449036,-0.012261390686035156,-0.5601422786712646,0.04139518737792969,1.296258807182312,0.03785131126642227,2.432016372680664,0.027496952563524246,1.3522353172302246,5.0,5.0,0.4,123,2.05,False
0.39380598068237305,-0.006194025278091431,0.011070966720581055,-0.023617230355739594,-0.013023138046264648,-0.5548988580703735,0.04856300354003906,1.277409553527832,0.015229348093271255,2.473006248474121,0.0021919230930507183,1.1106698513031006,5.0,5.0,0.4,124,2.06667,False
0.39413318037986755,-0.005866825580596924,0.010782241821289062,-0.022906949743628502,-0.01404428482055664,-0.556820273399353,0.05391591787338257,1.2798091173171997,0.10357141494750977,2.538987636566162,0.0121578648686409,2.7086644172668457,5.0,5.0,0.4,125,2.08333,False
0.3943944573402405,-0.005605548620223999,0.010440587997436523,-0.022208333015441895,-0.015127182006835938,-0.563995361328125,0.049018025398254395,1.2889900207519531,0.03206763043999672,2.493795156478882,0.007155152037739754,3.2710728645324707,5.0,5.0,0.4,126,2.1,False
0.3945373296737671,-0.005462676286697388,0.009894609451293945,-0.02121242880821228,-0.01645207405090332,-0.5652989149093628,0.04478389024734497,1.2789438962936401,-0.11921316385269165,2.531034469604492,0.024272644892334938,2.38547945022583,5.0,5.0,0.4,127,2.11667,False
0.3945525884628296,-0.005447417497634888,0.009474039077758789,-0.020470893010497093,-0.01761341094970703,-0.5741504430770874,0.04633677005767822,1.2806462049484253,0.045248065143823624,2.5535640716552734,0.027555078268051147,-2.9029531478881836,5.0,5.0,0.4,128,2.13333,False
0.3946208357810974,-0.005379170179367065,0.009253740310668945,-0.020024001598358154,-0.018532514572143555,-0.5806530714035034,0.050188660621643066,1.2963275909423828,0.047384630888700485,2.5436906814575195,0.00010204874706687406,-0.9371529817581177,5.0,5.0,0.4,129,2.15,False
0.3946951627731323,-0.005304843187332153,0.009524345397949219,-0.020300250500440598,-0.018819093704223633,-0.584915280342102,0.05150938034057617,1.3241701126098633,0.17601962387561798,2.4762775897979736,0.021091485396027565,0.5981235504150391,5.0,5.0,0.4,130,2.16667,False
0.39461749792099,-0.005382508039474487,0.009656667709350586,-0.0203777514398098,-0.01930689811706543,-0.5776363015174866,0.04645305871963501,1.3356101512908936,-0.04893244430422783,2.4279797077178955,0.0529361218214035,-0.785737156867981,5.0,5.0,0.4,131,2.18333,False
0.3946469724178314,-0.005353033542633057,0.009807586669921875,-0.020508110523223877,-0.019759654998779297,-0.584190845489502,0.05419743061065674,1.3545732498168945,0.14447832107543945,2.517857551574707,0.04548575356602669,2.066263437271118,5.0,5.0,0.4,132,2.2,False
0.3947047293186188,-0.005295276641845703,0.010510444641113281,-0.021310405805706978,-0.019510984420776367,-0.5744112730026245,0.05266571044921875,1.3700644969940186,0.20485596358776093,2.461670160293579,0.006802482530474663,2.0529303550720215,5.0,5.0,0.4,133,2.21667,False
0.3946231007575989,-0.005376905202865601,0.011126518249511719,-0.021910320967435837,-0.019374608993530273,-0.5651038289070129,0.05167311429977417,1.3798985481262207,0.06373683363199234,2.4716546535491943,0.02001429721713066,0.672214150428772,5.0,5.0,0.4,134,2.23333,False
0.3946482837200165,-0.005351722240447998,0.011083841323852539,-0.021610021591186523,-0.02003192901611328,-0.5624035000801086,0.0572473406791687,1.3831673860549927,0.009414777159690857,2.4600813388824463,0.00308482744731009,0.5971373319625854,5.0,5.0,0.4,135,2.25,False
0.3948877453804016,-0.005112260580062866,0.011289834976196289,-0.0216005127876997,-0.020349502563476562,-0.5609431266784668,0.05824685096740723,1.381943702697754,0.06219597905874252,2.513906955718994,0.0056830523535609245,0.863461971282959,5.0,5.0,0.4,136,2.26667,False
0.39517709612846375,-0.004822909832000732,0.011281251907348633,-0.02132701873779297,-0.020906448364257812,-0.5581221580505371,0.05418229103088379,1.378113865852356,0.0913831889629364,2.4535720348358154,0.004492195788770914,1.51834237575531,5.0,5.0,0.4,137,2.28333,False
0.3954649865627289,-0.004535019397735596,0.010979413986206055,-0.020735105499625206,-0.02180194854736328,-0.5597668886184692,0.05151855945587158,1.3753118515014648,-0.009413033723831177,2.4272360801696777,0.010853460989892483,1.1204583644866943,5.0,5.0,0.4,138,2.3,False
0.39575761556625366,-0.004242390394210815,0.010582447052001953,-0.020066605880856514,-0.022785186767578125,-0.568598747253418,0.06415170431137085,1.3824745416641235,0.026030367240309715,2.493520498275757,0.005649859085679054,2.175597667694092,5.0,5.0,0.4,139,2.31667,False
0.39602187275886536,-0.003978133201599121,0.010959148406982422,-0.020318355411291122,-0.022834300994873047,-0.5721340179443359,0.06242018938064575,1.384719729423523,0.10968449711799622,2.4689438343048096,0.007602025754749775,4.01474666595459,5.0,5.0,0.4,140,2.33333,False
0.39617711305618286,-0.003822892904281616,0.011464834213256836,-0.020710332319140434,-0.022686243057250977,-0.5672497749328613,0.05852872133255005,1.3865277767181396,0.09101559221744537,2.454436779022217,0.000558982661459595,2.7031288146972656,5.0,5.0,0.4,141,2.35,False
0.3962849974632263,-0.003715008497238159,0.011250972747802734,-0.020218398422002792,-0.0234377384185791,-0.5645551085472107,0.05547177791595459,1.381804347038269,-0.0896042138338089,2.4460203647613525,0.03269435092806816,1.3739330768585205,5.0,5.0,0.4,142,2.36667,False
0.39652132987976074,-0.0034786760807037354,0.01045536994934082,-0.01911778748035431,-0.024822473526000977,-0.573538064956665,0.04240524768829346,1.369897484779358,-0.04562215879559517,2.520037889480591,0.0074130152352154255,2.584232807159424,5.0,5.0,0.4,143,2.38333,False
0.3968338370323181,-0.0031661689281463623,0.010541677474975586,-0.01910368911921978,-0.025140762329101562,-0.5790627002716064,0.05031323432922363,1.3727965354919434,-0.0026981495320796967,2.536390781402588,0.0021098877768963575,-0.721793532371521,5.0,5.0,0.4,144,2.4,False
0.397104412317276,-0.0028955936431884766,0.010325908660888672,-0.018761295825242996,-0.0258028507232666,-0.5774970054626465,0.041206151247024536,1.3665112257003784,-0.06283693015575409,2.4623665809631348,0.009096255525946617,-0.24797594547271729,5.0,5.0,0.4,145,2.41667,False
0.39733371138572693,-0.002666294574737549,0.010287761688232422,-0.018603984266519547,-0.026237010955810547,-0.5827301740646362,0.044745028018951416,1.3646489381790161,0.10253335535526276,2.53843355178833,0.03313351422548294,1.2738163471221924,5.0,5.0,0.4,146,2.43333,False
0.3975994288921356,-0.0024005770683288574,0.010011434555053711,-0.018239881843328476,-0.02693963050842285,-0.5802547335624695,0.04665634036064148,1.3592942953109741,-0.11773301661014557,2.497371196746826,0.05020339414477348,-0.30169177055358887,5.0,5.0,0.4,147,2.45,False
0.3978227376937866,-0.0021772682666778564,0.009832620620727539,-0.018011828884482384,-0.02748417854309082,-0.5891609191894531,0.05139756202697754,1.3598172664642334,0.0977870374917984,2.5055646896362305,0.04651602730154991,2.0948615074157715,5.0,5.0,0.4,148,2.46667,False
0.39798009395599365,-0.002019912004470825,0.010285615921020508,-0.018472235649824142,-0.02726149559020996,-0.5868028402328491,0.051104187965393066,1.3576003313064575,0.09213760495185852,2.578380584716797,0.005334070418030024,2.60687255859375,5.0,5.0,0.4,149,2.48333,False
0.39800557494163513,-0.0019944310188293457,0.010225772857666016,-0.018384117633104324,-0.0276181697845459,-0.5861197710037231,0.05826506018638611,1.3546884059906006,-0.004401039332151413,2.4457848072052,0.026901349425315857,2.7758824825286865,5.0,5.0,0.4,150,2.5,False
0.39795002341270447,-0.0020499825477600098,0.009743928909301758,-0.01787582039833069,-0.028470754623413086,-0.5917810797691345,0.03894910216331482,1.3449208736419678,0.042782336473464966,2.5013022422790527,0.005308456718921661,4.494410514831543,5.0,5.0,0.4,151,2.51667,False
0.3979722857475281,-0.0020277202129364014,0.009193658828735352,-0.017372487112879753,-0.029396533966064453,-0.6017320156097412,0.0509164035320282,1.348287582397461,-0.024494167417287827,2.5034637451171875,0.004530800506472588,-0.5957143902778625,5.0,5.0,0.4,152,2.53333,False
0.39803406596183777,-0.001965939998626709,0.009012222290039062,-0.017298195511102676,-0.029845476150512695,-0.6068581938743591,0.04562115669250488,1.3566733598709106,0.12236841022968292,2.4465885162353516,0.024803411215543747,2.005061626434326,5.0,5.0,0.4,153,2.55,False
0.3979853093624115,-0.0020146965980529785,0.009186506271362305,-0.01761908084154129,-0.02981877326965332,-0.6075989603996277,0.04623669385910034,1.3700300455093384,0.15800347924232483,2.4752705097198486,0.0020925148855894804,2.0708420276641846,5.0,5.0,0.4,154,2.56667,False
0.397891104221344,-0.0021089017391204834,0.010040760040283203,-0.01861550658941269,-0.028968095779418945,-0.6063677668571472,0.036269158124923706,1.3887221813201904,0.18759916722774506,2.4400782585144043,0.0021143993362784386,2.6226727962493896,5.0,5.0,0.4,155,2.58333,False
0.3977404832839966,-0.0022595226764678955,0.010864973068237305,-0.019512029364705086,-0.028149127960205078,-0.6011368632316589,0.04685214161872864,1.399709701538086,0.08352822065353394,2.4341659545898438,0.010865717194974422,1.2115744352340698,5.0,5.0,0.4,156,2.6,False
0.39760127663612366,-0.0023987293243408203,0.011527299880981445,-0.02017281763255596,-0.027520179748535156,-0.597064197063446,0.04300263524055481,1.395020842552185,0.032376568764448166,2.470198154449463,0.0039148107171058655,1.662794828414917,5.0,5.0,0.4,157,2.61667,False
0.3975712060928345,-0.002428799867630005,0.012076616287231445,-0.02068541757762432,-0.026969194412231445,-0.5931870937347412,0.038685142993927,1.3865712881088257,0.1264769434928894,2.4776294231414795,0.00891010370105505,3.349637746810913,5.0,5.0,0.4,158,2.63333,False
0.397594153881073,-0.0024058520793914795,0.011564970016479492,-0.020063569769263268,-0.027724027633666992,-0.5903396010398865,0.03861156105995178,1.3748574256896973,-0.11020910739898682,2.410935163497925,0.0604684092104435,1.3182051181793213,5.0,5.0,0.4,159,2.65,False
0.3977949917316437,-0.0022050142288208008,0.010529518127441406,-0.01898118108510971,-0.029035091400146484,-0.6001708507537842,0.024826213717460632,1.3606584072113037,-0.012807171791791916,2.4756288528442383,0.01367240957915783,3.305706262588501,5.0,5.0,0.4,160,2.66667,False
0.39801695942878723,-0.001983046531677246,0.010526895523071289,-0.01899256557226181,-0.029104232788085938,-0.6059353351593018,0.03587578982114792,1.3628870248794556,-0.014146607369184494,2.510237693786621,0.001199565944261849,-1.5125948190689087,5.0,5.0,0.4,161,2.68333,False
0.3982228636741638,-0.0017771422863006592,0.010331869125366211,-0.018812090158462524,-0.029390811920166016,-0.6045417785644531,0.029769927263259888,1.3578357696533203,-0.11192809045314789,2.45774507522583,0.012316692620515823,-1.1679472923278809,5.0,5.0,0.4,162,2.7,False
0.3984009027481079,-0.0015991032123565674,0.010213136672973633,-0.018720924854278564,-0.02956223487854004,-0.6080730557441711,0.038769785314798355,1.3632707595825195,0.11583873629570007,2.549389123916626,0.06027635931968689,2.775555372238159,5.0,5.0,0.4,163,2.71667,False
0.3986104726791382,-0.001389533281326294,0.009743213653564453,-0.018307052552700043,-0.030126333236694336,-0.6070409417152405,0.036466922610998154,1.3653452396392822,-0.12888860702514648,2.5180728435516357,0.06087218225002289,-0.5151140689849854,5.0,5.0,0.4,164,2.73333,False
0.39878955483436584,-0.0012104511260986328,0.009626150131225586,-0.018295474350452423,-0.030244112014770508,-0.6145251393318176,0.042027562856674194,1.3653007745742798,0.07369818538427353,2.4973552227020264,0.04147063195705414,1.5119194984436035,5.0,5.0,0.4,165,2.75,False
0.39888888597488403,-0.0011111199855804443,0.009974241256713867,-0.01874959096312523,-0.0297849178314209,-0.6122543811798096,0.0432930663228035,1.3598718643188477,0.0730007141828537,2.5720601081848145,0.005581306759268045,2.4614901542663574,5.0,5.0,0.4,166,2.76667,False
0.39886540174484253,-0.0011346042156219482,0.009758949279785156,-0.01863551139831543,-0.029971599578857422,-0.6139834523200989,0.049817297607660294,1.3603278398513794,0.007406365126371384,2.464254379272461,0.015924692153930664,3.039108991622925,5.0,5.0,0.4,167,2.78333,False
0.39875227212905884,-0.0012477338314056396,0.009330272674560547,-0.0183369442820549,-0.030400514602661133,-0.6191834807395935,0.05377110093832016,1.3633003234863281,0.05210311338305473,2.451690196990967,0.0021556580904871225,3.685296058654785,5.0,5.0,0.4,168,2.8,False
0.3987124562263489,-0.0012875497341156006,0.009142875671386719,-0.018326718360185623,-0.03052973747253418,-0.6260995864868164,0.04895993322134018,1.3714427947998047,-0.029133286327123642,2.514087677001953,0.010492797940969467,1.23643159866333,5.0,5.0,0.4,169,2.81667,False
0.3986911177635193,-0.0013088881969451904,0.009685754776000977,-0.019079044461250305,-0.02974557876586914,-0.6260029673576355,0.04616781324148178,1.378942847251892,0.1949680894613266,2.452538251876831,0.05400976166129112,4.143745422363281,5.0,5.0,0.4,170,2.83333,False
0.3984867036342621,-0.0015133023262023926,0.009593486785888672,-0.019152425229549408,-0.02968430519104004,-0.6227583289146423,0.03690122067928314,1.382323980331421,0.03771410137414932,2.4393842220306396,0.024901842698454857,2.84269380569458,5.0,5.0,0.4,171,2.85,False
0.39832454919815063,-0.0016754567623138428,0.008859872817993164,-0.01861216127872467,-0.03039073944091797,-0.6321887373924255,0.048617586493492126,1.3888933658599854,0.06469926238059998,2.4492969512939453,0.0008264611242339015,3.589244842529297,5.0,5.0,0.4,172,2.86667,False
0.3982354700565338,-0.001764535903930664,0.00940704345703125,-0.019428808242082596,-0.02953314781188965,-0.6349200010299683,0.049325570464134216,1.3965975046157837,0.12349887192249298,2.4629828929901123,0.0036446992307901382,0.04462599754333496,5.0,5.0,0.4,173,2.88333,False
0.39801883697509766,-0.0019811689853668213,0.010132551193237305,-0.020350906997919083,-0.028445005416870117,-0.6254738569259644,0.03590694069862366,1.4005162715911865,0.07584541290998459,2.466735601425171,0.002284934977069497,1.3296271562576294,5.0,5.0,0.4,174,2.9,False
0.3978678286075592,-0.0021321773529052734,0.01009821891784668,-0.02045738510787487,-0.028211355209350586,-0.6255924105644226,0.04571110010147095,1.4116291999816895,0.10639329999685287,2.41963267326355,0.0031518591567873955,0.7887067794799805,5.0,5.0,0.4,175,2.91667,False
0.3977506458759308,-0.0022493600845336914,0.009926795959472656,-0.020351499319076538,-0.02819514274597168,-0.6223099827766418,0.048659056425094604,1.4085237979888916,-0.09944084286689758,2.4143075942993164,0.04239605367183685,0.6047310829162598,5.0,5.0,0.4,176,2.93333,False
0.39786994457244873,-0.002130061388015747,0.009385108947753906,-0.019902097061276436,-0.02852606773376465,-0.6242479681968689,0.04357665777206421,1.4104640483856201,0.07398784160614014,2.4815077781677246,0.0345933735370636,4.118364334106445,5.0,5.0,0.4,177,2.95,False
0.39800381660461426,-0.0019961893558502197,0.009417057037353516,-0.02004888840019703,-0.028167247772216797,-0.627612829208374,0.04602926969528198,1.4161537885665894,0.04801252484321594,2.4413979053497314,0.0022835189010947943,2.652977466583252,5.0,5.0,0.4,178,2.96667,False
0.3979763686656952,-0.002023637294769287,0.009144783020019531,-0.019825907424092293,-0.02817845344543457,-0.6269330978393555,0.04942205548286438,1.4116765260696411,0.05847657099366188,2.4187963008880615,0.0006203288212418556,4.665060043334961,5.0,5.0,0.4,179,2.98333,False
0.3979059159755707,-0.002094089984893799,0.009154558181762695,-0.019953684881329536,-0.02781844139099121,-0.6263757944107056,0.05483037233352661,1.4154573678970337,0.16939014196395874,2.5142436027526855,0.02141200751066208,5.0,5.0,5.0,0.4,180,3.0,False
0.3978440761566162,-0.0021559298038482666,0.009135007858276367,-0.020017821341753006,-0.027469635009765625,-0.620142936706543,0.04925471544265747,1.4179878234863281,0.08948376774787903,2.5308938026428223,0.006662257947027683,-0.49159908294677734,5.0,5.0,0.4,181,3.01667,False
0.39775487780570984,-0.0022451281547546387,0.009411096572875977,-0.020365064963698387,-0.0267181396484375,-0.6171901822090149,0.0534130334854126,1.4319874048233032,0.12949609756469727,2.5229172706604004,0.0016646116273477674,0.9788484573364258,5.0,5.0,0.4,182,3.03333,False
0.39774954319000244,-0.002250462770462036,0.009099960327148438,-0.019986044615507126,-0.0266878604888916,-0.6139965057373047,0.05971556901931763,1.431097388267517,-0.20406846702098846,2.44978666305542,0.11661341786384583,-2.615504741668701,5.0,5.0,0.4,183,3.05,False
0.39802154898643494,-0.001978456974029541,0.009006023406982422,-0.01988416165113449,-0.026355981826782227,-0.6158534288406372,0.06424278020858765,1.421849250793457,0.0942346379160881,2.5254645347595215,0.09471187740564346,2.1881766319274902,5.0,5.0,0.4,184,3.06667,False
0.3982405960559845,-0.0017594099044799805,0.009307861328125,-0.020159488543868065,-0.025516033172607422,-0.6090317368507385,0.06702187657356262,1.4158849716186523,0.13095895946025848,2.4167630672454834,0.013164685107767582,2.6623167991638184,5.0,5.0,0.4,185,3.08333,False
0.3984433114528656,-0.001556694507598877,0.009038686752319336,-0.019706856459379196,-0.025348424911499023,-0.6056756973266602,0.0432915985584259,1.4054995775222778,-0.03562842682003975,2.4583828449249268,0.02948356233537197,1.0727697610855103,5.0,5.0,0.4,186,3.1,False
0.3987102210521698,-0.0012897849082946777,0.008803844451904297,-0.019289370626211166,-0.025138378143310547,-0.6108180284500122,0.06626081466674805,1.4020678997039795,0.011166423559188843,2.4158976078033447,0.003994753584265709,1.4177796840667725,5.0,5.0,0.4,187,3.11667,False
0.3989371657371521,-0.001062840223312378,0.008444070816040039,-0.018765445798635483,-0.02503514289855957,-0.6119389533996582,0.06685388088226318,1.3927334547042847,-0.11843276023864746,2.520888328552246,0.02781900018453598,2.242465019226074,5.0,5.0,0.4,188,3.13333,False
0.3990720510482788,-0.0009279549121856689,0.008086919784545898,-0.018262706696987152,-0.02493000030517578,-0.6179173588752747,0.051659464836120605,1.3797085285186768,0.07238639146089554,2.498833179473877,0.03689837455749512,4.916163921356201,5.0,5.0,0.4,189,3.15,False
0.39903727173805237,-0.0009627342224121094,0.0075070858001708984,-0.017490161582827568,-0.025069236755371094,-0.6211530566215515,0.062332749366760254,1.3796603679656982,-0.03486548736691475,2.4975175857543945,0.011504696682095528,-4.880594253540039,5.0,5.0,0.4,190,3.16667,False
0.39902153611183167,-0.0009784698486328125,0.007385969161987305,-0.017329934984445572,-0.024645566940307617,-0.6213878393173218,0.0472525954246521,1.3798656463623047,-0.04055163636803627,2.5457875728607178,0.0023623239248991013,-1.5190907716751099,5.0,5.0,0.4,191,3.18333,False
0.3990558087825775,-0.0009441971778869629,0.00745844841003418,-0.017425503581762314,-0.02396535873413086,-0.6231909394264221,0.047171592712402344,1.3884624242782593,0.03297887742519379,2.515118360519409,0.00634733634069562,0.27876752614974976,5.0,5.0,0.4,192,3.2,False
0.3990410268306732,-0.0009589791297912598,0.007938385009765625,-0.01802392676472664,-0.02279949188232422,-0.6202791333198547,0.050232529640197754,1.3898876905441284,0.03170248121023178,2.5106096267700195,2.1957866920274682e-05,0.011731266975402832,5.0,5.0,0.4,193,3.21667,False
0.3991451561450958,-0.0008548498153686523,0.007943153381347656,-0.018008669838309288,-0.022152423858642578,-0.613800585269928,0.05368739366531372,1.3926714658737183,0.095066137611866,2.501755714416504,0.004093344788998365,1.8172343969345093,5.0,5.0,0.4,194,3.23333,False
0.3992735743522644,-0.0007264316082000732,0.007398128509521484,-0.017205102369189262,-0.022182941436767578,-0.6103512048721313,0.04832643270492554,1.3806489706039429,-0.20872561633586884,2.466717481613159,0.09351710975170135,-1.547335147857666,5.0,5.0,0.4,195,3.25,False
0.39957350492477417,-0.0004265010356903076,0.007061481475830078,-0.0167192742228508,-0.02193164825439453,-0.621499240398407,0.053267061710357666,1.3739135265350342,0.126951202750206,2.545883893966675,0.11894625425338745,1.4317240715026855,5.0,5.0,0.4,196,3.26667,False
0.39985162019729614,-0.00014838576316833496,0.007411479949951172,-0.017239686101675034,-0.020841598510742188,-0.6173433065414429,0.05509078502655029,1.3693124055862427,0.16158774495124817,2.4943888187408447,0.0038514328189194202,2.134291648864746,5.0,5.0,0.4,197,3.28333,False
0.40002331137657166,2.3305416107177734e-05,0.007469654083251953,-0.017299221828579903,-0.020088672637939453,-0.6096628904342651,0.04829680919647217,1.3636963367462158,0.033740852028131485,2.421283006668091,0.021689288318157196,1.5502192974090576,5.0,5.0,0.4,198,3.3,False
0.40009602904319763,9.60230827331543e-05,0.0072209835052490234,-0.016855260357260704,-0.01968836784362793,-0.6095573902130127,0.06039392948150635,1.3581054210662842,-0.007976148277521133,2.5122153759002686,0.010009003803133965,1.9119007587432861,5.0,5.0,0.4,199,3.31667,False
0.40013542771339417,0.0001354217529296875,0.006622791290283203,-0.015930134803056717,-0.019708633422851562,-0.6163413524627686,0.038968682289123535,1.353805422782898,-0.1500701755285263,2.5365772247314453,0.02078421413898468,1.167421817779541,5.0,5.0,0.4,200,3.33333,False
0.4003254175186157,0.0003254115581512451,0.006041288375854492,-0.015184251591563225,-0.01967906951904297,-0.6295420527458191,0.0473293662071228,1.3554470539093018,0.09491030871868134,2.460559368133545,0.06579414755105972,2.8240935802459717,5.0,5.0,0.4,201,3.35,False
0.400371253490448,0.0003712475299835205,0.005755424499511719,-0.01498791016638279,-0.019279956817626953,-0.635528564453125,0.05582475662231445,1.3598811626434326,0.10559278726577759,2.442110538482666,0.0004544746479950845,4.202748775482178,5.0,5.0,0.4,202,3.36667,False
0.40035152435302734,0.0003515183925628662,0.005899667739868164,-0.015635566785931587,-0.018373727798461914,-0.6384168267250061,0.035042762756347656,1.3596839904785156,0.08356110006570816,2.407386302947998,0.0016911677084863186,4.130427360534668,5.0,5.0,0.4,203,3.38333,False
0.40021178126335144,0.0002117753028869629,0.006093740463256836,-0.016457660123705864,-0.01737666130065918,-0.6298617720603943,0.04295438528060913,1.3634974956512451,0.07403623312711716,2.407362937927246,9.07236390048638e-05,-0.0367274284362793,5.0,5.0,0.4,204,3.4,False
0.4000879228115082,8.791685104370117e-05,0.005668163299560547,-0.016249584034085274,-0.01711130142211914,-0.631001889705658,0.041083335876464844,1.3696407079696655,-0.08176814019680023,2.4849843978881836,0.030300091952085495,-1.2167789936065674,5.0,5.0,0.4,205,3.41667,False
0.40008431673049927,8.431077003479004e-05,0.005488395690917969,-0.0165071040391922,-0.016531944274902344,-0.6379461884498596,0.04413962364196777,1.381847858428955,0.1237480491399765,2.4551007747650146,0.04312993586063385,3.538743734359741,5.0,5.0,0.4,206,3.43333,False
0.40004563331604004,4.5627355575561523e-05,0.005616426467895508,-0.017280299216508865,-0.015568017959594727,-0.6311538219451904,0.031253814697265625,1.384222149848938,0.025553008541464806,2.4653446674346924,0.009747203439474106,1.0742472410202026,5.0,5.0,0.4,207,3.45,False
0.39995265007019043,-4.735589027404785e-05,0.0056340694427490234,-0.017995845526456833,-0.014731884002685547,-0.6281355619430542,0.03657180070877075,1.384478211402893,0.10056151449680328,2.4615530967712402,0.005640651565045118,1.0367445945739746,5.0,5.0,0.4,208,3.46667,False
0.3999127149581909,-8.729100227355957e-05,0.005659580230712891,-0.018595390021800995,-0.013872146606445312,-0.6201750040054321,0.02783942222595215,1.381771206855774,0.03833948075771332,2.4526114463806152,0.003951534628868103,1.1093374490737915,5.0,5.0,0.4,209,3.48333,False
0.3998580873012543,-0.00014191865921020508,0.005598306655883789,-0.01893579587340355,-0.013113260269165039,-0.6183412075042725,0.030768215656280518,1.3759593963623047,0.044855643063783646,2.4992058277130127,0.0022134967148303986,0.8822859525680542,5.0,5.0,0.4,210,3.5,False
0.3999950885772705,-4.9173831939697266e-06,0.005261898040771484,-0.018831400200724602,-0.01267099380493164,-0.6146190762519836,0.03230023384094238,1.3710826635360718,0.0541914738714695,2.506338596343994,0.00013803412730339915,1.6056612730026245,5.0,5.0,0.4,211,3.51667,False
0.4001184105873108,0.00011840462684631348,0.004660606384277344,-0.018063724040985107,-0.012542009353637695,-0.6178807616233826,0.026891052722930908,1.3673548698425293,-0.07089053094387054,2.48809552192688,0.015978317707777023,1.4558851718902588,5.0,5.0,0.4,212,3.53333,False
0.40027207136154175,0.0002720654010772705,0.004274129867553711,-0.017781037837266922,-0.012154579162597656,-0.6261692047119141,0.0271226167678833,1.3603792190551758,0.10282950103282928,2.5262537002563477,0.03163469582796097,3.0174460411071777,5.0,5.0,0.4,213,3.55,False
0.40035387873649597,0.00035387277603149414,0.004082918167114258,-0.01804281584918499,-0.011522293090820312,-0.624889075756073,0.03165280818939209,1.3515938520431519,0.11482030153274536,2.4882116317749023,0.001590978354215622,3.6214022636413574,5.0,5.0,0.4,214,3.56667,False
0.40039172768592834,0.0003917217254638672,0.0038170814514160156,-0.01815206930041313,-0.010978937149047852,-0.6207665205001831,0.026479065418243408,1.3500162363052368,0.024682899937033653,2.4742162227630615,0.008320622146129608,0.9142731428146362,5.0,5.0,0.4,215,3.58333,False
0.40036430954933167,0.0003643035888671875,0.0036351680755615234,-0.01817934587597847,-0.01032257080078125,-0.6214448809623718,0.04014730453491211,1.3466109037399292,0.007444765418767929,2.4892306327819824,0.0005225858185440302,1.5395228862762451,5.0,5.0,0.4,216,3.6,False
0.40036290884017944,0.0003629028797149658,0.003491640090942383,-0.018321629613637924,-0.009627580642700195,-0.6233671307563782,0.042655110359191895,1.3350818157196045,-0.02147948369383812,2.513915538787842,0.0014459567610174417,2.3732681274414062,5.0,5.0,0.4,217,3.61667,False
0.400421679019928,0.000421673059463501,0.003282785415649414,-0.01815873011946678,-0.00900578498840332,-0.6250001192092896,0.046001553535461426,1.3204431533813477,0.05990296229720116,2.4829814434051514,0.00758002046495676,3.523580312728882,5.0,5.0,0.4,218,3.63333,False
0.4004632234573364,0.00046321749687194824,0.0030698776245117188,-0.017984917387366295,-0.008390426635742188,-0.624106228351593,0.032140254974365234,1.3073700666427612,0.024677913635969162,2.4914956092834473,0.001313295098952949,2.1310007572174072,5.0,5.0,0.4,219,3.65,False
0.40058767795562744,0.0005876719951629639,0.002512216567993164,-0.016640275716781616,-0.008184671401977539,-0.6341623663902283,0.04416549205780029,1.307013750076294,-0.033990297466516495,2.5066239833831787,0.003670826554298401,1.6153857707977295,5.0,5.0,0.4,220,3.66667,False
0.400752454996109,0.0007524490356445312,0.002203702926635742,-0.016450591385364532,-0.007669687271118164,-0.6449200510978699,0.042151570320129395,1.3157720565795898,0.060719262808561325,2.508359909057617,0.008972914889454842,3.8137431144714355,5.0,5.0,0.4,221,3.68333,False
0.4007567763328552,0.0007567703723907471,0.0019125938415527344,-0.016398385167121887,-0.0071258544921875,-0.6450771689414978,0.03368031978607178,1.3152213096618652,0.09167054295539856,2.5150530338287354,0.001002779696136713,3.5308218002319336,5.0,5.0,0.4,222,3.7,False
0.400623083114624,0.0006230771541595459,0.0015993118286132812,-0.01621081307530403,-0.00660395622253418,-0.6525360345840454,0.027588307857513428,1.3233572244644165,0.07717686891555786,2.4574897289276123,0.003523600520566106,4.075760841369629,5.0,5.0,0.4,223,3.71667,False
0.40036430954933167,0.0003643035888671875,0.001222848892211914,-0.01606249436736107,-0.006148815155029297,-0.6622737050056458,0.042880356311798096,1.3349180221557617,0.08974799513816833,2.462656021118164,0.00018472378724254668,1.9178094863891602,5.0,5.0,0.4,224,3.73333,False
0.4000342786312103,3.427267074584961e-05,0.0010852813720703125,-0.017707940191030502,-0.005395174026489258,-0.6613690853118896,0.03648018836975098,1.3514803647994995,0.21221709251403809,2.468470335006714,0.01503248605877161,3.7124667167663574,5.0,5.0,0.4,225,3.75,False
0.3995822072029114,-0.0004177987575531006,0.001051187515258789,-0.019810672849416733,-0.004497051239013672,-0.645711362361908,0.041087210178375244,1.3721137046813965,0.2121787816286087,2.4104833602905273,0.003362490562722087,2.92744779586792,5.0,5.0,0.4,226,3.76667,False
0.39911797642707825,-0.0008820295333862305,0.0008401870727539062,-0.02034127712249756,-0.0038101673126220703,-0.6279283761978149,0.04409879446029663,1.3723504543304443,-0.1417946219444275,2.355257272720337,0.12834708392620087,-2.176719903945923,5.0,5.0,0.4,227,3.78333,False
0.39909738302230835,-0.0009026229381561279,0.0005078315734863281,-0.019881078973412514,-0.0032622814178466797,-0.6299165487289429,0.03200441598892212,1.363916277885437,-0.02420482411980629,2.505277156829834,0.03633332625031471,0.3735807538032532,5.0,5.0,0.4,228,3.8,False
0.3992787301540375,-0.000721275806427002,0.00030732154846191406,-0.01962270215153694,-0.0025572776794433594,-0.6333714127540588,0.03916645050048828,1.3606022596359253,-0.005666457116603851,2.495598316192627,0.00043735100189223886,0.20104484260082245,5.0,5.0,0.4,229,3.81667,False
0.3995129466056824,-0.0004870593547821045,8.034706115722656e-05,-0.018989132717251778,-0.0018925666809082031,-0.6285769939422607,0.0351405143737793,1.343258023262024,-0.0820017158985138,2.4236903190612793,0.01099783182144165,0.6051580905914307,5.0,5.0,0.4,230,3.83333,False
0.39979076385498047,-0.0002092421054840088,-0.0002090930938720703,-0.018723707646131516,-0.00130462646484375,-0.6361064314842224,0.043561697006225586,1.34852135181427,0.1546168476343155,2.5337038040161133,0.06809131056070328,2.049086093902588,5.0,5.0,0.4,231,3.85,False
0.399996817111969,-3.1888484954833984e-06,-0.00047707557678222656,-0.01865076646208763,-0.0006842613220214844,-0.6338601112365723,0.03657495975494385,1.3604973554611206,0.07185813039541245,2.5101139545440674,0.007405486423522234,2.598220109939575,5.0,5.0,0.4,232,3.86667,False
0.4000282883644104,2.828240394592285e-05,-0.0007073879241943359,-0.01847095787525177,-1.1920928955078125e-05,-0.635908305644989,0.04728943109512329,1.3644907474517822,-0.013656634837388992,2.489276885986328,0.00774695910513401,2.2711219787597656,5.0,5.0,0.4,233,3.88333,False
0.39996689558029175,-3.311038017272949e-05,-0.0009407997131347656,-0.01817680336534977,0.0006549358367919922,-0.6397765874862671,0.03025507926940918,1.355226755142212,0.013253364711999893,2.5463507175445557,0.0039815702475607395,3.9766972064971924,5.0,5.0,0.4,234,3.9,False
0.39990234375,-9.766221046447754e-05,-0.0011017322540283203,-0.017986206337809563,0.001405954360961914,-0.6477771401405334,0.03893393278121948,1.3584752082824707,0.05702763795852661,2.5058624744415283,0.003555484814569354,-1.0805262327194214,3.835742950439453,3.835742950439453,0.4,235,3.91667,False
0.3997592329978943,-0.00024077296257019043,-0.0013165473937988281,-0.018128765746951103,0.0020940303802490234,-0.647160530090332,0.05000251531600952,1.3680232763290405,0.13641084730625153,2.3894851207733154,0.01984538324177265,1.690765619277954,5.0,5.0,0.4,236,3.93333,False
0.3996393382549286,-0.00036066770553588867,-0.0015289783477783203,-0.018172798678278923,0.002791166305541992,-0.648891031742096,0.055348336696624756,1.3811894655227661,0.0682956725358963,2.4473390579223633,0.007986755110323429,0.7069671154022217,5.0,5.0,0.4,237,3.95,False
0.39956194162368774,-0.0004380643367767334,-0.00188446044921875,-0.019121184945106506,0.0033228397369384766,-0.6469908356666565,0.05687379837036133,1.392276644706726,0.12906081974506378,2.420742988586426,0.004399754106998444,2.319786310195923,5.0,5.0,0.4,238,3.96667,False
0.3994329869747162,-0.000567018985748291,-0.0022611618041992188,-0.020101578906178474,0.003828287124633789,-0.6375340223312378,0.04429835081100464,1.393486499786377,0.09359349310398102,2.452363967895508,0.0022578174248337746,2.4176297187805176,5.0,5.0,0.4,239,3.98333,False
0.39932510256767273,-0.000674903392791748,-0.002309560775756836,-0.01934984140098095,0.004729032516479492,-0.6356517672538757,0.056411027908325195,1.3875396251678467,-0.0776221752166748,2.437843084335327,0.02952565997838974,0.8653407096862793,5.0,5.0,0.4,240,4.0,False
0.3993914723396301,-0.0006085336208343506,-0.0024111270904541016,-0.01914072409272194,0.00555419921875,-0.6453267335891724,0.05747544765472412,1.3840842247009277,0.11378000676631927,2.4961228370666504,0.040031325072050095,3.723625898361206,5.0,5.0,0.4,241,4.01667,False
0.399402916431427,-0.0005970895290374756,-0.002728700637817383,-0.01987917721271515,0.006112575531005859,-0.6410998702049255,0.06045114994049072,1.3776965141296387,0.16938842833042145,2.483086109161377,0.003262253012508154,4.31084680557251,5.0,5.0,0.4,242,4.03333,False
0.39934682846069336,-0.0006531774997711182,-0.002805948257446289,-0.019904162734746933,0.006949424743652344,-0.6384851336479187,0.05121201276779175,1.37208092212677,0.0567404180765152,2.401745080947876,0.019305936992168427,3.2130026817321777,5.0,5.0,0.4,243,4.05,False
0.3992999494075775,-0.0007000565528869629,-0.0027933120727539062,-0.019420534372329712,0.007896900177001953,-0.6336840987205505,0.055972009897232056,1.3687024116516113,-0.10170416533946991,2.4489972591400146,0.0273374542593956,1.7262063026428223,5.0,5.0,0.4,244,4.06667,False
0.39944255352020264,-0.0005574524402618408,-0.0026581287384033203,-0.018441814929246902,0.008968830108642578,-0.6414158344268799,0.04408863186836243,1.368379831314087,-0.011644929647445679,2.528482437133789,0.014428559690713882,2.9133994579315186,5.0,5.0,0.4,245,4.08333,False
0.39951878786087036,-0.0004812180995941162,-0.002576589584350586,-0.0176949892193079,0.009973526000976562,-0.6509553790092468,0.04293018579483032,1.3695038557052612,0.049859605729579926,2.4550888538360596,0.009169425815343857,3.2195591926574707,5.0,5.0,0.4,246,4.1,False
0.3994388282299042,-0.0005611777305603027,-0.00286102294921875,-0.018196849152445793,0.010544061660766602,-0.6572014093399048,0.03861510753631592,1.3774645328521729,0.22761748731136322,2.4664571285247803,0.031727105379104614,4.920547962188721,5.0,5.0,0.4,247,4.11667,False
0.3992313742637634,-0.0007686316967010498,-0.003499746322631836,-0.01927059330046177,0.010683774948120117,-0.6460000872612,0.04355087876319885,1.3883634805679321,0.18391509354114532,2.4879252910614014,0.0023707812651991844,2.1612002849578857,5.0,5.0,0.4,248,4.13333,False
0.3990373909473419,-0.0009626150131225586,-0.0039522647857666016,-0.01969480700790882,0.011040210723876953,-0.6337676048278809,0.03784531354904175,1.4006909132003784,0.015408508479595184,2.478593349456787,0.028481556102633476,-0.15490388870239258,5.0,5.0,0.4,249,4.15,False
0.39893367886543274,-0.0010663270950317383,-0.0041522979736328125,-0.019608214497566223,0.011705398559570312,-0.6301895976066589,0.05220526456832886,1.4027564525604248,-0.04827699437737465,2.5317070484161377,0.0068769087083637714,-0.7384063005447388,5.0,5.0,0.4,250,4.16667,False
0.39903149008750916,-0.0009685158729553223,-0.00447535514831543,-0.01978468708693981,0.012215375900268555,-0.6279469728469849,0.05523711442947388,1.396274209022522,0.005327280610799789,2.5098116397857666,0.0033528273925185204,1.243333101272583,5.0,5.0,0.4,251,4.18333,False
0.3992600739002228,-0.0007399320602416992,-0.004573822021484375,-0.019464805722236633,0.012970685958862305,-0.6228553652763367,0.04475390911102295,1.3856443166732788,0.03087899088859558,2.4726240634918213,0.0020358057226985693,1.9646093845367432,5.0,5.0,0.4,252,4.2,False
0.39948341250419617,-0.0005165934562683105,-0.004326581954956055,-0.018504740670323372,0.014123201370239258,-0.6240677833557129,0.047458499670028687,1.3840330839157104,-0.03641549125313759,2.432248830795288,0.0061587062664330006,1.2245080471038818,5.0,5.0,0.4,253,4.21667,False
0.39984866976737976,-0.0001513361930847168,-0.004022359848022461,-0.017463143914937973,0.015335559844970703,-0.6337796449661255,0.06208449602127075,1.384403109550476,-0.05568710342049599,2.490520715713501,0.0037670074962079525,1.8295519351959229,5.0,5.0,0.4,254,4.23333,False
0.40012311935424805,0.00012311339378356934,-0.003899812698364258,-0.016887737438082695,0.01631903648376465,-0.6416993141174316,0.06343850493431091,1.380893588066101,0.018041156232357025,2.4779458045959473,0.005593985319137573,3.863036870956421,5.0,5.0,0.4,255,4.25,False
0.40017783641815186,0.00017783045768737793,-0.003935337066650391,-0.016721049323678017,0.01709151268005371,-0.6456406712532043,0.0531059205532074,1.3733311891555786,0.09150353074073792,2.4912822246551514,0.0055745807476341724,4.9607038497924805,5.0,5.0,0.4,256,4.26667,False
0.4001517593860626,0.00015175342559814453,-0.0042266845703125,-0.017033424228429794,0.017559051513671875,-0.6435589790344238,0.03881704807281494,1.3772244453430176,0.04206196963787079,2.485048294067383,0.0024833299685269594,-0.1349400281906128,5.0,5.0,0.4,257,4.28333,False
0.40010252594947815,0.00010251998901367188,-0.0045125484466552734,-0.017234573140740395,0.018004655838012695,-0.6432598233222961,0.05781155824661255,1.3880902528762817,0.09689101576805115,2.5079760551452637,0.003531906520947814,1.5185095071792603,5.0,5.0,0.4,258,4.3,False
0.4000425338745117,4.252791404724121e-05,-0.004984378814697266,-0.017612962052226067,0.018235445022583008,-0.6391282081604004,0.05099368095397949,1.3884352445602417,-0.04722719267010689,2.4906036853790283,0.02107185497879982,0.16656887531280518,5.0,5.0,0.4,259,4.31667,False
0.40008723735809326,8.723139762878418e-05,-0.005087614059448242,-0.01748647354543209,0.018881797790527344,-0.6426853537559509,0.03658612072467804,1.384375810623169,0.0054937973618507385,2.490185260772705,0.002779677975922823,1.313515543937683,5.0,5.0,0.4,260,4.33333,False
0.40014150738716125,0.00014150142669677734,-0.00518488883972168,-0.017274346202611923,0.01954936981201172,-0.639033854007721,0.04864104092121124,1.3663403987884521,-0.09080328047275543,2.4578990936279297,0.01031552441418171,0.3323326110839844,5.0,5.0,0.4,261,4.35,False
0.40033289790153503,0.00033289194107055664,-0.004637956619262695,-0.016115358099341393,0.020924091339111328,-0.6459784507751465,0.03924548625946045,1.362939476966858,-0.010057218372821808,2.5094099044799805,0.009173290804028511,2.764244318008423,5.0,5.0,0.4,262,4.36667,False
0.40046340227127075,0.0004633963108062744,-0.0042307376861572266,-0.01526440680027008,0.022135257720947266,-0.6584253907203674,0.03841753304004669,1.3646928071975708,0.02014368399977684,2.45266056060791,0.0041325828060507774,2.9959168434143066,5.0,5.0,0.4,263,4.38333,False
0.4004656672477722,0.00046566128730773926,-0.004420280456542969,-0.015471197664737701,0.022626161575317383,-0.6681479215621948,0.03338867425918579,1.3716572523117065,0.13871364295482635,2.490675926208496,0.015504001639783382,3.235708475112915,5.0,5.0,0.4,264,4.4,False
0.4003581404685974,0.00035813450813293457,-0.005430459976196289,-0.01676219329237938,0.022126197814941406,-0.6599829196929932,0.0398593544960022,1.382037878036499,0.14341655373573303,2.5236527919769287,0.0011095911031588912,1.0488605499267578,5.0,5.0,0.4,265,4.41667,False
0.40017420053482056,0.0001741945743560791,-0.006334066390991211,-0.017795441672205925,0.021726131439208984,-0.6478051543235779,0.03444512188434601,1.394965410232544,0.06423811614513397,2.4976556301116943,0.006945077329874039,0.34121060371398926,5.0,5.0,0.4,266,4.43333,False
0.399966299533844,-3.37064266204834e-05,-0.006920814514160156,-0.01837269775569439,0.021710634231567383,-0.6405363082885742,0.048860520124435425,1.4001845121383667,-0.01845371350646019,2.5302670001983643,0.007901441305875778,-0.5452789068222046,5.0,5.0,0.4,267,4.45,False
0.39989173412323,-0.00010827183723449707,-0.007658720016479492,-0.019075391814112663,0.021508455276489258,-0.6343961954116821,0.048987582325935364,1.3961042165756226,0.010843086987733841,2.491469621658325,0.002363539068028331,0.8158743381500244,5.0,5.0,0.4,268,4.46667,False
0.3999881148338318,-1.189112663269043e-05,-0.007500410079956055,-0.018583763390779495,0.022345542907714844,-0.630093514919281,0.05673912167549133,1.3894343376159668,-0.052825022488832474,2.475419282913208,0.0043112412095069885,0.4868462085723877,5.0,5.0,0.4,269,4.48333,False
0.40022388100624084,0.0002238750457763672,-0.007338762283325195,-0.01813056692481041,0.023164987564086914,-0.632195770740509,0.058407917618751526,1.3808010816574097,-0.05140656605362892,2.4587323665618896,0.00028046517400071025,1.6236493587493896,5.0,5.0,0.4,270,4.5,False
0.4005642831325531,0.000564277172088623,-0.007206439971923828,-0.017746031284332275,0.023932695388793945,-0.6354160904884338,0.05537915974855423,1.3679627180099487,-0.02568913623690605,2.5005457401275635,0.002409744542092085,2.8829421997070312,5.0,5.0,0.4,271,4.51667,False
0.4008122384548187,0.000812232494354248,-0.007075786590576172,-0.017389386892318726,0.024675607681274414,-0.6386313438415527,0.05806802958250046,1.3645648956298828,-0.03352377936244011,2.489288568496704,0.0001881055359262973,2.780056953430176,5.0,5.0,0.4,272,4.53333,False
0.4010005593299866,0.0010005533695220947,-0.00690460205078125,-0.016984285786747932,0.025432825088500977,-0.6372005939483643,0.04617182910442352,1.3581949472427368,0.01702422834932804,2.5368728637695312,0.0048193661496043205,1.9501338005065918,5.0,5.0,0.4,273,4.55,False
0.40115782618522644,0.0011578202247619629,-0.006234884262084961,-0.016048287972807884,0.026783466339111328,-0.6450756788253784,0.051583386957645416,1.3625377416610718,-0.0744335800409317,2.520571708679199,0.008630258031189442,1.7711262702941895,5.0,5.0,0.4,274,4.56667,False
0.401276171207428,0.001276165246963501,-0.006083488464355469,-0.015816757455468178,0.027489662170410156,-0.6561922430992126,0.05295199900865555,1.361680030822754,0.008044537156820297,2.513561964035034,0.006851776968687773,3.4441747665405273,5.0,5.0,0.4,275,4.58333,False
0.4012589454650879,0.001258939504623413,-0.006954669952392578,-0.016803428530693054,0.02695775032043457,-0.651857852935791,0.047141771763563156,1.360306978225708,0.11122842133045197,2.5373575687408447,0.011213144287467003,1.6599407196044922,5.0,5.0,0.4,276,4.6,False
0.4011020064353943,0.0011020004749298096,-0.007168769836425781,-0.01704411953687668,0.027178049087524414,-0.6478478908538818,0.05023737624287605,1.3656615018844604,0.035299152135849,2.4713635444641113,0.01012046542018652,0.49858570098876953,5.0,5.0,0.4,277,4.61667,False
0.40099719166755676,0.0009971857070922852,-0.0070383548736572266,-0.016849754378199577,0.027844667434692383,-0.6464202404022217,0.05585882067680359,1.364101767539978,-0.07378563284873962,2.4416911602020264,0.01277993991971016,0.6619336605072021,5.0,5.0,0.4,278,4.63333,False
0.401111364364624,0.001111358404159546,-0.0071125030517578125,-0.016911277547478676,0.028199195861816406,-0.6503045558929443,0.05529225245118141,1.3621574640274048,0.021138450130820274,2.522602081298828,0.01555715873837471,2.568558692932129,5.0,5.0,0.4,279,4.65,False
0.4011264741420746,0.0011264681816101074,-0.007025003433227539,-0.016837261617183685,0.028731584548950195,-0.651408851146698,0.053121887147426605,1.3607100248336792,0.025979705154895782,2.4689927101135254,0.00289740227162838,3.6371164321899414,5.0,5.0,0.4,280,4.66667,False
0.4010550081729889,0.001055002212524414,-0.006661653518676758,-0.016484998166561127,0.029578447341918945,-0.6525844931602478,0.03834649547934532,1.3557734489440918,-0.03323919698596001,2.4291586875915527,0.005093627609312534,3.574816942214966,5.0,5.0,0.4,281,4.68333,False
0.4008764624595642,0.0008764564990997314,-0.006826162338256836,-0.016699664294719696,0.02980804443359375,-0.6618703603744507,0.05283261835575104,1.3525336980819702,0.11771449446678162,2.4932196140289307,0.026890819892287254,3.549995183944702,5.0,5.0,0.4,282,4.7,False
0.400752454996109,0.0007524490356445312,-0.007106781005859375,-0.01706181839108467,0.029870033264160156,-0.6532008051872253,0.04139024019241333,1.3541057109832764,-0.03598744794726372,2.455430746078491,0.025052286684513092,-0.8651219606399536,5.0,5.0,0.4,283,4.71667,False
0.40062975883483887,0.0006297528743743896,-0.0076656341552734375,-0.01771082542836666,0.02954268455505371,-0.6521784663200378,0.054928116500377655,1.3668437004089355,0.16128042340278625,2.4949593544006348,0.040477123111486435,1.316002368927002,5.0,5.0,0.4,284,4.73333,False
0.40046393871307373,0.00046393275260925293,-0.008736371994018555,-0.01882278174161911,0.028607845306396484,-0.639479398727417,0.048275336623191833,1.3750919103622437,0.13591603934764862,2.5206034183502197,0.0013009699760004878,1.6042711734771729,5.0,5.0,0.4,285,4.75,False
0.40030863881111145,0.00030863285064697266,-0.009338855743408203,-0.019348513334989548,0.028206825256347656,-0.6269240975379944,0.05488225817680359,1.3751296997070312,-0.028542522341012955,2.47599196434021,0.02903679944574833,-0.9951634407043457,5.0,5.0,0.4,286,4.76667,False
0.4002484381198883,0.0002484321594238281,-0.00901031494140625,-0.01884288527071476,0.028923988342285156,-0.6244286298751831,0.056226786226034164,1.366387963294983,-0.04902449622750282,2.5045294761657715,0.0012339007807895541,0.3675260543823242,5.0,5.0,0.4,287,4.78333,False
0.4004659950733185,0.0004659891128540039,-0.008496761322021484,-0.01819310523569584,0.02981281280517578,-0.6305431127548218,0.05403200536966324,1.3585805892944336,-0.023692909628152847,2.5471889972686768,0.0024615239817649126,1.6404638290405273,5.0,5.0,0.4,288,4.8,False
0.40072304010391235,0.000723034143447876,-0.008387088775634766,-0.017976386472582817,0.030201435089111328,-0.6324025392532349,0.05751984938979149,1.350234031677246,0.08922888338565826,2.442077159881592,0.023799829185009003,3.306879997253418,5.0,5.0,0.4,289,4.81667,False
0.40087735652923584,0.0008773505687713623,-0.008225202560424805,-0.01770375482738018,0.03061389923095703,-0.6325443387031555,0.05026913806796074,1.347172737121582,0.11879457533359528,2.463564157485962,0.0013358211144804955,3.483525037765503,5.0,5.0,0.4,290,4.83333,False
0.400959312915802,0.0009593069553375244,-0.00821995735168457,-0.01760031282901764,0.030818700790405273,-0.6301253437995911,0.04753786325454712,1.3496657609939575,0.03249663859605789,2.484907388687134,0.007902867160737514,2.7490978240966797,5.0,5.0,0.4,291,4.85,False
0.40090474486351013,0.0009047389030456543,-0.00740504264831543,-0.016700753942131996,0.03197789192199707,-0.637432873249054,0.05673900619149208,1.3533918857574463,-0.03104620799422264,2.4543330669403076,0.00497248163446784,3.333345651626587,5.0,5.0,0.4,292,4.86667,False
0.40077874064445496,0.0007787346839904785,-0.007314205169677734,-0.01660587452352047,0.032254934310913086,-0.6445358395576477,0.051013246178627014,1.3484684228897095,0.11119513213634491,2.5334880352020264,0.026498109102249146,5.0,5.0,5.0,0.4,293,4.88333,False
0.40052852034568787,0.0005285143852233887,-0.0076732635498046875,-0.016995571553707123,0.03197026252746582,-0.64390629529953,0.05537480115890503,1.3571549654006958,0.11279241740703583,2.427057981491089,0.01132990699261427,-0.6704256534576416,5.0,5.0,0.4,294,4.9,False
0.40022513270378113,0.0002251267433166504,-0.008059978485107422,-0.017363106831908226,0.031671762466430664,-0.6371627449989319,0.062149208039045334,1.3659114837646484,-0.0003204047679901123,2.408661365509033,0.013132945634424686,-1.5377752780914307,5.0,5.0,0.4,295,4.91667,False
0.40016573667526245,0.00016573071479797363,-0.008966922760009766,-0.01824486441910267,0.03067493438720703,-0.6331692337989807,0.04823629558086395,1.3768855333328247,0.1281072497367859,2.4986073970794678,0.024583950638771057,0.9140477180480957,5.0,5.0,0.4,296,4.93333,False
0.40008634328842163,8.633732795715332e-05,-0.009065628051757812,-0.018264468759298325,0.03062915802001953,-0.6246001720428467,0.04906998202204704,1.3808773756027222,-0.032983746379613876,2.4213132858276367,0.031924691051244736,-0.5733537077903748,5.0,5.0,0.4,297,4.95,False
0.40017104148864746,0.0001710355281829834,-0.008373498916625977,-0.017484240233898163,0.03156638145446777,-0.624396562576294,0.04237818345427513,1.3739932775497437,-0.09817938506603241,2.447658061981201,0.004944518208503723,-0.18281841278076172,5.0,5.0,0.4,298,4.96667,False
0.4004039764404297,0.00040397047996520996,-0.008236885070800781,-0.01732434518635273,0.03177666664123535,-0.6319068074226379,0.05246211215853691,1.3774820566177368,0.172749862074852,2.5498170852661133,0.08383912593126297,1.330174207687378,5.0,5.0,0.4,299,4.98333,False
0.4005698561668396,0.0005698502063751221,-0.008697986602783203,-0.017745137214660645,0.031228303909301758,-0.6249657273292542,0.04781012237071991,1.3865172863006592,0.1694873869419098,2.4891531467437744,0.0036907573230564594,3.0471251010894775,5.0,5.0,0.4,300,5.0,False
0.4005611836910248,0.0005611777305603027,-0.009082794189453125,-0.018040886148810387,0.030760765075683594,-0.6171524524688721,0.04764110967516899,1.3895241022109985,0.06809437274932861,2.4334733486175537,0.013380782678723335,1.5185225009918213,5.0,5.0,0.4,301,5.01667,False
0.4004882276058197,0.0004882216453552246,-0.008536100387573242,-0.017385102808475494,0.031414031982421875,-0.618474006652832,0.04565351456403732,1.3866522312164307,-0.014812558889389038,2.4986793994903564,0.011125387623906136,1.2582955360412598,5.0,5.0,0.4,302,5.03333,False
0.4006376266479492,0.0006376206874847412,-0.008059501647949219,-0.01688774861395359,0.031926870346069336,-0.6273019909858704,0.06147065386176109,1.3970892429351807,0.059333235025405884,2.487029552459717,0.0056333173997700214,2.581915855407715,5.0,5.0,0.4,303,5.05,False
0.40074318647384644,0.000743180513381958,-0.008707761764526367,-0.017524253576993942,0.031084060668945312,-0.6243252158164978,0.05578501150012016,1.4064061641693115,0.12260733544826508,2.3948769569396973,0.01249571330845356,2.9968199729919434,5.0,5.0,0.4,304,5.06667,False
0.4007834792137146,0.0007834732532501221,-0.009084701538085938,-0.017839834094047546,0.030536651611328125,-0.6167432069778442,0.034725822508335114,1.4107730388641357,0.06392572820186615,2.413884162902832,0.0038048047572374344,2.247117757797241,5.0,5.0,0.4,305,5.08333,False
0.4008510708808899,0.000851064920425415,-0.009497880935668945,-0.018168704584240913,0.02994251251220703,-0.6162230372428894,0.05121833458542824,1.415639877319336,0.03330077975988388,2.414074182510376,0.0009379235561937094,1.5295450687408447,5.0,5.0,0.4,306,5.1,False
0.4008886218070984,0.0008886158466339111,-0.009723186492919922,-0.01829678751528263,0.029526710510253906,-0.6134408116340637,0.05222181975841522,1.409760594367981,0.03427610173821449,2.446242332458496,0.001035741064697504,3.1099891662597656,5.0,5.0,0.4,307,5.11667,False
0.4009496867656708,0.0009496808052062988,-0.009418725967407227,-0.017886877059936523,0.02975749969482422,-0.6155514717102051,0.04432019218802452,1.3985872268676758,-0.023900676518678665,2.483461856842041,0.004769830498844385,3.2912447452545166,5.0,5.0,0.4,308,5.13333,False
0.40106138586997986,0.0010613799095153809,-0.009303808212280273,-0.01766420528292656,0.029727458953857422,-0.6150137186050415,0.044669944792985916,1.388205885887146,-0.03121984377503395,2.4893267154693604,8.79667786648497e-05,0.3711451292037964,5.0,5.0,0.4,309,5.15,False
0.40117958188056946,0.0011795759201049805,-0.009336709976196289,-0.017593104392290115,0.0294797420501709,-0.612957239151001,0.04148712381720543,1.3813669681549072,0.020306576043367386,2.5470685958862305,0.005989097058773041,0.8898357152938843,5.0,5.0,0.4,310,5.16667,False
0.40132394433021545,0.0013239383697509766,-0.00846719741821289,-0.01661090739071369,0.03027176856994629,-0.6199517250061035,0.03785799443721771,1.3858642578125,-0.05271623656153679,2.5005173683166504,0.007499347906559706,0.8696168661117554,5.0,5.0,0.4,311,5.18333,False
0.40143319964408875,0.0014331936836242676,-0.008087158203125,-0.016172368079423904,0.030530691146850586,-0.621635377407074,0.05527786538004875,1.3757476806640625,-0.14057983458042145,2.4588749408721924,0.00945410318672657,0.32289552688598633,5.0,5.0,0.4,312,5.2,False
0.40161463618278503,0.0016146302223205566,-0.007146120071411133,-0.015247158706188202,0.03137707710266113,-0.6305395364761353,0.04910780489444733,1.3670281171798706,0.026030944660305977,2.519946575164795,0.031488895416259766,2.884432792663574,5.0,5.0,0.4,313,5.21667,False
0.4016270041465759,0.0016269981861114502,-0.006395101547241211,-0.014598225243389606,0.03200793266296387,-0.6393510699272156,0.04182391241192818,1.3716598749160767,0.04024660587310791,2.4590792655944824,0.003906914498656988,0.8403934240341187,5.0,5.0,0.4,314,5.23333,False
0.40156492590904236,0.0015649199485778809,-0.0068781375885009766,-0.015356438234448433,0.0311279296875,-0.6467266082763672,0.04323990270495415,1.3939188718795776,0.2462603747844696,2.4548304080963135,0.042459726333618164,1.9939618110656738,5.0,5.0,0.4,315,5.25,False
0.4013708531856537,0.001370847225189209,-0.008340120315551758,-0.017170986160635948,0.029046297073364258,-0.6354094743728638,0.04738445580005646,1.4064992666244507,0.22730614244937897,2.4931206703186035,0.0018254071474075317,2.520486354827881,5.0,5.0,0.4,316,5.26667,False
0.4010677635669708,0.0010677576065063477,-0.009021282196044922,-0.018056057393550873,0.02787184715270996,-0.6188371181488037,0.03697489947080612,1.4150309562683105,0.04000641405582428,2.442807912826538,0.037612561136484146,-0.7507796287536621,5.0,5.0,0.4,317,5.28333,False
0.4008462131023407,0.0008462071418762207,-0.008566617965698242,-0.01768057607114315,0.028037071228027344,-0.6188742518424988,0.04510801285505295,1.4232054948806763,0.0017827823758125305,2.5178329944610596,0.0070898085832595825,0.23395143449306488,5.0,5.0,0.4,318,5.3,False
0.40078818798065186,0.0007881820201873779,-0.008770227432250977,-0.018038921058177948,0.02741241455078125,-0.6209472417831421,0.045738086104393005,1.4227418899536133,0.05291760712862015,2.4907937049865723,0.0033458934631198645,1.7223882675170898,5.0,5.0,0.4,319,5.31667,False
0.40086913108825684,0.0008691251277923584,-0.009232759475708008,-0.01867927424609661,0.026444196701049805,-0.6158710718154907,0.042266082018613815,1.4163167476654053,0.11649972200393677,2.434614658355713,0.00719877053052187,2.7387444972991943,5.0,5.0,0.4,320,5.33333,False
0.4009036123752594,0.0009036064147949219,-0.009106874465942383,-0.018577858805656433,0.02616143226623535,-0.6094968914985657,0.038773223757743835,1.4024266004562378,-0.010443471372127533,2.3799095153808594,0.01910722814500332,1.7247169017791748,5.0,5.0,0.4,321,5.35,False
0.4010542035102844,0.0010541975498199463,-0.008253097534179688,-0.017670627683401108,0.026732206344604492,-0.6129431128501892,0.019888969138264656,1.3920602798461914,-0.06778687238693237,2.4458189010620117,0.00763231236487627,2.340561866760254,5.0,5.0,0.4,322,5.36667,False
0.4012160897254944,0.0012160837650299072,-0.007518291473388672,-0.016960354521870613,0.027158260345458984,-0.624889075756073,0.038559768348932266,1.385324478149414,-0.027349498122930527,2.4715278148651123,0.002296129474416375,2.322794198989868,5.0,5.0,0.4,323,5.38333,False
0.4013177454471588,0.001317739486694336,-0.007714271545410156,-0.017381766811013222,0.026441574096679688,-0.62373948097229,0.044152263551950455,1.3779401779174805,0.029125403612852097,2.484854221343994,0.0033670077100396156,0.5111504793167114,5.0,5.0,0.4,324,5.4,False
0.4013582170009613,0.0013582110404968262,-0.00814366340637207,-0.018051354214549065,0.025431156158447266,-0.6193934679031372,0.03604765608906746,1.3800498247146606,0.062343377619981766,2.514190196990967,0.001964033115655184,0.8067420721054077,5.0,5.0,0.4,325,5.41667,False
0.4013756513595581,0.001375645399093628,-0.008112668991088867,-0.018068522214889526,0.024936914443969727,-0.6136245727539062,0.03994591161608696,1.379045009613037,-0.10110355913639069,2.489123821258545,0.027343222871422768,-1.6115424633026123,5.0,5.0,0.4,326,5.43333,False
0.4014570713043213,0.0014570653438568115,-0.007993698120117188,-0.0179880503565073,0.024545907974243164,-0.6135495901107788,0.0443265363574028,1.3711481094360352,-0.10202255845069885,2.5410666465759277,0.0026989015750586987,-0.06255507469177246,5.0,5.0,0.4,327,5.45,False
0.4015940725803375,0.0015940666198730469,-0.007292509078979492,-0.017154555767774582,0.024808168411254883,-0.62096107006073,0.03384621441364288,1.3624684810638428,-0.05880357697606087,2.5423710346221924,0.001869581756182015,2.0075783729553223,5.0,5.0,0.4,328,5.46667,False
0.4016389846801758,0.0016389787197113037,-0.006836652755737305,-0.016643377020955086,0.024829864501953125,-0.6227669715881348,0.04938391596078873,1.347522258758545,-0.15724211931228638,2.4754481315612793,0.014168821275234222,1.0013389587402344,5.0,5.0,0.4,329,5.48333,False
0.4017866551876068,0.001786649227142334,-0.0060575008392333984,-0.01580529846251011,0.02516937255859375,-0.6276373267173767,0.04033061861991882,1.34640371799469,-0.013561230152845383,2.522386312484741,0.022847389802336693,1.2233949899673462,5.0,5.0,0.4,330,5.5,False
0.4018482267856598,0.0018482208251953125,-0.005213022232055664,-0.014963946305215359,0.02557969093322754,-0.6385912299156189,0.03736758232116699,1.3573379516601562,0.021643849089741707,2.524390459060669,0.0012434142408892512,2.7566561698913574,5.0,5.0,0.4,331,5.51667,False
0.4018101096153259,0.0018101036548614502,-0.004777431488037109,-0.014777235686779022,0.025483131408691406,-0.6512687802314758,0.03539961576461792,1.3711843490600586,0.1445068120956421,2.4740421772003174,0.017630258575081825,4.103248596191406,5.0,5.0,0.4,332,5.53333,False
0.4016282856464386,0.001628279685974121,-0.0049397945404052734,-0.015525082126259804,0.02464771270751953,-0.6538981199264526,0.03953476995229721,1.383349061012268,0.17465893924236298,2.5108799934387207,0.0022661753464490175,3.346190929412842,5.0,5.0,0.4,333,5.55,False
0.40127938985824585,0.001279383897781372,-0.005130767822265625,-0.016349785029888153,0.023759126663208008,-0.6540498733520508,0.04413007199764252,1.3933247327804565,0.1390329748392105,2.4447741508483887,0.005639191716909409,4.3170342445373535,5.0,5.0,0.4,334,5.56667,False
0.40088680386543274,0.0008867979049682617,-0.005843639373779297,-0.017995169386267662,0.02221536636352539,-0.6502538919448853,0.04492597281932831,1.4041600227355957,0.2540538012981415,2.4328362941741943,0.013372302986681461,4.558535575866699,5.0,5.0,0.4,335,5.58333,False
0.40038231015205383,0.00038230419158935547,-0.0067636966705322266,-0.019840363413095474,0.020418882369995117,-0.6372586488723755,0.04370205104351044,1.4141676425933838,0.14929388463497162,2.355051279067993,0.01702514849603176,2.4588675498962402,5.0,5.0,0.4,336,5.6,False
0.3999904990196228,-9.506940841674805e-06,-0.00726771354675293,-0.020942162722349167,0.0190887451171875,-0.6239138245582581,0.03545744717121124,1.4154130220413208,0.07859437167644501,2.3534932136535645,0.005000848788768053,1.942362666130066,5.0,5.0,0.4,337,5.61667,False
0.3997569978237152,-0.00024300813674926758,-0.007401704788208008,-0.02136734500527382,0.018210887908935547,-0.614628255367279,0.042512282729148865,1.4059869050979614,-0.07567031681537628,2.3887441158294678,0.025040220469236374,0.30147552490234375,5.0,5.0,0.4,338,5.63333,False
0.3997379541397095,-0.0002620518207550049,-0.006621360778808594,-0.020306941121816635,0.018419504165649414,-0.6121014952659607,0.0427287295460701,1.389665126800537,-0.11478053033351898,2.431898832321167,0.0033919382840394974,2.1176130771636963,5.0,5.0,0.4,339,5.65,False
0.399892657995224,-0.00010734796524047852,-0.005719900131225586,-0.019081996753811836,0.01872563362121582,-0.6230881214141846,0.04217177629470825,1.3891922235488892,0.1370740681886673,2.519735097885132,0.07114595174789429,5.0,5.0,5.0,0.4,340,5.66667,False
0.3999985456466675,-1.4603137969970703e-06,-0.005051374435424805,-0.018307378515601158,0.018747806549072266,-0.6302706003189087,0.056009188294410706,1.393082618713379,0.10239000618457794,2.4844958782196045,0.0024447867181152105,4.241013526916504,5.0,5.0,0.4,341,5.68333,False
0.4000289738178253,2.8967857360839844e-05,-0.004437446594238281,-0.017493082210421562,0.01871776580810547,-0.6306989789009094,0.043773725628852844,1.3911563158035278,-0.10712666809558868,2.429710865020752,0.04689863696694374,-1.1758530139923096,5.0,5.0,0.4,342,5.7,False
0.40012410283088684,0.00012409687042236328,-0.0041081905364990234,-0.017269473522901535,0.018290281295776367,-0.6395086646080017,0.047269389033317566,1.4093695878982544,0.16449902951717377,2.588092088699341,0.09886513650417328,2.4095168113708496,5.0,5.0,0.4,343,5.71667,False
0.40003493428230286,3.4928321838378906e-05,-0.0043375492095947266,-0.018273085355758667,0.017162322998046875,-0.6348989605903625,0.05786322057247162,1.4389772415161133,0.2815859913825989,2.4658420085906982,0.028654439374804497,0.7631230354309082,5.0,5.0,0.4,344,5.73333,False
0.3996782898902893,-0.0003217160701751709,-0.004745960235595703,-0.019489334896206856,0.01582026481628418,-0.6224526166915894,0.04892660677433014,1.4631401300430298,0.16268132627010345,2.3236589431762695,0.03435434401035309,-0.7645425796508789,5.0,5.0,0.4,345,5.75,False
0.3992854654788971,-0.0007145404815673828,-0.005186796188354492,-0.020707877352833748,0.01439809799194336,-0.605905294418335,0.050670549273490906,1.476279616355896,0.11996868252754211,2.4500434398651123,0.017797410488128662,-2.790640354156494,5.0,5.0,0.4,346,5.76667,False
0.39906734228134155,-0.0009326636791229248,-0.005163431167602539,-0.020962540060281754,0.013540267944335938,-0.5958602428436279,0.053206637501716614,1.4824138879776,-0.0071944184601306915,2.454573392868042,0.016190974041819572,-2.429492473602295,5.0,5.0,0.4,347,5.78333,False
0.3990914225578308,-0.000908583402633667,-0.004726409912109375,-0.020363429561257362,0.013146400451660156,-0.5936899185180664,0.0640367716550827,1.4853318929672241,0.05466483160853386,2.423818588256836,0.0047724246978759766,0.9423928260803223,5.0,5.0,0.4,348,5.8,False
0.3992827236652374,-0.0007172822952270508,-0.0043926239013671875,-0.019856439903378487,0.012618064880371094,-0.5927684307098389,0.06139543652534485,1.4879162311553955,0.03732039034366608,2.4674370288848877,0.0022033979184925556,1.1200284957885742,5.0,5.0,0.4,349,5.81667,False
0.3996003568172455,-0.00039964914321899414,-0.004142045974731445,-0.01940925233066082,0.011977434158325195,-0.5926629304885864,0.05915665626525879,1.4830743074417114,0.009633924812078476,2.4338128566741943,0.0018971252720803022,1.0012619495391846,5.0,5.0,0.4,350,5.83333,False
0.39998018741607666,-1.9818544387817383e-05,-0.0038537979125976562,-0.018976949155330658,0.011390209197998047,-0.5916166305541992,0.06695088744163513,1.469448208808899,-0.012840967625379562,2.4451823234558105,0.0006343855638988316,1.1014727354049683,5.0,5.0,0.4,351,5.85,False
0.4003821015357971,0.0003820955753326416,-0.0035507678985595703,-0.018293051049113274,0.010799169540405273,-0.598390519618988,0.05591544508934021,1.4656982421875,0.008201409131288528,2.4837687015533447,0.0019316901452839375,2.250257968902588,5.0,5.0,0.4,352,5.86667,False
0.4006299078464508,0.0006299018859863281,-0.003347158432006836,-0.017801333218812943,0.010102272033691406,-0.5971860885620117,0.05613088607788086,1.4526286125183105,-0.10585494339466095,2.423799753189087,0.01660512574017048,1.4470791816711426,5.0,5.0,0.4,353,5.88333,False
0.40076568722724915,0.000765681266784668,-0.0030417442321777344,-0.01683647185564041,0.009526968002319336,-0.6067898273468018,0.0628170371055603,1.4407726526260376,0.04173385351896286,2.49067759513855,0.02625509724020958,4.519320964813232,5.0,5.0,0.4,354,5.9,False
0.4008040130138397,0.0008040070533752441,-0.0026912689208984375,-0.015776729211211205,0.008992195129394531,-0.6140579581260681,0.059402137994766235,1.4334088563919067,0.11458036303520203,2.5370090007781982,0.007453213445842266,4.858246803283691,5.0,5.0,0.4,355,5.91667,False
0.400727778673172,0.0007277727127075195,-0.00262451171875,-0.015947306528687477,0.008118629455566406,-0.621089518070221,0.06767204403877258,1.4446032047271729,0.12038952112197876,2.4786148071289062,0.0034436280839145184,0.7984042167663574,5.0,5.0,0.4,356,5.93333,False
0.4006921947002411,0.0006921887397766113,-0.002789735794067383,-0.017166541889309883,0.0069446563720703125,-0.6080983877182007,0.060050904750823975,1.4519574642181396,0.07858914881944656,2.5383522510528564,0.005315833259373903,0.03321576118469238,5.0,5.0,0.4,357,5.95,False
0.400614470243454,0.000614464282989502,-0.0026755332946777344,-0.01730157621204853,0.006103992462158203,-0.5973289012908936,0.0562129020690918,1.4483118057250977,-0.08983640372753143,2.5189125537872314,0.028745070099830627,-1.859765887260437,5.0,5.0,0.4,358,5.96667,False
0.4006539285182953,0.0006539225578308105,-0.0025680065155029297,-0.01733107678592205,0.005244016647338867,-0.5964813232421875,0.05861702561378479,1.4526970386505127,0.11199098825454712,2.4960713386535645,0.04125601425766945,0.47234082221984863,5.0,5.0,0.4,359,5.98333,False
0.40078291296958923,0.0007829070091247559,-0.002536773681640625,-0.01774575188755989,0.004283905029296875,-0.5870189666748047,0.05353301763534546,1.4548512697219849,0.0737006813287735,2.4916539192199707,0.0014856611378490925,0.13280677795410156,5.0,5.0,0.4,360,6.0,False
0.4009254574775696,0.0009254515171051025,-0.0024290084838867188,-0.01775340922176838,0.003414630889892578,-0.5784831047058105,0.0629531741142273,1.4485548734664917,-0.0319288931787014,2.444115400314331,0.013417518697679043,-0.5299346446990967,5.0,5.0,0.4,361,6.01667,False
0.40114179253578186,0.0011417865753173828,-0.0022919178009033203,-0.01715732552111149,0.002586841583251953,-0.5755922794342041,0.058651119470596313,1.4349225759506226,-0.06904907524585724,2.5278983116149902,0.008397484198212624,0.2852649688720703,5.0,5.0,0.4,362,6.03333,False
0.40146785974502563,0.0014678537845611572,-0.0021893978118896484,-0.01615835167467594,0.0017206668853759766,-0.5786542296409607,0.06331372261047363,1.4166021347045898,-0.1285662204027176,2.5329573154449463,0.0035678839776664972,0.5092077255249023,5.0,5.0,0.4,363,6.05,False
0.401908814907074,0.001908808946609497,-0.002096414566040039,-0.015192244201898575,0.0008609294891357422,-0.5868234634399414,0.062453120946884155,1.3985334634780884,-0.027710329741239548,2.490122079849243,0.012006767094135284,2.191761016845703,5.0,5.0,0.4,364,6.06667,False
0.4023354649543762,0.002335458993911743,-0.001972198486328125,-0.014382947236299515,3.981590270996094e-05,-0.5928555727005005,0.05626952648162842,1.3916436433792114,0.0010423846542835236,2.5267527103424072,0.002168521750718355,3.601158380508423,5.0,5.0,0.4,365,6.08333,False
0.4025743305683136,0.002574324607849121,-0.0018877983093261719,-0.01330932229757309,-0.0008263587951660156,-0.599635124206543,0.058316946029663086,1.392606496810913,-0.062114167958498,2.4818921089172363,0.006001223810017109,1.7600104808807373,5.0,5.0,0.4,366,6.1,False
0.4027806520462036,0.0027806460857391357,-0.0017919540405273438,-0.01262030377984047,-0.0016798973083496094,-0.6147649884223938,0.05439424514770508,1.3941104412078857,-0.0360705591738224,2.4813754558563232,0.000678536482155323,2.6193928718566895,5.0,5.0,0.4,367,6.11667,False
0.4028095304965973,0.0028095245361328125,-0.0016422271728515625,-0.01249503344297409,-0.0024635791778564453,-0.6234614253044128,0.0427556037902832,1.3877009153366089,0.027367273345589638,2.4890048503875732,0.0040825665928423405,3.425609588623047,5.0,5.0,0.4,368,6.13333,False
0.4026883840560913,0.002688378095626831,-0.0014369487762451172,-0.013150193728506565,-0.00318145751953125,-0.6283681988716125,0.041458964347839355,1.3990249633789062,0.16513685882091522,2.4679436683654785,0.01942403055727482,3.711069345474243,5.0,5.0,0.4,369,6.15,False
0.40233317017555237,0.0023331642150878906,-0.0011489391326904297,-0.014413204044103622,-0.003809690475463867,-0.6286996006965637,0.039356529712677,1.4133986234664917,0.2753196656703949,2.4709787368774414,0.012149462476372719,5.0,5.0,5.0,0.4,370,6.16667,False
0.4018774628639221,0.0018774569034576416,-0.0007264614105224609,-0.015855267643928528,-0.004284858703613281,-0.6207208037376404,0.038771748542785645,1.428966999053955,0.15453524887561798,2.4352688789367676,0.015864070504903793,2.3525638580322266,5.0,5.0,0.4,371,6.18333,False
0.4014560580253601,0.0014560520648956299,-0.0002486705780029297,-0.017125150188803673,-0.004698514938354492,-0.6048099994659424,0.03341221809387207,1.4363741874694824,0.06049978733062744,2.474966526031494,0.010418570600450039,1.3799573183059692,5.0,5.0,0.4,372,6.2,False
0.40110018849372864,0.0011001825332641602,0.0001842975616455078,-0.017478305846452713,-0.005170106887817383,-0.5988954901695251,0.02231431007385254,1.4455052614212036,0.06549035757780075,2.5111606121063232,0.0013349176151677966,1.752111554145813,5.0,5.0,0.4,373,6.21667,False
0.40105563402175903,0.0010556280612945557,0.0006411075592041016,-0.017674844712018967,-0.0056149959564208984,-0.5986875891685486,0.03667283058166504,1.4540760517120361,0.02269117347896099,2.434312105178833,0.007737462874501944,-0.0047806501388549805,5.0,5.0,0.4,374,6.23333,False
0.4011118412017822,0.001111835241317749,0.0012187957763671875,-0.01816581003367901,-0.005911588668823242,-0.5942527055740356,0.03987663984298706,1.457956314086914,0.11282883584499359,2.4193804264068604,0.008347752504050732,2.90554141998291,5.0,5.0,0.4,375,6.25,False
0.4011860191822052,0.0011860132217407227,0.0017282962799072266,-0.01818075031042099,-0.006281852722167969,-0.58513343334198,0.03171396255493164,1.4523720741271973,0.05118076503276825,2.452867031097412,0.004921837244182825,1.4263811111450195,5.0,5.0,0.4,376,6.26667,False
0.4013534188270569,0.0013534128665924072,0.0019981861114501953,-0.017412589862942696,-0.006940126419067383,-0.5916508436203003,0.035205185413360596,1.4531114101409912,-0.050301384180784225,2.4376168251037598,0.010531196370720863,0.5928549766540527,5.0,5.0,0.4,377,6.28333,False
0.4016118049621582,0.0016117990016937256,0.002413034439086914,-0.017376087605953217,-0.007415056228637695,-0.5988930463790894,0.03782898187637329,1.4478834867477417,0.023843012750148773,2.4914209842681885,0.008392278105020523,2.170555353164673,5.0,5.0,0.4,378,6.3,False
0.4018106758594513,0.0018106698989868164,0.002987384796142578,-0.01793827675282955,-0.007689714431762695,-0.5983283519744873,0.03526425361633301,1.4384806156158447,0.07649696618318558,2.521735429763794,0.0036914043594151735,3.203751564025879,5.0,5.0,0.4,379,6.31667,False
0.40184473991394043,0.0018447339534759521,0.0034050941467285156,-0.018118929117918015,-0.008139610290527344,-0.5940408110618591,0.03731900453567505,1.427654504776001,0.019647035747766495,2.4377987384796143,0.010277282446622849,2.7589709758758545,5.0,5.0,0.4,380,6.33333,False
0.4019111096858978,0.0019111037254333496,0.0035932064056396484,-0.01750187762081623,-0.008859872817993164,-0.5989717841148376,0.03271716833114624,1.4163199663162231,-0.0749063640832901,2.46659779548645,0.009769730269908905,2.607255458831787,5.0,5.0,0.4,381,6.35,False
0.4020543396472931,0.0020543336868286133,0.0038361549377441406,-0.017202259972691536,-0.009490728378295898,-0.6061218976974487,0.04184085130691528,1.4047852754592896,-0.0033822841942310333,2.523085117340088,0.008306511677801609,0.9252352118492126,5.0,5.0,0.4,382,6.36667,False
0.40212175250053406,0.00212174654006958,0.004120349884033203,-0.017298266291618347,-0.010065317153930664,-0.607792854309082,0.04047119617462158,1.3953462839126587,0.02834417298436165,2.5164635181427,0.0010504137026146054,1.98592209815979,5.0,5.0,0.4,383,6.38333,False
0.4021860659122467,0.0021860599517822266,0.004191398620605469,-0.01700807549059391,-0.010879993438720703,-0.6097338199615479,0.038039445877075195,1.3820061683654785,-0.04832809045910835,2.49764347076416,0.0062328302301466465,1.6616830825805664,5.0,5.0,0.4,384,6.4,False
0.40227267146110535,0.002272665500640869,0.0042266845703125,-0.016583092510700226,-0.011723756790161133,-0.6160096526145935,0.044268667697906494,1.3661359548568726,-0.052986565977334976,2.5022318363189697,4.27544946433045e-05,1.625617504119873,5.0,5.0,0.4,385,6.41667,False
0.4023510813713074,0.0023510754108428955,0.004171133041381836,-0.016206400468945503,-0.012645244598388672,-0.625543475151062,0.03545862436294556,1.3580561876296997,0.035812389105558395,2.547001838684082,0.009889607317745686,2.1559786796569824,5.0,5.0,0.4,386,6.43333,False
0.402296245098114,0.002296239137649536,0.004324436187744141,-0.016306031495332718,-0.013318300247192383,-0.6264521479606628,0.043519437313079834,1.3526116609573364,-0.05409443750977516,2.46055269241333,0.015556692145764828,1.3716882467269897,5.0,5.0,0.4,387,6.45,False
0.40214434266090393,0.002144336700439453,0.0040705204010009766,-0.015595543198287487,-0.014469146728515625,-0.6319396495819092,0.033802568912506104,1.3442152738571167,-0.053598273545503616,2.46065616607666,2.568854711171298e-07,2.660883903503418,5.0,5.0,0.4,388,6.46667,False
0.40195855498313904,0.0019585490226745605,0.0042133331298828125,-0.015814917162060738,-0.015120506286621094,-0.647189736366272,0.03945547342300415,1.3497337102890015,0.2009996920824051,2.5526015758514404,0.07327408343553543,3.895585775375366,5.0,5.0,0.4,389,6.48333,False
0.40158402919769287,0.0015840232372283936,0.0048370361328125,-0.016987647861242294,-0.015196561813354492,-0.6450945138931274,0.03469038009643555,1.3537757396697998,0.22312423586845398,2.445439577102661,0.011973190121352673,4.851552486419678,5.0,5.0,0.4,390,6.5,False
0.4011523723602295,0.0011523663997650146,0.005669832229614258,-0.01850355789065361,-0.015013933181762695,-0.6350346207618713,0.03406167030334473,1.366329550743103,0.10824500024318695,2.471959352493286,0.01390053704380989,1.8920938968658447,5.0,5.0,0.4,391,6.51667,False
0.4007822871208191,0.0007822811603546143,0.006461620330810547,-0.019683508202433586,-0.014862537384033203,-0.6218357682228088,0.032165467739105225,1.3705461025238037,0.027554575353860855,2.5095043182373047,0.007920569740235806,-0.22200655937194824,5.0,5.0,0.4,392,6.53333,False
0.40052109956741333,0.0005210936069488525,0.0066683292388916016,-0.01980401948094368,-0.015427350997924805,-0.6157589554786682,0.030764520168304443,1.364006519317627,-0.09290093183517456,2.4765453338623047,0.015595822595059872,-1.1035727262496948,5.0,5.0,0.4,393,6.55,False
0.40049803256988525,0.0004980266094207764,0.006823301315307617,-0.019866956397891045,-0.016013383865356445,-0.6155228018760681,0.034644365310668945,1.3604413270950317,0.10333722829818726,2.470608949661255,0.038544658571481705,0.6896131038665771,5.0,5.0,0.4,394,6.56667,False
0.40049225091934204,0.0004922449588775635,0.007272005081176758,-0.02034221589565277,-0.01622796058654785,-0.6093246340751648,0.03847157955169678,1.3565781116485596,0.11939899623394012,2.478879928588867,0.0003263895050622523,1.1011269092559814,5.0,5.0,0.4,395,6.58333,False
0.40049752593040466,0.0004975199699401855,0.007174253463745117,-0.019875258207321167,-0.017116308212280273,-0.5998101234436035,0.03329521417617798,1.3398252725601196,-0.17702731490135193,2.412137031555176,0.09232316166162491,-1.5690536499023438,5.0,5.0,0.4,396,6.6,False
0.4006003737449646,0.0006003677845001221,0.006888628005981445,-0.019194066524505615,-0.018181324005126953,-0.6033453941345215,0.041021764278411865,1.3335119485855103,-0.023021753877401352,2.545834541320801,0.041592732071876526,1.1055054664611816,5.0,5.0,0.4,397,6.61667,False
0.40078675746917725,0.0007867515087127686,0.006263017654418945,-0.017998896539211273,-0.01964282989501953,-0.6089333295822144,0.04281514883041382,1.3299837112426758,-0.07170332968235016,2.5488972663879395,0.002379276091232896,1.3659634590148926,5.0,5.0,0.4,398,6.63333,False
0.4009110629558563,0.0009110569953918457,0.00553131103515625,-0.016758475452661514,-0.021209716796875,-0.6217953562736511,0.049665212631225586,1.3276419639587402,0.05027185380458832,2.473721742630005,0.020529303699731827,4.347627639770508,5.0,5.0,0.4,399,6.65,False
0.400912344455719,0.0009123384952545166,0.005616664886474609,-0.016835123300552368,-0.021788597106933594,-0.6270900964736938,0.03751552104949951,1.331208348274231,0.0964614599943161,2.5258078575134277,0.004846443422138691,-0.8635625839233398,5.0,5.0,0.4,400,6.66667,False
0.4007990062236786,0.0007990002632141113,0.00574183464050293,-0.017046453431248665,-0.022307157516479492,-0.6289433240890503,0.048081934452056885,1.342496395111084,0.02227703481912613,2.502779006958008,0.006033657118678093,0.4451674222946167,5.0,5.0,0.4,401,6.68333,False
0.4006889760494232,0.0006889700889587402,0.006205558776855469,-0.01765614002943039,-0.022428274154663086,-0.6281715035438538,0.05031752586364746,1.3471490144729614,0.07355391979217529,2.4687185287475586,0.003789435140788555,1.665961503982544,5.0,5.0,0.4,402,6.7,False
0.4005645513534546,0.0005645453929901123,0.0066640377044677734,-0.018309257924556732,-0.022510290145874023,-0.6285989880561829,0.038086652755737305,1.3542250394821167,0.08699794113636017,2.4936788082122803,0.0008037572843022645,2.051436424255371,5.0,5.0,0.4,403,6.71667,False
0.4003394842147827,0.0003394782543182373,0.007237672805786133,-0.019073139876127243,-0.02248215675354004,-0.6199262738227844,0.03803360462188721,1.3441828489303589,-0.014398660510778427,2.4084932804107666,0.01753784529864788,0.9264388680458069,5.0,5.0,0.4,404,6.73333,False
0.40020787715911865,0.0002078711986541748,0.007152557373046875,-0.018934888765215874,-0.023211002349853516,-0.6203044652938843,0.041885972023010254,1.3312156200408936,0.0397552028298378,2.4526913166046143,0.0048861075192689896,1.8119547367095947,5.0,5.0,0.4,405,6.75,False
0.4001277983188629,0.0001277923583984375,0.007094383239746094,-0.0188777856528759,-0.02387547492980957,-0.6232917308807373,0.047634124755859375,1.3241664171218872,0.14939206838607788,2.514908790588379,0.01589125581085682,2.780252695083618,5.0,5.0,0.4,406,6.76667,False
0.4000454246997833,4.5418739318847656e-05,0.0068531036376953125,-0.01859406568109989,-0.024765729904174805,-0.6236625909805298,0.048092007637023926,1.320874810218811,0.1273331344127655,2.4441819190979004,0.005488886963576078,4.595905303955078,5.0,5.0,0.4,407,6.78333,False
0.4000753164291382,7.531046867370605e-05,0.006694793701171875,-0.018386494368314743,-0.0254976749420166,-0.6226706504821777,0.043671607971191406,1.3212133646011353,0.09872934222221375,2.53055739402771,0.00827889982610941,0.8794722557067871,5.0,5.0,0.4,408,6.8,False
0.4000554084777832,5.5402517318725586e-05,0.006409406661987305,-0.01800464652478695,-0.02635049819946289,-0.6244537234306335,0.044944941997528076,1.3370171785354614,0.08558093011379242,2.540566921234131,0.0002730713749770075,3.452609062194824,5.0,5.0,0.4,409,6.81667,False
0.3999917507171631,-8.255243301391602e-06,0.005910634994506836,-0.017350535839796066,-0.027515649795532227,-0.6251953840255737,0.042749881744384766,1.340779423713684,-0.0935332179069519,2.451498508453369,0.04001506045460701,2.1255083084106445,5.0,5.0,0.4,410,6.83333,False
0.4000457525253296,4.5746564865112305e-05,0.006156444549560547,-0.01763761043548584,-0.02771139144897461,-0.6353108882904053,0.03942173719406128,1.3516496419906616,0.26510149240493774,2.492130994796753,0.130269855260849,5.0,5.0,5.0,0.4,411,6.85,False
0.3998716473579407,-0.0001283586025238037,0.007151126861572266,-0.01869533769786358,-0.026989221572875977,-0.6262004375457764,0.03884607553482056,1.3640238046646118,0.30099543929100037,2.41654372215271,0.007001811172813177,5.0,5.0,5.0,0.4,412,6.86667,False
0.39955559372901917,-0.0004444122314453125,0.006804466247558594,-0.018109818920493126,-0.027903079986572266,-0.6193957328796387,0.03773820400238037,1.3726874589920044,-0.07113155722618103,2.3210272789001465,0.1476018875837326,2.4099395275115967,5.0,5.0,0.4,413,6.88333,False
0.3992912173271179,-0.0007087886333465576,0.006650686264038086,-0.017855355516076088,-0.028545856475830078,-0.6314993500709534,0.038535237312316895,1.379906415939331,0.13974952697753906,2.486337661743164,0.07179835438728333,3.5292093753814697,5.0,5.0,0.4,414,6.9,False
0.3991227149963379,-0.0008772909641265869,0.0074656009674072266,-0.01870265230536461,-0.028038978576660156,-0.6282075643539429,0.038360536098480225,1.3961126804351807,0.11271610856056213,2.4737308025360107,0.0008897386724129319,0.9078617095947266,5.0,5.0,0.4,415,6.91667,False
0.3989509642124176,-0.001049041748046875,0.008518457412719727,-0.01974421739578247,-0.027196168899536133,-0.6175552606582642,0.04283326864242554,1.4164468050003052,0.2211558222770691,2.3793017864227295,0.020676009356975555,3.6903076171875,5.0,5.0,0.4,416,6.93333,False
0.398712158203125,-0.0012878477573394775,0.009133577346801758,-0.020199041813611984,-0.026871442794799805,-0.6052258014678955,0.035793960094451904,1.4333292245864868,0.07649608701467514,2.4141855239868164,0.02214331179857254,0.47390079498291016,5.0,5.0,0.4,417,6.95,False
0.3986732065677643,-0.0013267993927001953,0.008917808532714844,-0.01973932422697544,-0.02753281593322754,-0.6073897480964661,0.04429340362548828,1.4429478645324707,-0.09374967217445374,2.4304096698760986,0.029246844351291656,-1.2686704397201538,5.0,5.0,0.4,418,6.96667,False
0.3988654613494873,-0.0011345446109771729,0.009426116943359375,-0.02005014196038246,-0.027333736419677734,-0.6060099601745605,0.05253779888153076,1.4402565956115723,0.07348014414310455,2.4339282512664795,0.027978193014860153,0.8266777992248535,5.0,5.0,0.4,419,6.98333,False
0.3990844190120697,-0.0009155869483947754,0.00946950912475586,-0.01988299936056137,-0.02762627601623535,-0.60413658618927,0.04437282681465149,1.4409714937210083,0.049492429941892624,2.482321262359619,0.0029172939248383045,1.185579776763916,5.0,5.0,0.4,420,7.0,False
0.3992682099342346,-0.0007317960262298584,0.009960412979125977,-0.020149875432252884,-0.027408123016357422,-0.5987546443939209,0.04738658666610718,1.4336020946502686,-0.027656633406877518,2.3808534145355225,0.01624770276248455,0.5363144278526306,5.0,5.0,0.4,421,7.01667,False
0.39945006370544434,-0.0005499422550201416,0.00980830192565918,-0.019716570153832436,-0.02791571617126465,-0.5973727107048035,0.05176752805709839,1.4242799282073975,0.023868465796113014,2.48264741897583,0.013016855344176292,2.3808722496032715,5.0,5.0,0.4,422,7.03333,False
0.39965665340423584,-0.0003433525562286377,0.009528160095214844,-0.01919836737215519,-0.028543472290039062,-0.6022586226463318,0.054650574922561646,1.4219521284103394,0.03853343054652214,2.5625455379486084,0.006598770618438721,2.6691975593566895,5.0,5.0,0.4,423,7.05,False
0.3997780382633209,-0.0002219676971435547,0.00950765609741211,-0.01896318793296814,-0.02885890007019043,-0.6020667552947998,0.05358949303627014,1.4131476879119873,0.05900919437408447,2.4488983154296875,0.013334948569536209,3.696139097213745,5.0,5.0,0.4,424,7.06667,False
0.39985913038253784,-0.00014087557792663574,0.00922250747680664,-0.018465707078576088,-0.029443740844726562,-0.6033172607421875,0.05268704891204834,1.4040007591247559,0.00719543918967247,2.556428909301758,0.01424749381840229,3.357506036758423,5.0,5.0,0.4,425,7.08333,False
0.39994266629219055,-5.733966827392578e-05,0.009186744689941406,-0.018208559602499008,-0.0297088623046875,-0.6006991863250732,0.050677597522735596,1.3987047672271729,-0.009268168359994888,2.5389223098754883,0.0005775314057245851,-0.16740140318870544,5.0,5.0,0.4,426,7.1,False
0.4000074863433838,7.4803829193115234e-06,0.00876927375793457,-0.017573188990354538,-0.030415773391723633,-0.6030168533325195,0.04108834266662598,1.3993602991104126,0.07070445269346237,2.5276312828063965,0.00652310810983181,1.7066917419433594,5.0,5.0,0.4,427,7.11667,False
0.40016186237335205,0.00016185641288757324,0.00826120376586914,-0.016917068511247635,-0.031196117401123047,-0.6055379509925842,0.044599562883377075,1.3987114429473877,-0.03381386026740074,2.489610195159912,0.012369679287075996,-0.24439525604248047,5.0,5.0,0.4,428,7.13333,False
0.4003537893295288,0.00035378336906433105,0.008202791213989258,-0.016756994649767876,-0.031404733657836914,-0.6094905734062195,0.05239012837409973,1.3953055143356323,0.06903134286403656,2.485964775085449,0.010590425692498684,1.2177404165267944,5.0,5.0,0.4,429,7.15,False
0.4004482626914978,0.0004482567310333252,0.008463859558105469,-0.016928112134337425,-0.031229496002197266,-0.6109551787376404,0.04686366021633148,1.3916075229644775,0.07812151312828064,2.508143186569214,0.0005745131056755781,2.5458197593688965,5.0,5.0,0.4,430,7.16667,False
0.4004446268081665,0.00044462084770202637,0.008733034133911133,-0.01710880920290947,-0.031002044677734375,-0.6089423894882202,0.0508633553981781,1.3874976634979248,0.03890103101730347,2.470677137374878,0.0029419511556625366,2.504578113555908,5.0,5.0,0.4,431,7.18333,False
0.40048685669898987,0.0004868507385253906,0.008884429931640625,-0.017167702317237854,-0.030937910079956055,-0.6109340190887451,0.04405321180820465,1.3856701850891113,0.011315789073705673,2.468677520751953,0.000764944008551538,3.1051535606384277,5.0,5.0,0.4,432,7.2,False
0.40051987767219543,0.000519871711730957,0.008262872695922852,-0.01649746671319008,-0.031729698181152344,-0.6157771944999695,0.04816608130931854,1.3780721426010132,-0.012465786188840866,2.4974279403686523,0.001392149948514998,3.3961384296417236,5.0,5.0,0.4,433,7.21667,False
0.400509238243103,0.0005092322826385498,0.008076906204223633,-0.016334697604179382,-0.031995296478271484,-0.6202454566955566,0.03253662586212158,1.3772135972976685,0.050175707787275314,2.4929628372192383,0.003943894058465958,-1.3102095127105713,5.0,5.0,0.4,434,7.23333,False
0.40055912733078003,0.0005591213703155518,0.008251190185546875,-0.01656675711274147,-0.031819820404052734,-0.6218768954277039,0.04312840849161148,1.383500576019287,-0.041223395615816116,2.4905478954315186,0.008359627798199654,-1.1684510707855225,5.0,5.0,0.4,435,7.25,False
0.40065476298332214,0.000654757022857666,0.008205413818359375,-0.01658743992447853,-0.03188967704772949,-0.6208130717277527,0.03265049308538437,1.3783185482025146,-0.04500738903880119,2.4902102947235107,1.4432580428547226e-05,-0.39505982398986816,5.0,5.0,0.4,436,7.26667,False
0.4007924497127533,0.0007924437522888184,0.008493423461914062,-0.016983311623334885,-0.0315089225769043,-0.6248436570167542,0.038960397243499756,1.3852734565734863,0.053817834705114365,2.513061046600342,0.010288582183420658,0.03078460693359375,5.0,5.0,0.4,437,7.28333,False
0.40081819891929626,0.0008181929588317871,0.008994579315185547,-0.017560379579663277,-0.03088521957397461,-0.6195118427276611,0.040375206619501114,1.3789595365524292,-0.0508425347507,2.436711549758911,0.016783040016889572,0.14011192321777344,5.0,5.0,0.4,438,7.3,False
0.400832861661911,0.0008328557014465332,0.009377717971801758,-0.017995182424783707,-0.030376672744750977,-0.6181973218917847,0.04705190286040306,1.3721553087234497,0.10625819861888885,2.495979070663452,0.028193281963467598,2.22078013420105,5.0,5.0,0.4,439,7.31667,False
0.4008204936981201,0.0008204877376556396,0.009636878967285156,-0.018275868147611618,-0.029967308044433594,-0.6133416891098022,0.04750092327594757,1.366085171699524,0.06489939987659454,2.5495479106903076,0.004580170847475529,2.290611743927002,5.0,5.0,0.4,440,7.33333,False
0.40076112747192383,0.0007611215114593506,0.009365320205688477,-0.017992336302995682,-0.030196666717529297,-0.6117175221443176,0.04655325785279274,1.3586405515670776,-0.030915584415197372,2.4913253784179688,0.012570375576615334,1.9217803478240967,5.0,5.0,0.4,441,7.35,False
0.4007713198661804,0.0007713139057159424,0.008874893188476562,-0.017512109130620956,-0.030656814575195312,-0.6159554123878479,0.04491186887025833,1.3587932586669922,-0.02909046784043312,2.550692319869995,0.003527764929458499,-0.9156360626220703,5.0,5.0,0.4,442,7.36667,False
0.4008922576904297,0.00089225172996521,0.008784770965576172,-0.01747598871588707,-0.030606746673583984,-0.6164295077323914,0.04213690757751465,1.353740930557251,-0.04937462881207466,2.542738914489746,0.0004747038474306464,0.9399871826171875,5.0,5.0,0.4,443,7.38333,False
0.40091612935066223,0.0009161233901977539,0.008382797241210938,-0.01712103933095932,-0.030936241149902344,-0.619429349899292,0.04060336947441101,1.3439794778823853,0.025693271309137344,2.459463119506836,0.012570047751069069,2.170539379119873,5.0,5.0,0.4,444,7.4,False
0.40094709396362305,0.0009470880031585693,0.008619546890258789,-0.017452340573072433,-0.030439138412475586,-0.6218529939651489,0.03885860741138458,1.3459256887435913,0.12326109409332275,2.4996073246002197,0.011131037957966328,1.605656623840332,5.0,5.0,0.4,445,7.41667,False
0.40087762475013733,0.0008776187896728516,0.009326934814453125,-0.018229477107524872,-0.02936100959777832,-0.6130664944648743,0.040237680077552795,1.3479187488555908,0.0700376108288765,2.492279052734375,0.0028864427004009485,-0.12477660179138184,5.0,5.0,0.4,446,7.43333,False
0.4007716774940491,0.0007716715335845947,0.00904226303100586,-0.017919104546308517,-0.02949666976928711,-0.6087871193885803,0.03610867261886597,1.344231367111206,-0.09562921524047852,2.4957003593444824,0.02745719999074936,-0.5151166915893555,5.0,5.0,0.4,447,7.45,False
0.40075668692588806,0.000756680965423584,0.008521556854248047,-0.017364170402288437,-0.02987074851989746,-0.6140385270118713,0.05186431109905243,1.3363827466964722,-0.10081692039966583,2.565033435821533,0.0048339879140257835,0.938305139541626,5.0,5.0,0.4,448,7.46667,False
0.40087100863456726,0.0008710026741027832,0.008269548416137695,-0.017151836305856705,-0.02990555763244629,-0.6160638332366943,0.0472722053527832,1.3304535150527954,0.059166714549064636,2.5306830406188965,0.026774713769555092,2.878890037536621,5.0,5.0,0.4,449,7.48333,False
0.4009091258049011,0.0009091198444366455,0.007428169250488281,-0.016364295035600662,-0.030603647232055664,-0.6197320222854614,0.04501265287399292,1.3328214883804321,0.056559957563877106,2.4905331134796143,0.0016188118606805801,5.0,5.0,5.0,0.4,450,7.5,False
0.400844931602478,0.0008449256420135498,0.0058765411376953125,-0.014914389699697495,-0.03213691711425781,-0.6335492134094238,0.053995341062545776,1.3389649391174316,-0.043199893087148666,2.4291634559631348,0.013718262314796448,3.6493754386901855,5.0,5.0,0.4,451,7.51667,False
0.40082162618637085,0.0008216202259063721,0.006397247314453125,-0.015819363296031952,-0.03118729591369629,-0.6410478949546814,0.05464664101600647,1.351056694984436,0.10999107360839844,2.5086288452148438,0.029782220721244812,0.6822323799133301,5.0,5.0,0.4,452,7.53333,False
0.4006252586841583,0.0006252527236938477,0.007395267486572266,-0.017206434160470963,-0.02965688705444336,-0.6326413154602051,0.04254627227783203,1.3580896854400635,0.08750882744789124,2.457493305206299,0.0031202947720885277,0.08111739158630371,5.0,5.0,0.4,453,7.55,False
0.40035489201545715,0.0003548860549926758,0.008322954177856445,-0.01847514510154724,-0.02814340591430664,-0.6225059628486633,0.05475914478302002,1.3719793558120728,0.13132521510124207,2.4255897998809814,0.0029377094469964504,0.9776632785797119,5.0,5.0,0.4,454,7.56667,False
0.39999085664749146,-9.149312973022461e-06,0.009304046630859375,-0.019684800878167152,-0.026584148406982422,-0.6098597049713135,0.04309883713722229,1.3791298866271973,0.07651104778051376,2.4726812839508057,0.0052222004160285,-0.6727995872497559,5.0,5.0,0.4,455,7.58333,False
0.39976078271865845,-0.00023922324180603027,0.009509563446044922,-0.019960228353738785,-0.02594614028930664,-0.6025788187980652,0.04362383484840393,1.3776755332946777,-0.012163050472736359,2.4937374591827393,0.008306458592414856,-0.8395541310310364,5.0,5.0,0.4,456,7.6,False
0.3997555673122406,-0.00024443864822387695,0.009550333023071289,-0.0199920404702425,-0.02544999122619629,-0.5964950323104858,0.048843204975128174,1.3726017475128174,0.05336480587720871,2.544508218765259,0.006871569901704788,0.5490885972976685,5.0,5.0,0.4,457,7.61667,False
0.3998453617095947,-0.00015464425086975098,0.009247779846191406,-0.01956443302333355,-0.025371074676513672,-0.5918554067611694,0.049943000078201294,1.3608778715133667,-0.023339439183473587,2.5170328617095947,0.006638437043875456,0.22641396522521973,5.0,5.0,0.4,458,7.63333,False
0.40008535981178284,8.535385131835938e-05,0.008416175842285156,-0.01850394532084465,-0.02588963508605957,-0.5955709218978882,0.050818175077438354,1.3515734672546387,0.00643249973654747,2.5095090866088867,0.000942975515499711,2.355881929397583,5.0,5.0,0.4,459,7.65,False
0.40043723583221436,0.00043722987174987793,0.008022308349609375,-0.018018368631601334,-0.02586817741394043,-0.5978049039840698,0.05404546856880188,1.3407249450683594,-0.010408949106931686,2.503675699234009,0.00031766280881129205,1.428998589515686,5.0,5.0,0.4,460,7.66667,False
0.4006318151950836,0.0006318092346191406,0.007490873336791992,-0.01737692579627037,-0.02599954605102539,-0.6031976938247681,0.05138438940048218,1.3365392684936523,0.033525411039590836,2.4888813495635986,0.002149100648239255,3.0714573860168457,5.0,5.0,0.4,461,7.68333,False
0.40072721242904663,0.0007272064685821533,0.00748133659362793,-0.0173996202647686,-0.025480985641479492,-0.6066313982009888,0.04832577705383301,1.3352327346801758,0.1257639229297638,2.4745748043060303,0.00871262140572071,5.0,5.0,5.0,0.4,462,7.7,False
0.4006083011627197,0.000608295202255249,0.007512331008911133,-0.017503933981060982,-0.024894237518310547,-0.6052383780479431,0.049888014793395996,1.3303698301315308,0.09040624648332596,2.4659035205841064,0.0013253564247861505,3.9588427543640137,5.0,5.0,0.4,463,7.71667,False
0.40033262968063354,0.0003326237201690674,0.007640361785888672,-0.017709936946630478,-0.02420353889465332,-0.6033999919891357,0.047837793827056885,1.335215449333191,0.047341927886009216,2.4825427532196045,0.0021313996985554695,-2.112462282180786,5.0,5.0,0.4,464,7.73333,False
0.40015989542007446,0.00015988945960998535,0.006959199905395508,-0.016884030774235725,-0.024454593658447266,-0.6029853820800781,0.05264770984649658,1.3358036279678345,-0.17709386348724365,2.5011796951293945,0.0507187582552433,-2.5515952110290527,5.0,5.0,0.4,465,7.75,False
0.4002302885055542,0.00023028254508972168,0.00682830810546875,-0.01683889515697956,-0.024047374725341797,-0.6102031469345093,0.056633591651916504,1.3394801616668701,0.06386546790599823,2.509380578994751,0.05812865123152733,1.4696224927902222,5.0,5.0,0.4,466,7.76667,False
0.4003654420375824,0.0003654360771179199,0.00696563720703125,-0.017213501036167145,-0.02326226234436035,-0.6078264713287354,0.04958474636077881,1.3430906534194946,0.10574705898761749,2.4726765155792236,0.003101255977526307,2.076716899871826,5.0,5.0,0.4,467,7.78333,False
0.4003761112689972,0.00037610530853271484,0.0067136287689208984,-0.016991037875413895,-0.022928953170776367,-0.6067280173301697,0.053812623023986816,1.351125955581665,0.06246229633688927,2.4328110218048096,0.003462828230112791,1.4032925367355347,5.0,5.0,0.4,468,7.8,False
0.40042775869369507,0.0004277527332305908,0.006555318832397461,-0.016907552257180214,-0.02248239517211914,-0.607926070690155,0.04226118326187134,1.352869987487793,0.0029266253113746643,2.466996669769287,0.004713154397904873,1.073422908782959,5.0,5.0,0.4,469,7.81667,False
0.4004417359828949,0.0004417300224304199,0.006650209426879883,-0.017284167930483818,-0.021724939346313477,-0.6128920912742615,0.04802936315536499,1.3543286323547363,0.1428549885749817,2.551630735397339,0.026742873713374138,1.9524126052856445,5.0,5.0,0.4,470,7.83333,False
0.40045759081840515,0.00045758485794067383,0.0068242549896240234,-0.017733916640281677,-0.02086496353149414,-0.6035891771316528,0.043504416942596436,1.346631646156311,0.04817768931388855,2.426600217819214,0.02459641918540001,1.306736707687378,5.0,5.0,0.4,471,7.85,False
0.40037715435028076,0.0003771483898162842,0.0071430206298828125,-0.018397562205791473,-0.019785642623901367,-0.6031543612480164,0.05078035593032837,1.3581156730651855,0.20648732781410217,2.4719743728637695,0.02712075412273407,5.0,5.0,5.0,0.4,472,7.86667,False
0.400223046541214,0.00022304058074951172,0.0077362060546875,-0.019432174041867256,-0.018377065658569336,-0.5913864374160767,0.0470312237739563,1.3668031692504883,0.1745181828737259,2.4969358444213867,0.0016451012343168259,3.368501663208008,5.0,5.0,0.4,473,7.88333,False
0.4000806510448456,8.064508438110352e-05,0.007935047149658203,-0.019803650677204132,-0.01741480827331543,-0.5794478058815002,0.052863240242004395,1.3697298765182495,-0.036728423088788986,2.42825984954834,0.04934152215719223,0.8497192859649658,5.0,5.0,0.4,474,7.9,False
0.400042325258255,4.2319297790527344e-05,0.007546424865722656,-0.019259806722402573,-0.017162561416625977,-0.5757480263710022,0.03043222427368164,1.3596844673156738,-0.033659618347883224,2.5174832344055176,0.007970229722559452,2.0038280487060547,5.0,5.0,0.4,475,7.91667,False
0.40023642778396606,0.00023642182350158691,0.0065152645111083984,-0.017716046422719955,-0.017653465270996094,-0.5864737629890442,0.04659789800643921,1.3568058013916016,-0.06444716453552246,2.5207760334014893,0.0009587155072949827,1.6192233562469482,5.0,5.0,0.4,476,7.93333,False
0.40049490332603455,0.0004948973655700684,0.0057985782623291016,-0.01676666922867298,-0.01776289939880371,-0.5981236696243286,0.04517710208892822,1.351464867591858,0.04957759380340576,2.4672858715057373,0.01586284302175045,3.9564502239227295,5.0,5.0,0.4,477,7.95,False
0.40068602561950684,0.0006860196590423584,0.0056171417236328125,-0.016791634261608124,-0.017207622528076172,-0.5987237095832825,0.03722184896469116,1.3522112369537354,0.1409352868795395,2.4862794876098633,0.008706985041499138,2.116595983505249,5.0,5.0,0.4,478,7.96667,False
0.40080320835113525,0.0008032023906707764,0.005633831024169922,-0.017093438655138016,-0.016406536102294922,-0.5936383008956909,0.03534543514251709,1.354854941368103,-0.005535800009965897,2.4857075214385986,0.021454105153679848,-0.3280582129955292,5.0,5.0,0.4,479,7.98333,False
0.4008689522743225,0.0008689463138580322,0.005330324172973633,-0.016806546598672867,-0.015977859497070312,-0.5973546504974365,0.04658341407775879,1.358567237854004,-0.021654043346643448,2.476778745651245,0.00033952080411836505,0.24562424421310425,5.0,5.0,0.4,480,8.0,False
0.40097594261169434,0.0009759366512298584,0.005299091339111328,-0.017093446105718613,-0.015208959579467773,-0.5988836884498596,0.046698808670043945,1.357067584991455,0.05637482553720474,2.5539193153381348,0.01203917246311903,1.8574596643447876,5.0,5.0,0.4,481,8.01667,False
0.4010041058063507,0.0010040998458862305,0.005384683609008789,-0.017539385706186295,-0.01428842544555664,-0.5933494567871094,0.04924452304840088,1.3545535802841187,0.03603962063789368,2.4751296043395996,0.006621339358389378,2.013887405395508,5.0,5.0,0.4,482,8.03333,False
0.4010263681411743,0.0010263621807098389,0.0052030086517333984,-0.01738455705344677,-0.013701438903808594,-0.5914887189865112,0.048256874084472656,1.3493497371673584,-0.04759475216269493,2.456003427505493,0.007360519375652075,1.7097413539886475,5.0,5.0,0.4,483,8.05,False
0.40113088488578796,0.0011308789253234863,0.00472259521484375,-0.016709458082914352,-0.013440847396850586,-0.5970212817192078,0.049348652362823486,1.3405425548553467,-0.0004332400858402252,2.5233521461486816,0.006760057993233204,3.2692112922668457,5.0,5.0,0.4,484,8.06667,False
0.4011712670326233,0.0011712610721588135,0.0042378902435302734,-0.01595648191869259,-0.013192176818847656,-0.606558084487915,0.04861164093017578,1.3360739946365356,-0.015592899173498154,2.4830403327941895,0.0018548575462773442,3.7476794719696045,5.0,5.0,0.4,485,8.08333,False
0.40126100182533264,0.001260995864868164,0.004183769226074219,-0.016277501359581947,-0.012427806854248047,-0.6092512607574463,0.04112726449966431,1.33224618434906,-0.009883906692266464,2.495093584060669,0.00017787345859687775,0.6185174584388733,5.0,5.0,0.4,486,8.1,False
0.4013095200061798,0.001309514045715332,0.0039136409759521484,-0.016171440482139587,-0.01191401481628418,-0.606921374797821,0.028887927532196045,1.3218181133270264,-0.01957906410098076,2.5052506923675537,0.00019716292445082217,0.6169325113296509,5.0,5.0,0.4,487,8.11667,False
0.40138310194015503,0.0013830959796905518,0.0037093162536621094,-0.016262471675872803,-0.01131296157836914,-0.6147342920303345,0.028552472591400146,1.3234177827835083,0.03339264914393425,2.500948429107666,0.0028245120774954557,0.7281008958816528,5.0,5.0,0.4,488,8.13333,False
0.401347815990448,0.0013478100299835205,0.003673553466796875,-0.01679002307355404,-0.010512113571166992,-0.6127798557281494,0.03003913164138794,1.3128657341003418,0.039910104125738144,2.456254005432129,0.002040068618953228,1.2755334377288818,5.0,5.0,0.4,489,8.15,False
0.4012634754180908,0.0012634694576263428,0.003570079803466797,-0.01727372221648693,-0.009793281555175781,-0.6126688718795776,0.03079843521118164,1.306477665901184,0.10377665609121323,2.509192943572998,0.0068814679980278015,2.2597122192382812,5.0,5.0,0.4,490,8.16667,False
0.40113601088523865,0.00113600492477417,0.0034208297729492188,-0.01767386682331562,-0.009111166000366211,-0.6084205508232117,0.02811563014984131,1.3057388067245483,0.11760491132736206,2.5342674255371094,0.0008199503063224256,2.955381393432617,5.0,5.0,0.4,491,8.18333,False
0.40094467997550964,0.000944674015045166,0.0030851364135742188,-0.01750320754945278,-0.008655548095703125,-0.6073436737060547,0.02442270517349243,1.30189847946167,-0.004026446491479874,2.50169038772583,0.015855450183153152,2.3621883392333984,5.0,5.0,0.4,492,8.2,False
0.40082383155822754,0.0008238255977630615,0.002733945846557617,-0.017217539250850677,-0.008211135864257812,-0.6108349561691284,0.026765763759613037,1.3026211261749268,-0.018734153360128403,2.5409398078918457,0.0017568336334079504,-2.2743706703186035,5.0,5.0,0.4,493,8.21667,False
0.4008485674858093,0.0008485615253448486,0.0025484561920166016,-0.01775432750582695,-0.007563114166259766,-0.6058908104896545,0.03094339370727539,1.3008112907409668,-0.021512281149625778,2.5356273651123047,3.594004374463111e-05,-1.0554478168487549,5.0,5.0,0.4,494,8.23333,False
0.40081676840782166,0.0008167624473571777,0.0022208690643310547,-0.017585506662726402,-0.007078409194946289,-0.6015828847885132,0.02778613567352295,1.3015663623809814,0.038089390844106674,2.5010826587677,0.0047456962056458,1.1719036102294922,5.0,5.0,0.4,495,8.25,False
0.40085649490356445,0.0008564889430999756,0.0019817352294921875,-0.017768338322639465,-0.006475210189819336,-0.6033585667610168,0.03107684850692749,1.3121267557144165,0.06403958052396774,2.4953525066375732,0.0007062469958327711,0.5216636657714844,5.0,5.0,0.4,496,8.26667,False
0.4008786976337433,0.0008786916732788086,0.001806497573852539,-0.018302030861377716,-0.005790233612060547,-0.5995273590087891,0.04129821062088013,1.3129963874816895,0.006679657846689224,2.481999397277832,0.0034684662241488695,1.015033483505249,5.0,5.0,0.4,497,8.28333,False
0.4008607566356659,0.000860750675201416,0.0016334056854248047,-0.01860848441720009,-0.005106210708618164,-0.595551609992981,0.03675341606140137,1.302865982055664,-0.0026121027767658234,2.510671377182007,0.000908419257029891,2.261096239089966,5.0,5.0,0.4,498,8.3,False
0.40080803632736206,0.000808030366897583,0.0013895034790039062,-0.01813783124089241,-0.0045070648193359375,-0.5941616296768188,0.041631102561950684,1.2903963327407837,-0.1114940196275711,2.5184035301208496,0.011915058828890324,2.1465344429016113,5.0,5.0,0.4,499,8.31667,False
0.4008646011352539,0.0008645951747894287,0.0011723041534423828,-0.018017057329416275,-0.0038862228393554688,-0.6004073023796082,0.03805983066558838,1.2887375354766846,-0.006818260997533798,2.496873617172241,0.011420550756156445,1.3346235752105713,5.0,5.0,0.4,500,8.33333,False
0.4009612798690796,0.0009612739086151123,0.0008661746978759766,-0.017511703073978424,-0.003362894058227539,-0.602004885673523,0.042799532413482666,1.287436842918396,0.004137445241212845,2.5348527431488037,0.0015624414663761854,2.016998052597046,5.0,5.0,0.4,501,8.35,False
0.4010205566883087,0.0010205507278442383,0.0005939006805419922,-0.01696033775806427,-0.0027992725372314453,-0.608775794506073,0.03673148155212402,1.2874832153320312,-0.031862225383520126,2.5010218620300293,0.002440504729747772,2.4932985305786133,5.0,5.0,0.4,502,8.36667,False
0.40106433629989624,0.0010643303394317627,0.0003619194030761719,-0.01670912094414234,-0.002187013626098633,-0.616463840007782,0.03403019905090332,1.2823503017425537,-0.013787630945444107,2.5048673152923584,0.00034147847327403724,3.384152412414551,5.0,5.0,0.4,503,8.38333,False
0.40107980370521545,0.0010797977447509766,0.00012493133544921875,-0.016895361244678497,-0.0015861988067626953,-0.6180988550186157,0.03949517011642456,1.2774295806884766,-0.046242889016866684,2.5308914184570312,0.0017305976944044232,0.33004283905029297,5.0,5.0,0.4,504,8.4,False
0.40107637643814087,0.0010763704776763916,-9.489059448242188e-05,-0.017243357375264168,-0.0009610652923583984,-0.6227895617485046,0.042610347270965576,1.284767985343933,0.11525899171829224,2.525789260864258,0.026108890771865845,2.6218221187591553,5.0,5.0,0.4,505,8.41667,False
0.4008581340312958,0.0008581280708312988,-0.00024890899658203125,-0.017290817573666573,-0.0002532005310058594,-0.6163620948791504,0.03554093837738037,1.2862697839736938,-0.05775941535830498,2.4457292556762695,0.036344975233078,1.4956191778182983,5.0,5.0,0.4,506,8.43333,False
0.4006546437740326,0.0006546378135681152,-0.0004105567932128906,-0.01687333732843399,0.0004513263702392578,-0.625602126121521,0.03442502021789551,1.2944774627685547,0.10013701021671295,2.5181782245635986,0.030180133879184723,4.185676574707031,5.0,5.0,0.4,507,8.45,False
0.40045157074928284,0.0004515647888183594,-0.0006074905395507812,-0.017495086416602135,0.00112152099609375,-0.6305034160614014,0.04679816961288452,1.3096556663513184,0.21097500622272491,2.523522138595581,0.012313618324697018,5.0,5.0,5.0,0.4,508,8.46667,False
0.40010327100753784,0.00010326504707336426,-0.0008289813995361328,-0.018690790981054306,0.0017681121826171875,-0.6219496726989746,0.04404711723327637,1.3143047094345093,0.12865246832370758,2.4331412315368652,0.014945708215236664,3.1614511013031006,5.0,5.0,0.4,509,8.48333,False
0.39972567558288574,-0.00027433037757873535,-0.0009963512420654297,-0.01864641346037388,0.0024814605712890625,-0.6205074787139893,0.04997199773788452,1.3169995546340942,0.07010102272033691,2.455087900161743,0.0039099277928471565,3.3336994647979736,5.0,5.0,0.4,510,8.5,False
0.3994062840938568,-0.000593721866607666,-0.0012438297271728516,-0.018998026847839355,0.003098011016845703,-0.6230656504631042,0.0447462797164917,1.3318045139312744,0.15501797199249268,2.4574203491210938,0.007216328755021095,5.0,5.0,5.0,0.4,511,8.51667,False
0.39903199672698975,-0.0009680092334747314,-0.0016155242919921875,-0.02009781263768673,0.00357818603515625,-0.6158818006515503,0.04351401329040527,1.3539437055587769,0.23344926536083221,2.4289097785949707,0.006964320316910744,1.123213768005371,5.0,5.0,0.4,512,8.53333,False
0.3986867666244507,-0.001313239336013794,-0.002032041549682617,-0.021169513463974,0.0040149688720703125,-0.5998088717460632,0.03531092405319214,1.3708523511886597,0.12615063786506653,2.377469539642334,0.014159093610942364,-3.005600929260254,5.0,5.0,0.4,513,8.55,False
0.3984966576099396,-0.0015033483505249023,-0.0023429393768310547,-0.021388528868556023,0.004586935043334961,-0.5932224988937378,0.047058701515197754,1.3789129257202148,-0.022071775048971176,2.434676170349121,0.025242483243346214,-4.777996063232422,5.0,5.0,0.4,514,8.56667,False
0.3984612226486206,-0.001538783311843872,-0.0027551651000976562,-0.02173255942761898,0.005029916763305664,-0.5844441056251526,0.045644611120224,1.3783329725265503,0.09630949795246124,2.490527868270874,0.01713353954255581,0.9350030422210693,5.0,5.0,0.4,515,8.58333,False
0.3985419273376465,-0.0014580786228179932,-0.002758026123046875,-0.02067076601088047,0.0059587955474853516,-0.5847607851028442,0.03826889395713806,1.3813236951828003,-0.04388055577874184,2.4510462284088135,0.021212048828601837,-0.40235471725463867,5.0,5.0,0.4,516,8.6,False
0.398785799741745,-0.0012142062187194824,-0.0028328895568847656,-0.020190857350826263,0.006812572479248047,-0.5843327641487122,0.053857892751693726,1.3646093606948853,-0.1272064596414566,2.427816390991211,0.007482832297682762,-0.727947473526001,5.0,5.0,0.4,517,8.61667,False
0.3992459774017334,-0.0007540285587310791,-0.0027365684509277344,-0.019085876643657684,0.007835626602172852,-0.5883769392967224,0.055153608322143555,1.3509838581085205,0.04258677363395691,2.48122501373291,0.031682223081588745,2.381276845932007,5.0,5.0,0.4,518,8.63333,False
0.3996369242668152,-0.000363081693649292,-0.0025663375854492188,-0.017948076128959656,0.008939981460571289,-0.5966977477073669,0.05003824830055237,1.357319951057434,0.0019702352583408356,2.4920778274536133,0.0017674866830930114,2.754117012023926,5.0,5.0,0.4,519,8.65,False
0.39986610412597656,-0.00013390183448791504,-0.0025484561920166016,-0.017526067793369293,0.009867191314697266,-0.607072651386261,0.04623320698738098,1.369547724723816,0.1854691207408905,2.454000949859619,0.03512169048190117,5.0,5.0,5.0,0.4,520,8.66667,False
0.39992740750312805,-7.259845733642578e-05,-0.0027875900268554688,-0.017841190099716187,0.010485410690307617,-0.6068516969680786,0.0526944100856781,1.3768337965011597,0.10899774730205536,2.530780076980591,0.011742904782295227,3.3637917041778564,5.0,5.0,0.4,521,8.68333,False
0.39982038736343384,-0.00017961859703063965,-0.0029387474060058594,-0.01787644252181053,0.011207342147827148,-0.6095730662345886,0.053535908460617065,1.3803703784942627,0.06972946226596832,2.4800498485565186,0.004115554504096508,4.417152404785156,5.0,5.0,0.4,522,8.7,False
0.39956367015838623,-0.00043633580207824707,-0.003306150436401367,-0.01837572082877159,0.011656045913696289,-0.6105555295944214,0.04936867952346802,1.3781464099884033,0.18233245611190796,2.480726480484009,0.012679892592132092,5.0,5.0,5.0,0.4,523,8.71667,False
0.39921265840530396,-0.0007873475551605225,-0.0037717819213867188,-0.01909649930894375,0.011991739273071289,-0.6035696268081665,0.05367124080657959,1.391879677772522,0.10870881378650665,2.4569032192230225,0.005987988784909248,-1.2977147102355957,5.0,5.0,0.4,524,8.73333,False
0.3989826738834381,-0.0010173320770263672,-0.004117727279663086,-0.019408229738473892,0.012459278106689453,-0.5978736281394958,0.053909629583358765,1.4059244394302368,0.08842240273952484,2.3976588249206543,0.003921436611562967,-0.6389279365539551,5.0,5.0,0.4,525,8.75,False
0.3988453447818756,-0.0011546611785888672,-0.00429224967956543,-0.0193279180675745,0.013135194778442383,-0.5922556519508362,0.047189861536026,1.4101201295852661,-0.07128426432609558,2.4366214275360107,0.027024302631616592,-1.2763760089874268,5.0,5.0,0.4,526,8.76667,False
0.3988614082336426,-0.0011385977268218994,-0.00449061393737793,-0.019298002123832703,0.013780593872070312,-0.5929691791534424,0.04809972643852234,1.4218926429748535,0.15692313015460968,2.5000381469726562,0.05610029771924019,1.5730407238006592,5.0,5.0,0.4,527,8.78333,False
0.3989923596382141,-0.0010076463222503662,-0.004838705062866211,-0.01945323497056961,0.014230489730834961,-0.5858812928199768,0.048474401235580444,1.43122398853302,0.08027806878089905,2.475922107696533,0.00645604869350791,-0.14161992073059082,5.0,5.0,0.4,528,8.8,False
0.39915215969085693,-0.0008478462696075439,-0.005235195159912109,-0.01961800642311573,0.014618158340454102,-0.5792641639709473,0.05805155634880066,1.4334640502929688,0.05186590552330017,2.481057643890381,0.0008336247410625219,0.262988805770874,5.0,5.0,0.4,529,8.81667,False
0.3993833065032959,-0.0006166994571685791,-0.00488734245300293,-0.018410898745059967,0.015890121459960938,-0.5783849358558655,0.05168139934539795,1.4280561208724976,-0.09090815484523773,2.5174620151519775,0.021709710359573364,-0.21906208992004395,5.0,5.0,0.4,530,8.83333,False
0.3997626304626465,-0.00023737549781799316,-0.004641532897949219,-0.017577875405550003,0.017009258270263672,-0.5900967121124268,0.05075545608997345,1.4322763681411743,0.09397487342357635,2.522097110748291,0.034203216433525085,2.520777463912964,5.0,5.0,0.4,531,8.85,False
0.4000454246997833,4.5418739318847656e-05,-0.0052449703216552734,-0.01814280077815056,0.017108917236328125,-0.5863126516342163,0.06033231317996979,1.434098720550537,0.22196006774902344,2.4817821979522705,0.018005501478910446,2.8414483070373535,5.0,5.0,0.4,532,8.86667,False
0.40022188425064087,0.0002218782901763916,-0.0052678585052490234,-0.017761632800102234,0.017905235290527344,-0.5780335068702698,0.04849718511104584,1.4241032600402832,-0.1497483253479004,2.3978958129882812,0.14520405232906342,-0.4004640579223633,5.0,5.0,0.4,533,8.88333,False
0.400409996509552,0.0004099905490875244,-0.005005359649658203,-0.01706019788980484,0.019018173217773438,-0.5861961245536804,0.05534838140010834,1.4124668836593628,0.07360483705997467,2.5047943592071533,0.0613139346241951,1.717828631401062,5.0,5.0,0.4,534,8.9,False
0.40071702003479004,0.0007170140743255615,-0.004990816116333008,-0.016768313944339752,0.019814491271972656,-0.5921811461448669,0.05731643736362457,1.4050096273422241,0.0801367312669754,2.519813299179077,0.00026823420193977654,2.0511062145233154,5.0,5.0,0.4,535,8.91667,False
0.4009048342704773,0.0009048283100128174,-0.005019664764404297,-0.016546353697776794,0.020528078079223633,-0.5906175971031189,0.055299267172813416,1.4084140062332153,0.13450974225997925,2.405487298965454,0.016026858240365982,4.869131565093994,5.0,5.0,0.4,536,8.93333,False
0.40093937516212463,0.0009393692016601562,-0.005419731140136719,-0.016871174797415733,0.020801544189453125,-0.5920536518096924,0.05509360134601593,1.4161375761032104,0.1289912909269333,2.493180990219116,0.007720636669546366,4.161005973815918,5.0,5.0,0.4,537,8.95,False
0.40093156695365906,0.0009315609931945801,-0.0060465335845947266,-0.017466522753238678,0.020784616470336914,-0.5877817869186401,0.05573435127735138,1.4179686307907104,0.009587366133928299,2.4804375171661377,0.014419693499803543,2.8043861389160156,5.0,5.0,0.4,538,8.96667,False
0.40093693137168884,0.0009369254112243652,-0.006381988525390625,-0.017548570409417152,0.021110057830810547,-0.5853258371353149,0.05302990972995758,1.4094082117080688,0.038740504533052444,2.4669950008392334,0.001030606683343649,3.433657169342041,5.0,5.0,0.4,539,8.98333,False
0.40095800161361694,0.0009579956531524658,-0.006242275238037109,-0.01698211021721363,0.021965980529785156,-0.5872431397438049,0.046716898679733276,1.39918053150177,-0.03470860794186592,2.4969418048858643,0.006291583180427551,3.16054105758667,5.0,5.0,0.4,540,9.0,False
0.40097883343696594,0.0009788274765014648,-0.0063323974609375,-0.016761507838964462,0.02254772186279297,-0.590548038482666,0.047754570841789246,1.3902877569198608,-0.019215408712625504,2.4582698345184326,0.0017355604795739055,-2.111328363418579,5.0,5.0,0.4,541,9.01667,False
0.40111202001571655,0.0011120140552520752,-0.006365060806274414,-0.01652776636183262,0.02316904067993164,-0.5927101969718933,0.034935951232910156,1.3829340934753418,-0.09136426448822021,2.476456642150879,0.005536218173801899,-0.7201499938964844,5.0,5.0,0.4,542,9.03333,False
0.4012920558452606,0.0012920498847961426,-0.006455659866333008,-0.016428740695118904,0.023716211318969727,-0.5934982299804688,0.03331455588340759,1.3668466806411743,-0.13318397104740143,2.5025885105133057,0.0024317624047398567,-1.1753687858581543,5.0,5.0,0.4,543,9.05,False
0.40156126022338867,0.0015612542629241943,-0.0061376094818115234,-0.01583215966820717,0.024724721908569336,-0.599329948425293,0.03286463022232056,1.3475571870803833,-0.04733475670218468,2.488776206970215,0.007560866419225931,0.2549237012863159,5.0,5.0,0.4,544,9.06667,False
0.4018843472003937,0.0018843412399291992,-0.0059719085693359375,-0.01556319184601307,0.025523662567138672,-0.6034073233604431,0.047682665288448334,1.3338425159454346,-0.09965527057647705,2.5153727531433105,0.0034448124933987856,0.4402947425842285,5.0,5.0,0.4,545,9.08333,False
0.40209969878196716,0.0020996928215026855,-0.005917549133300781,-0.015467645600438118,0.02613663673400879,-0.6082801222801208,0.04815688729286194,1.3225460052490234,0.05097608268260956,2.5028622150421143,0.022846318781375885,3.508052349090576,5.0,5.0,0.4,546,9.1,False
0.4021579623222351,0.00215795636177063,-0.005823850631713867,-0.01540751475840807,0.026798725128173828,-0.6153191924095154,0.040427640080451965,1.3155518770217896,-0.01051192358136177,2.56829833984375,0.008062661625444889,3.315748929977417,5.0,5.0,0.4,547,9.11667,False
0.4021223783493042,0.0021223723888397217,-0.005612373352050781,-0.015283828601241112,0.027582645416259766,-0.6157699823379517,0.040745362639427185,1.3064476251602173,-0.09987576305866241,2.507117509841919,0.011728990823030472,0.24364161491394043,5.0,5.0,0.4,548,9.13333,False
0.4020311236381531,0.0020311176776885986,-0.005742549896240234,-0.015620661899447441,0.027937889099121094,-0.6223171949386597,0.03264571726322174,1.2980930805206299,0.047300420701503754,2.5679445266723633,0.025360753759741783,1.7769662141799927,5.0,5.0,0.4,549,9.15,False
0.4018786549568176,0.0018786489963531494,-0.006151914596557617,-0.01638128235936165,0.027927160263061523,-0.6259287595748901,0.038498565554618835,1.2952946424484253,0.06386540085077286,2.516636610031128,0.002906900830566883,1.8051420450210571,5.0,5.0,0.4,550,9.16667,False
0.40158209204673767,0.0015820860862731934,-0.006238698959350586,-0.016676461324095726,0.028331279754638672,-0.618532121181488,0.0479700043797493,1.2815229892730713,-0.01792464777827263,2.4158294200897217,0.016851700842380524,-0.3067372441291809,5.0,5.0,0.4,551,9.18333,False
0.4014163315296173,0.001416325569152832,-0.005782604217529297,-0.01640961691737175,0.0293118953704834,-0.6241142749786377,0.0352776013314724,1.2827378511428833,0.11067834496498108,2.5187294483184814,0.02712714672088623,2.2127230167388916,5.0,5.0,0.4,552,9.2,False
0.40121424198150635,0.0012142360210418701,-0.005589485168457031,-0.01647995039820671,0.029979705810546875,-0.6317886710166931,0.03167306259274483,1.3061003684997559,0.14975853264331818,2.491547107696533,0.002266140654683113,4.742069721221924,5.0,5.0,0.4,553,9.21667,False
0.40094923973083496,0.0009492337703704834,-0.006511211395263672,-0.017805857583880424,0.029298782348632812,-0.6332223415374756,0.030163921415805817,1.3334108591079712,0.2790004014968872,2.430957555770874,0.02037455514073372,5.0,5.0,5.0,0.4,554,9.23333,False
0.40055567026138306,0.0005556643009185791,-0.008100509643554688,-0.01973365619778633,0.027808189392089844,-0.6187742352485657,0.029863376170396805,1.3516026735305786,0.22125034034252167,2.464467763900757,0.004458003677427769,4.2101569175720215,5.0,5.0,0.4,555,9.25,False
0.4000674784183502,6.747245788574219e-05,-0.009090423583984375,-0.020846424624323845,0.027027130126953125,-0.6077892184257507,0.029185207560658455,1.3654704093933105,0.13629227876663208,2.4067678451538086,0.01054715272039175,4.014848232269287,5.0,5.0,0.4,556,9.26667,False
0.39962518215179443,-0.00037482380867004395,-0.010071992874145508,-0.021801942959427834,0.026225566864013672,-0.5978503227233887,0.02358679473400116,1.3678942918777466,0.1658608764410019,2.448957681655884,0.0026542842388153076,4.291908264160156,5.0,5.0,0.4,557,9.28333,False
0.3992146849632263,-0.0007853209972381592,-0.009878873825073242,-0.021413790062069893,0.026842355728149414,-0.596721351146698,0.03106791153550148,1.3682667016983032,0.03560202196240425,2.404611349105835,0.018933966755867004,3.473743438720703,5.0,5.0,0.4,558,9.3,False
0.3990427851676941,-0.0009572207927703857,-0.009130477905273438,-0.02048381231725216,0.028087139129638672,-0.6042507886886597,0.03192360699176788,1.3657196760177612,0.03219949081540108,2.379483938217163,0.0006429639761336148,3.2754130363464355,5.0,5.0,0.4,559,9.31667,False
0.39899682998657227,-0.001003175973892212,-0.009195566177368164,-0.02045510523021221,0.028340816497802734,-0.603725790977478,0.035203687846660614,1.3660088777542114,0.022397872060537338,2.4316842555999756,0.002820944879204035,0.033525705337524414,5.0,5.0,0.4,560,9.33333,False
0.39903056621551514,-0.0009694397449493408,-0.009163618087768555,-0.020309345796704292,0.028702735900878906,-0.6029577851295471,0.027636641636490822,1.3646785020828247,0.011978942900896072,2.4375321865081787,0.0001427523820893839,0.35097381472587585,5.0,5.0,0.4,561,9.35,False
0.39915111660957336,-0.0008488893508911133,-0.00936436653137207,-0.02043883316218853,0.028761863708496094,-0.6027400493621826,0.047677621245384216,1.3639494180679321,0.03172832727432251,2.4300215244293213,0.00044644821900874376,0.19235527515411377,5.0,5.0,0.4,562,9.36667,False
0.3992938995361328,-0.000706106424331665,-0.009647369384765625,-0.020646054297685623,0.028669118881225586,-0.5990188121795654,0.051722705364227295,1.359546422958374,0.05966423451900482,2.460738182067871,0.0017239279113709927,1.6239711046218872,5.0,5.0,0.4,563,9.38333,False
0.39939990639686584,-0.0006000995635986328,-0.010024070739746094,-0.020930981263518333,0.028461456298828125,-0.5965702533721924,0.04146774858236313,1.3560494184494019,0.06636625528335571,2.475759983062744,0.00027057158877141774,1.637338638305664,5.0,5.0,0.4,564,9.4,False
0.3994790017604828,-0.0005210041999816895,-0.009823083877563477,-0.020573817193508148,0.028931379318237305,-0.5910399556159973,0.044350914657115936,1.3416805267333984,-0.09400203824043274,2.47178053855896,0.02573382668197155,0.17235255241394043,5.0,5.0,0.4,565,9.41667,False
0.3996012806892395,-0.0003987252712249756,-0.009453058242797852,-0.020049160346388817,0.029584884643554688,-0.595003604888916,0.03472293168306351,1.3296765089035034,-0.06826476752758026,2.5217487812042236,0.0031592324376106262,1.22001314163208,5.0,5.0,0.4,566,9.43333,False
0.39970719814300537,-0.00029280781745910645,-0.009260416030883789,-0.019761718809604645,0.029979228973388672,-0.6009302735328674,0.04075814411044121,1.3226172924041748,0.012876931577920914,2.5117759704589844,0.006683431565761566,2.6634151935577393,5.0,5.0,0.4,567,9.45,False
0.3996017873287201,-0.00039821863174438477,-0.009433507919311523,-0.01981685869395733,0.029958248138427734,-0.6012889742851257,0.03276188299059868,1.3152318000793457,0.15587218105793,2.509860038757324,0.020451312884688377,5.0,5.0,5.0,0.4,568,9.46667,False
0.39956149458885193,-0.00043851137161254883,-0.008849382400512695,-0.019127607345581055,0.03079056739807129,-0.5988510251045227,0.03403361514210701,1.3125871419906616,-0.010867185890674591,2.5030248165130615,0.0278487391769886,-0.8181546330451965,5.0,5.0,0.4,569,9.48333,False
0.3996036946773529,-0.00039631128311157227,-0.007925987243652344,-0.01814131811261177,0.032032012939453125,-0.6058265566825867,0.03267369046807289,1.3105862140655518,-0.18530793488025665,2.5038657188415527,0.030430279672145844,-1.478714942932129,5.0,5.0,0.4,570,9.5,False
0.39974910020828247,-0.00025090575218200684,-0.007602691650390625,-0.017858654260635376,0.03252553939819336,-0.6181524395942688,0.03903147950768471,1.3096414804458618,0.1279747486114502,2.5908005237579346,0.1057036891579628,1.0107650756835938,5.0,5.0,0.4,571,9.51667,False
0.39980489015579224,-0.0001951158046722412,-0.008521318435668945,-0.0188240185379982,0.031496286392211914,-0.6134002208709717,0.04291144385933876,1.3118501901626587,0.21395806968212128,2.4806880950927734,0.01951787807047367,2.3191418647766113,5.0,5.0,0.4,572,9.53333,False
0.3996937870979309,-0.00030621886253356934,-0.009200811386108398,-0.019463075324892998,0.030729055404663086,-0.6019605398178101,0.038124047219753265,1.3191486597061157,0.17988061904907227,2.4088897705078125,0.00631627207621932,2.7650086879730225,5.0,5.0,0.4,573,9.55,False
0.3994661271572113,-0.0005338788032531738,-0.009188652038574219,-0.019360600039362907,0.030782461166381836,-0.5994236469268799,0.04851755499839783,1.3207206726074219,-0.03893529996275902,2.492447853088379,0.054862361401319504,1.4050711393356323,5.0,5.0,0.4,574,9.56667,False
0.39934679865837097,-0.0006532073020935059,-0.009114503860473633,-0.01920362375676632,0.03091573715209961,-0.6033403873443604,0.05213402584195137,1.3084245920181274,-0.016863811761140823,2.529493808746338,0.0018595535075291991,2.759979724884033,5.0,5.0,0.4,575,9.58333,False
0.39937034249305725,-0.0006296634674072266,-0.00905299186706543,-0.019082073122262955,0.030983686447143555,-0.6027445793151855,0.038707055151462555,1.297303318977356,0.09707346558570862,2.4924933910369873,0.01435073371976614,1.888088583946228,5.0,5.0,0.4,576,9.6,False
0.39937445521354675,-0.0006255507469177246,-0.008754491806030273,-0.018705077469348907,0.031308889389038086,-0.6022462248802185,0.04423275962471962,1.3038197755813599,0.03618999570608139,2.452781915664673,0.005283798091113567,1.8772339820861816,5.0,5.0,0.4,577,9.61667,False
0.3994259834289551,-0.0005740225315093994,-0.007543087005615234,-0.01746206544339657,0.03269839286804199,-0.6095811128616333,0.028843428939580917,1.3093360662460327,0.0068799518048763275,2.4321603775024414,0.0012843264266848564,2.5316619873046875,5.0,5.0,0.4,578,9.63333,False
0.3994998037815094,-0.0005002021789550781,-0.007577419281005859,-0.01754874922335148,0.03259897232055664,-0.6197126507759094,0.045424893498420715,1.3182165622711182,0.0649840459227562,2.4895405769348145,0.006668573245406151,2.433204412460327,5.0,5.0,0.4,579,9.65,False
0.39942729473114014,-0.0005727112293243408,-0.00809621810913086,-0.018145129084587097,0.03188276290893555,-0.6174139380455017,0.04739034175872803,1.3138936758041382,0.1099967211484909,2.430713653564453,0.005486748181283474,4.562101364135742,5.0,5.0,0.4,580,9.66667,False
0.3992634117603302,-0.0007365942001342773,-0.008729696273803711,-0.018820244818925858,0.031024932861328125,-0.6131707429885864,0.033219292759895325,1.3192508220672607,0.08896200358867645,2.464277505874634,0.001568991574458778,1.4448548555374146,5.0,5.0,0.4,581,9.68333,False
0.39910128712654114,-0.0008987188339233398,-0.008497238159179688,-0.018584050238132477,0.03115701675415039,-0.608863353729248,0.03855448588728905,1.3262368440628052,-0.009609345346689224,2.4737095832824707,0.009805274195969105,-0.22537481784820557,5.0,5.0,0.4,582,9.7,False
0.399078905582428,-0.000921100378036499,-0.008787393569946289,-0.018886050209403038,0.0306699275970459,-0.6101173162460327,0.031200293451547623,1.327715516090393,-0.026475440710783005,2.502387762069702,0.0011069030733779073,-0.47852933406829834,5.0,5.0,0.4,583,9.71667,False
0.39911895990371704,-0.0008810460567474365,-0.009079933166503906,-0.019175168126821518,0.030146360397338867,-0.6079559922218323,0.03852846100926399,1.3244460821151733,0.01862409897148609,2.4878220558166504,0.0022461283951997757,0.223271906375885,5.0,5.0,0.4,584,9.73333,False
0.39910054206848145,-0.0008994638919830322,-0.009360074996948242,-0.01937839202582836,0.029650211334228516,-0.59991055727005,0.037369854748249054,1.3196003437042236,0.04730767756700516,2.481830358505249,0.0008586481562815607,2.7908825874328613,5.0,5.0,0.4,585,9.75,False
0.3992554843425751,-0.0007445216178894043,-0.008831262588500977,-0.01877526566386223,0.030043840408325195,-0.5986714363098145,0.042968347668647766,1.3234310150146484,0.03697074204683304,2.5333266258239746,0.0027587178628891706,1.7160041332244873,5.0,5.0,0.4,586,9.76667,False
0.39940690994262695,-0.0005930960178375244,-0.0078277587890625,-0.01769508235156536,0.03102421760559082,-0.6043962836265564,0.039588429033756256,1.3226492404937744,-0.14010074734687805,2.4671518802642822,0.035733405500650406,0.9502964019775391,5.0,5.0,0.4,587,9.78333,False
0.3995439112186432,-0.00045609474182128906,-0.007413625717163086,-0.01729843206703663,0.03128314018249512,-0.6181247234344482,0.04275653511285782,1.3179441690444946,0.10595005750656128,2.556286573410034,0.06848599016666412,3.8732569217681885,5.0,5.0,0.4,588,9.8,False
0.39952531456947327,-0.00047469139099121094,-0.007720470428466797,-0.01770644076168537,0.030655860900878906,-0.6146230697631836,0.049806125462055206,1.3199670314788818,0.18253874778747559,2.498295783996582,0.009228759445250034,-3.341348171234131,5.0,5.0,0.4,589,9.81667,False
0.39939144253730774,-0.0006085634231567383,-0.008208513259887695,-0.01828143186867237,0.029788494110107422,-0.606804370880127,0.03775594383478165,1.3281282186508179,0.10559940338134766,2.421234607696533,0.011858087033033371,1.0190887451171875,5.0,5.0,0.4,590,9.83333,False
0.3991977274417877,-0.0008022785186767578,-0.0085906982421875,-0.01870122365653515,0.029008865356445312,-0.5987745523452759,0.03214416652917862,1.3345941305160522,0.05241367965936661,2.5292186737060547,0.014489279128611088,-1.1375787258148193,5.0,5.0,0.4,591,9.85,False
0.3991077244281769,-0.0008922815322875977,-0.00830388069152832,-0.01837942562997341,0.02905726432800293,-0.6022211909294128,0.04163285717368126,1.336262583732605,-0.13925324380397797,2.500478982925415,0.037562184035778046,-1.1731603145599365,4.374799728393555,4.374799728393555,0.4,592,9.86667,False
0.3992788791656494,-0.0007211267948150635,-0.008074522018432617,-0.018182411789894104,0.02898883819580078,-0.6056861877441406,0.04118552431464195,1.3247801065444946,0.028766490519046783,2.479645252227783,0.02866467833518982,1.879462480545044,5.0,5.0,0.4,593,9.88333,False
0.39943182468414307,-0.0005681812763214111,-0.007887601852416992,-0.018017126247286797,0.028853893280029297,-0.6048388481140137,0.043705593794584274,1.3115540742874146,0.03152740001678467,2.4691150188446045,0.00011850843293359503,2.2669010162353516,5.0,5.0,0.4,594,9.9,False
0.3996116816997528,-0.0003883242607116699,-0.007519721984863281,-0.01767526939511299,0.028919458389282227,-0.6068983674049377,0.023541079834103584,1.305772066116333,-0.011289995163679123,2.4578020572662354,0.0019613124895840883,2.690101146697998,5.0,5.0,0.4,595,9.91667,False
0.39974355697631836,-0.00025644898414611816,-0.007204532623291016,-0.01743861474096775,0.02890777587890625,-0.6141073703765869,0.039544444531202316,1.3052388429641724,-0.003431517630815506,2.470144271850586,0.00021408594329841435,2.1921863555908203,5.0,5.0,0.4,596,9.93333,False
0.39976975321769714,-0.00023025274276733398,-0.007132291793823242,-0.0175364688038826,0.02858114242553711,-0.6163334846496582,0.04098547622561455,1.2993228435516357,-0.03868413344025612,2.5052716732025146,0.0024766812566667795,-1.4221829175949097,5.0,5.0,0.4,597,9.95,False
0.3997782766819,-0.00022172927856445312,-0.007519245147705078,-0.018136831000447273,0.027704715728759766,-0.6143370866775513,0.036988940089941025,1.299932599067688,0.0557626411318779,2.5253872871398926,0.009324831888079643,1.1669249534606934,5.0,5.0,0.4,598,9.96667,False
0.3997589647769928,-0.0002410411834716797,-0.007375240325927734,-0.018075374886393547,0.027428627014160156,-0.610268771648407,0.038455355912446976,1.2982999086380005,-0.0654439926147461,2.5235469341278076,0.014694435521960258,-0.7007429599761963,5.0,5.0,0.4,599,9.98333,False
0.3848732113838196,-0.06512677669525146,0.019682645797729492,-0.026473630219697952,0.002788543701171875,-0.3537062704563141,0.015247225761413574,1.2476789951324463,-0.03679817542433739,2.837200880050659,0.1172834262251854,-0.702556848526001,5.0,5.0,0.45,120,2.0,False
0.38526755571365356,-0.06473243236541748,0.01997971534729004,-0.026377126574516296,0.002368450164794922,-0.35948291420936584,0.00836363434791565,1.2454370260238647,-0.07511886954307556,2.7501354217529297,0.009048869833350182,-1.5779625177383423,5.0,5.0,0.45,121,2.01667,False
0.38555076718330383,-0.06444922089576721,0.020686626434326172,-0.027015089988708496,0.002498626708984375,-0.3522423505783081,0.017990916967391968,1.248765468597412,0.2370481938123703,2.9481866359710693,0.13667255640029907,2.4349441528320312,5.0,5.0,0.45,122,2.03333,False
0.38566818833351135,-0.06433179974555969,0.021045446395874023,-0.027010589838027954,0.0021791458129882812,-0.35015028715133667,0.01230156421661377,1.2480697631835938,-0.10375747084617615,2.819800853729248,0.13263140618801117,0.18296217918395996,5.0,5.0,0.45,123,2.05,False
0.3860156536102295,-0.06398433446884155,0.021532773971557617,-0.02701248787343502,0.0020313262939453125,-0.35212084650993347,0.009738773107528687,1.243303894996643,0.08184254169464111,2.816610813140869,0.03445754200220108,-1.727006196975708,5.0,5.0,0.45,124,2.06667,False
0.3862427771091461,-0.06375721096992493,0.021558046340942383,-0.026318524032831192,0.0013320446014404297,-0.348967969417572,0.01979050040245056,1.2262566089630127,-0.19638009369373322,2.982024908065796,0.10476965457201004,-1.4651904106140137,5.0,5.0,0.45,125,2.08333,False
0.3868556618690491,-0.06314432621002197,0.021374940872192383,-0.025385335087776184,0.0004096031188964844,-0.3596037030220032,0.009301811456680298,1.2053762674331665,-0.20049147307872772,2.9532761573791504,0.0008433941402472556,-1.8746905326843262,5.0,5.0,0.45,126,2.1,False
0.387574166059494,-0.062425822019577026,0.02142810821533203,-0.024941077455878258,-0.000186920166015625,-0.3664079010486603,0.003741323947906494,1.1842631101608276,-0.04239265248179436,2.9567346572875977,0.025007197633385658,3.4561524391174316,5.0,5.0,0.45,127,2.11667,False
0.3881813585758209,-0.06181862950325012,0.02132582664489746,-0.024338148534297943,-0.000942230224609375,-0.37029072642326355,0.012256443500518799,1.1686279773712158,-0.2907548248767853,2.976869583129883,0.06208918243646622,-4.180129051208496,5.0,5.0,0.45,128,2.13333,False
0.3887141942977905,-0.06128579378128052,0.02113795280456543,-0.02378206141293049,-0.0018279552459716797,-0.37663012742996216,0.0171966552734375,1.1456576585769653,-0.1855446845293045,2.941605806350708,0.012312707491219044,-3.0403313636779785,5.0,5.0,0.45,129,2.15,False
0.38940781354904175,-0.0605921745300293,0.020891904830932617,-0.023255717009305954,-0.002713918685913086,-0.38642653822898865,0.011153727769851685,1.1252022981643677,-0.156150683760643,3.0229265689849854,0.007477073930203915,0.9172182083129883,5.0,5.0,0.45,130,2.16667,False
0.3899994492530823,-0.06000053882598877,0.02057790756225586,-0.022738678380846977,-0.0036516189575195312,-0.3932478129863739,0.02020612359046936,1.1054149866104126,-0.1447298526763916,2.9782280921936035,0.002128389198333025,1.2279233932495117,5.0,5.0,0.45,131,2.18333,False
0.3902236819267273,-0.05977630615234375,0.01983642578125,-0.021665625274181366,-0.005095243453979492,-0.3994189500808716,0.027470171451568604,1.0792796611785889,-0.2254190891981125,2.953000068664551,0.0071472059935331345,2.248288631439209,5.0,5.0,0.45,132,2.2,False
0.39025020599365234,-0.0597497820854187,0.018723487854003906,-0.020201291888952255,-0.006956338882446289,-0.4168947637081146,0.03685516119003296,1.0598264932632446,-0.2505703568458557,3.0607564449310303,0.012244022451341152,-1.101752758026123,5.0,5.0,0.45,133,2.21667,False
0.3903842270374298,-0.059615761041641235,0.017493486404418945,-0.018829884007573128,-0.009031295776367188,-0.4368644058704376,0.03858679533004761,1.0616201162338257,-0.16243880987167358,2.9924428462982178,0.012433917261660099,-5.0,5.0,5.0,0.45,134,2.23333,False
0.39064255356788635,-0.05935743451118469,0.016544818878173828,-0.01809464395046234,-0.010663509368896484,-0.4574320912361145,0.036550164222717285,1.0783591270446777,0.02762415260076523,3.006782054901123,0.036329545080661774,-1.5265929698944092,5.0,5.0,0.45,135,2.25,False
0.3908314108848572,-0.05916857719421387,0.01647663116455078,-0.018749358132481575,-0.011300086975097656,-0.4695310890674591,0.03035438060760498,1.0921201705932617,0.05817441642284393,2.9071340560913086,0.010863042436540127,-0.32943594455718994,5.0,5.0,0.45,136,2.26667,False
0.3907183110713959,-0.05928167700767517,0.016530275344848633,-0.01963949017226696,-0.011750221252441406,-0.47143375873565674,0.04133325815200806,1.107914686203003,0.16473543643951416,2.8677432537078857,0.012906886637210846,4.978720664978027,5.0,5.0,0.45,137,2.28333,False
0.39052721858024597,-0.05947276949882507,0.01676654815673828,-0.020809229463338852,-0.011962413787841797,-0.47970038652420044,0.024543404579162598,1.139102578163147,0.16858230531215668,2.848168134689331,0.00039798367652110755,1.5815410614013672,5.0,5.0,0.45,138,2.3,False
0.3898956775665283,-0.060104310512542725,0.01753377914428711,-0.02262481302022934,-0.011564254760742188,-0.47267812490463257,0.04018580913543701,1.1796849966049194,0.492782860994339,2.7881810665130615,0.10870446264743805,5.0,5.0,5.0,0.45,139,2.31667,False
0.3890731632709503,-0.06092682480812073,0.018224716186523438,-0.024245746433734894,-0.01128387451171875,-0.4660971760749817,0.03942912817001343,1.1965795755386353,0.2766771912574768,2.712890148162842,0.05237038433551788,5.0,5.0,5.0,0.45,140,2.33333,False
0.3883812427520752,-0.06161874532699585,0.0186917781829834,-0.02543073147535324,-0.01126241683959961,-0.45862337946891785,0.03906142711639404,1.228000521659851,0.19967108964920044,2.665846109390259,0.008143081329762936,2.2763514518737793,5.0,5.0,0.45,141,2.35,False
0.38770970702171326,-0.06229028105735779,0.019440174102783203,-0.02686813473701477,-0.01087188720703125,-0.4558241367340088,0.03727102279663086,1.2548162937164307,0.37457698583602905,2.7892093658447266,0.04581056535243988,5.0,5.0,5.0,0.45,142,2.36667,False
0.38720232248306274,-0.0627976655960083,0.01998305320739746,-0.027939805760979652,-0.01073145866394043,-0.4545031189918518,0.031123489141464233,1.2837623357772827,0.3005680441856384,2.6533448696136475,0.02393648587167263,5.0,5.0,5.0,0.45,143,2.38333,False
0.3867673873901367,-0.06323260068893433,0.020430803298950195,-0.028713801875710487,-0.010727643966674805,-0.4390573501586914,0.03868564963340759,1.3080368041992188,0.20451880991458893,2.611259937286377,0.01099659688770771,3.186587333679199,5.0,5.0,0.45,144,2.4,False
0.38645121455192566,-0.06354877352714539,0.020839691162109375,-0.029337860643863678,-0.010719060897827148,-0.43894028663635254,0.041036903858184814,1.3383746147155762,0.33376210927963257,2.8034026622772217,0.05362265557050705,5.0,5.0,5.0,0.45,145,2.41667,False
0.3861424922943115,-0.06385749578475952,0.022096633911132812,-0.030852796509861946,-0.00967550277709961,-0.4272228479385376,0.04252713918685913,1.3585526943206787,0.31373360753059387,2.6786611080169678,0.015961596742272377,5.0,5.0,5.0,0.45,146,2.43333,False
0.38590264320373535,-0.0640973448753357,0.02295398712158203,-0.03165273368358612,-0.009163856506347656,-0.4065970182418823,0.03291916847229004,1.362315058708191,-0.020127680152654648,2.690412998199463,0.11160146445035934,-2.557248830795288,5.0,5.0,0.45,147,2.45,False
0.3859831988811493,-0.06401678919792175,0.02303290367126465,-0.031418170779943466,-0.009526729583740234,-0.40057528018951416,0.03429967164993286,1.3721065521240234,0.0822862982749939,2.889360189437866,0.05006860941648483,-3.859403133392334,5.0,5.0,0.45,148,2.46667,False
0.38631558418273926,-0.06368440389633179,0.023055076599121094,-0.031054159626364708,-0.009938478469848633,-0.39582574367523193,0.028681457042694092,1.3737820386886597,0.002125229686498642,2.849226236343384,0.008036530576646328,-4.89957332611084,5.0,5.0,0.45,149,2.48333,False
0.3867183029651642,-0.06328168511390686,0.023280858993530273,-0.03085947409272194,-0.010105133056640625,-0.3877144455909729,0.03063717484474182,1.3659025430679321,-0.05839134380221367,2.844867467880249,0.0036812543403357267,-2.848085880279541,5.0,5.0,0.45,150,2.5,False
0.3872663974761963,-0.06273359060287476,0.02337932586669922,-0.030450183898210526,-0.010406732559204102,-0.37940141558647156,0.03291583061218262,1.3440879583358765,-0.0757884681224823,2.9304654598236084,0.007629676256328821,-1.1472017765045166,5.0,5.0,0.45,151,2.51667,False
0.38812965154647827,-0.06187033653259277,0.022435426712036133,-0.028868110850453377,-0.01191401481628418,-0.38173678517341614,0.0244901180267334,1.3132319450378418,-0.2767186760902405,2.949714183807373,0.04074346274137497,-2.107138156890869,5.0,5.0,0.45,152,2.53333,False
0.3891356587409973,-0.06086432933807373,0.02077770233154297,-0.026508186012506485,-0.014273881912231445,-0.38948944211006165,0.03320670127868652,1.274617075920105,-0.3604310154914856,2.927335262298584,0.007508572190999985,-0.8057670593261719,5.0,5.0,0.45,153,2.55,False
0.39010822772979736,-0.05989176034927368,0.01967024803161621,-0.024816028773784637,-0.0158846378326416,-0.4040546119213104,0.04681050777435303,1.2509149312973022,-0.08339636027812958,3.0463273525238037,0.09090731292963028,1.6917078495025635,5.0,5.0,0.45,154,2.56667,False
0.3909958600997925,-0.059004127979278564,0.018684864044189453,-0.02331862598657608,-0.01734447479248047,-0.40637505054473877,0.03747555613517761,1.2239649295806885,-0.26410797238349915,2.9870285987854004,0.036173030734062195,-3.267787456512451,5.0,5.0,0.45,155,2.58333,False
0.3917872905731201,-0.05821269750595093,0.017205238342285156,-0.021391920745372772,-0.019414663314819336,-0.42072975635528564,0.03312450647354126,1.1959823369979858,-0.376624196767807,2.9393012523651123,0.014937800355255604,-2.2967910766601562,5.0,5.0,0.45,156,2.6,False
0.3925290107727051,-0.05747097730636597,0.015324831008911133,-0.019170012325048447,-0.021918535232543945,-0.4369058310985565,0.038182854652404785,1.1673247814178467,-0.36929312348365784,3.070178747177124,0.017182663083076477,0.29437255859375,5.0,5.0,0.45,157,2.61667,False
0.3931487202644348,-0.05685126781463623,0.013688087463378906,-0.017419150099158287,-0.024062633514404297,-0.46020179986953735,0.04043057560920715,1.1604810953140259,-0.20983321964740753,3.0627920627593994,0.025482023134827614,-5.0,5.0,5.0,0.45,158,2.63333,False
0.39363130927085876,-0.05636867880821228,0.01221609115600586,-0.016002964228391647,-0.026123523712158203,-0.47335976362228394,0.043317586183547974,1.1557892560958862,-0.2696605920791626,2.9291608333587646,0.021436620503664017,-3.8977842330932617,5.0,5.0,0.45,159,2.65,False
0.39411988854408264,-0.0558800995349884,0.010984420776367188,-0.015080428682267666,-0.0277864933013916,-0.4970356225967407,0.04267120361328125,1.1633429527282715,0.00819726288318634,3.0177927017211914,0.08506058901548386,0.04310441017150879,5.0,5.0,0.45,160,2.66667,False
0.3944642245769501,-0.05553576350212097,0.010376453399658203,-0.014995490200817585,-0.0287017822265625,-0.5120286345481873,0.047397464513778687,1.176564335823059,-0.05751478299498558,2.9548563957214355,0.008279051631689072,0.3009546995162964,2.898031234741211,2.898031234741211,0.45,161,2.68333,False
0.39457303285598755,-0.055426955223083496,0.010584115982055664,-0.015872281044721603,-0.02860546112060547,-0.5221922397613525,0.04875117540359497,1.1836533546447754,0.02330927923321724,2.924795627593994,0.007436178624629974,0.8519843816757202,5.0,5.0,0.45,162,2.7,False
0.3944169282913208,-0.055583059787750244,0.011135578155517578,-0.01711120456457138,-0.028127670288085938,-0.5227091312408447,0.04753337800502777,1.1857961416244507,0.1280844509601593,2.9381940364837646,0.011157354339957237,2.346829652786255,5.0,5.0,0.45,163,2.71667,False
0.3941829800605774,-0.05581700801849365,0.01104116439819336,-0.01773759350180626,-0.02837824821472168,-0.529202938079834,0.051494061946868896,1.206922173500061,0.14784029126167297,2.857891798019409,0.006838742643594742,2.538320779800415,5.0,5.0,0.45,164,2.73333,False
0.3939161002635956,-0.056083887815475464,0.011438131332397461,-0.018902964890003204,-0.028003931045532227,-0.5297998189926147,0.048865243792533875,1.2309467792510986,0.2706514000892639,2.8243980407714844,0.01620439998805523,4.174507141113281,5.0,5.0,0.45,165,2.75,False
0.39350664615631104,-0.05649334192276001,0.0121917724609375,-0.02040141075849533,-0.027179479598999023,-0.5273794531822205,0.05060936510562897,1.2591500282287598,0.17970912158489227,2.8230373859405518,0.008272349834442139,3.4125185012817383,5.0,5.0,0.45,166,2.76667,False
0.3929896056652069,-0.057010382413864136,0.012436151504516602,-0.0213115606456995,-0.026996850967407227,-0.5236198306083679,0.050355732440948486,1.273550271987915,0.06441300362348557,2.7669947147369385,0.016433976590633392,-0.33361828327178955,5.0,5.0,0.45,167,2.78333,False
0.3924781084060669,-0.05752187967300415,0.013300418853759766,-0.022808637470006943,-0.026029109954833984,-0.5264971852302551,0.051798805594444275,1.2954524755477905,0.36764711141586304,2.8142340183258057,0.09418247640132904,5.0,5.0,5.0,0.45,168,2.8,False
0.39206427335739136,-0.05793571472167969,0.013361215591430664,-0.02346137911081314,-0.026008129119873047,-0.5195420980453491,0.0413207933306694,1.3162916898727417,0.1884143203496933,2.712466239929199,0.04248107224702835,5.0,5.0,5.0,0.45,169,2.81667,False
0.3915582001209259,-0.05844178795814514,0.01410531997680664,-0.024694625288248062,-0.025173664093017578,-0.5127480626106262,0.05036260187625885,1.3288848400115967,0.26079681515693665,2.7074365615844727,0.005264522973448038,4.671995639801025,5.0,5.0,0.45,170,2.83333,False
0.3912816345691681,-0.058718353509902954,0.014005899429321289,-0.025030501186847687,-0.025274991989135742,-0.5103811025619507,0.047527484595775604,1.3537793159484863,0.22738371789455414,2.799640417098999,0.009617986157536507,3.7742867469787598,5.0,5.0,0.45,171,2.85,False
0.3910037875175476,-0.05899620056152344,0.013560771942138672,-0.024963919073343277,-0.025824785232543945,-0.5116881728172302,0.05020330101251602,1.3645434379577637,0.13164958357810974,2.760857343673706,0.010669151321053505,3.591834783554077,5.0,5.0,0.45,172,2.86667,False
0.3908463716506958,-0.059153616428375244,0.013265132904052734,-0.02507329173386097,-0.026113271713256836,-0.5174142122268677,0.05671582743525505,1.3822213411331177,0.28780582547187805,2.7730929851531982,0.02453448250889778,-5.0,5.0,5.0,0.45,173,2.88333,False
0.3905786871910095,-0.05942130088806152,0.013299942016601562,-0.0254319179803133,-0.02605462074279785,-0.5169859528541565,0.044690877199172974,1.3854336738586426,0.1894376426935196,2.8072683811187744,0.010844256728887558,5.0,5.0,5.0,0.45,174,2.9,False
0.3903534412384033,-0.059646546840667725,0.013840675354003906,-0.0262581929564476,-0.025345563888549805,-0.5207801461219788,0.04030714929103851,1.3910616636276245,0.33518102765083313,2.741826057434082,0.025523832067847252,1.5963029861450195,5.0,5.0,0.45,175,2.91667,False
0.3902570903301239,-0.059742897748947144,0.014228343963623047,-0.026867112144827843,-0.02480769157409668,-0.5164270997047424,0.03479720279574394,1.3932061195373535,0.11185029149055481,2.7071709632873535,0.05107759311795235,5.0,5.0,5.0,0.45,176,2.93333,False
0.39009982347488403,-0.05990016460418701,0.014674186706542969,-0.027393724769353867,-0.024198293685913086,-0.5034715533256531,0.04504937306046486,1.3804432153701782,0.09679973125457764,2.7929227352142334,0.0075798858888447285,-0.16527390480041504,5.0,5.0,0.45,177,2.95,False
0.39009806513786316,-0.059901922941207886,0.01457071304321289,-0.027279354631900787,-0.02416849136352539,-0.49538081884384155,0.04589610546827316,1.3870325088500977,0.21079464256763458,2.84108304977417,0.015314255841076374,2.229391098022461,5.0,5.0,0.45,178,2.96667,False
0.3903258442878723,-0.05967414379119873,0.013766050338745117,-0.02641097456216812,-0.024968862533569336,-0.49647459387779236,0.049378156661987305,1.3935189247131348,-0.03449447080492973,2.839916467666626,0.06016810983419418,-0.8189382553100586,5.0,5.0,0.45,179,2.98333,False
0.390736848115921,-0.059263139963150024,0.01305699348449707,-0.02561916783452034,-0.025645017623901367,-0.5015774369239807,0.04111730307340622,1.3825092315673828,-0.0590374730527401,2.831037998199463,0.000681186153087765,0.2935396432876587,5.0,5.0,0.45,180,3.0,False
0.39114680886268616,-0.05885317921638489,0.01262354850769043,-0.0250485111027956,-0.026012182235717773,-0.5038126707077026,0.05336172133684158,1.3619344234466553,-0.09647543728351593,2.935971260070801,0.01241259090602398,0.6359894275665283,5.0,5.0,0.45,181,3.01667,False
0.3916538953781128,-0.05834609270095825,0.01220703125,-0.024513665586709976,-0.026276826858520508,-0.507525622844696,0.0579691007733345,1.3498574495315552,0.08849430084228516,2.901390552520752,0.035409629344940186,3.7885072231292725,5.0,5.0,0.45,182,3.03333,False
0.3920452892780304,-0.05795469880104065,0.011077404022216797,-0.023233091458678246,-0.027379751205444336,-0.514307975769043,0.058835238218307495,1.344643473625183,0.03908301517367363,2.8711841106414795,0.0033539042342454195,3.533738136291504,5.0,5.0,0.45,183,3.05,False
0.392440527677536,-0.057559460401535034,0.010171890258789062,-0.022209055721759796,-0.02818918228149414,-0.5205045938491821,0.05432236194610596,1.346421241760254,-0.10051584243774414,2.9314467906951904,0.023119432851672173,-1.9336001873016357,5.0,5.0,0.45,184,3.06667,False
0.3928878903388977,-0.05711209774017334,0.009818553924560547,-0.021782374009490013,-0.028336286544799805,-0.5241763591766357,0.056306809186935425,1.3437156677246094,-0.08356612920761108,2.9700310230255127,0.0017760357586666942,-1.684747338294983,5.0,5.0,0.45,185,3.08333,False
0.3933441638946533,-0.056655824184417725,0.009503602981567383,-0.02139640972018242,-0.028434276580810547,-0.5249295234680176,0.06068013608455658,1.3333709239959717,-0.08170852065086365,2.9777629375457764,6.323320849332958e-05,-1.0699435472488403,5.0,5.0,0.45,186,3.1,False
0.39383527636528015,-0.056164711713790894,0.008794546127319336,-0.020623598247766495,-0.02890777587890625,-0.5290483236312866,0.05713273584842682,1.3285415172576904,0.029824212193489075,2.929867744445801,0.01473350077867508,0.9912508726119995,5.0,5.0,0.45,187,3.11667,False
0.3942900598049164,-0.05570992827415466,0.00806427001953125,-0.019819632172584534,-0.029496192932128906,-0.5313620567321777,0.060493141412734985,1.3188982009887695,-0.16316533088684082,2.892564296722412,0.03863651305437088,-0.8734965324401855,5.0,5.0,0.45,188,3.13333,False
0.39477843046188354,-0.0552215576171875,0.006840944290161133,-0.018588587641716003,-0.030562400817871094,-0.5464626550674438,0.06443482637405396,1.3208727836608887,0.06437225639820099,2.943519353866577,0.05436977371573448,2.5174427032470703,5.0,5.0,0.45,189,3.15,False
0.39519965648651123,-0.054800331592559814,0.005694150924682617,-0.01753712072968483,-0.03155803680419922,-0.5569967031478882,0.05685955286026001,1.3250383138656616,-0.07858750224113464,2.9091956615448,0.021615607663989067,1.454941749572754,5.0,5.0,0.45,190,3.16667,False
0.39536386728286743,-0.05463612079620361,0.005120515823364258,-0.01719522662460804,-0.0318601131439209,-0.5698435306549072,0.05435493588447571,1.3260401487350464,0.028163548558950424,2.8779690265655518,0.012370890937745571,2.797574996948242,5.0,5.0,0.45,191,3.18333,False
0.39533185958862305,-0.054668128490448,0.005532503128051758,-0.01802927814424038,-0.03094959259033203,-0.5770844221115112,0.05629768967628479,1.3307864665985107,0.2331872135400772,2.918492078781128,0.043676819652318954,4.968414306640625,5.0,5.0,0.45,192,3.2,False
0.3951702117919922,-0.05482977628707886,0.005944013595581055,-0.018886270001530647,-0.030042648315429688,-0.5760687589645386,0.04797351360321045,1.3415417671203613,0.09626990556716919,2.8564484119415283,0.022595766931772232,1.8260185718536377,5.0,5.0,0.45,193,3.21667,False
0.3949103355407715,-0.05508965253829956,0.006079673767089844,-0.01944478042423725,-0.02942657470703125,-0.5706087350845337,0.0539168119430542,1.3493800163269043,0.10323026776313782,2.8313064575195312,0.0006805644952692091,3.0506389141082764,5.0,5.0,0.45,194,3.23333,False
0.39479875564575195,-0.05520123243331909,0.006059885025024414,-0.01983571983873844,-0.028972148895263672,-0.5726792812347412,0.03993546962738037,1.3594049215316772,-0.0062316469848155975,2.909151554107666,0.01804177090525627,-1.1227315664291382,5.0,5.0,0.45,195,3.25,False
0.3948560357093811,-0.05514395236968994,0.0061991214752197266,-0.020395657047629356,-0.028328895568847656,-0.567920446395874,0.04275062680244446,1.359419822692871,-0.02061881497502327,2.8445210456848145,0.004384093452244997,-1.3769197463989258,5.0,5.0,0.45,196,3.26667,False
0.3949853777885437,-0.055014610290527344,0.0060770511627197266,-0.02058863639831543,-0.027954578399658203,-0.5639094114303589,0.04100087285041809,1.35507333278656,0.005911853164434433,2.857980728149414,0.0008850394515320659,-0.33272331953048706,5.0,5.0,0.45,197,3.28333,False
0.39515557885169983,-0.054844409227371216,0.005793333053588867,-0.02050597406923771,-0.027788400650024414,-0.5639364719390869,0.04007458686828613,1.3451374769210815,-0.055831100791692734,2.851930618286133,0.003848796244710684,-0.25086963176727295,5.0,5.0,0.45,198,3.3,False
0.39550691843032837,-0.054493069648742676,0.005660295486450195,-0.020612219348549843,-0.027406692504882812,-0.566330075263977,0.05528467893600464,1.3388586044311523,0.039368417114019394,2.8366334438323975,0.009296951815485954,1.2978519201278687,5.0,5.0,0.45,199,3.31667,False
0.39583563804626465,-0.054164350032806396,0.004894256591796875,-0.019946757704019547,-0.027742385864257812,-0.5653116703033447,0.057132184505462646,1.3329426050186157,-0.03822078928351402,2.8984901905059814,0.009846341796219349,1.513025164604187,5.0,5.0,0.45,200,3.33333,False
0.3960689902305603,-0.05393099784851074,0.003796815872192383,-0.01887001097202301,-0.028458595275878906,-0.5767096281051636,0.052532315254211426,1.331502914428711,-0.0386754535138607,2.8960516452789307,6.153222329885466e-06,2.6193346977233887,5.0,5.0,0.45,201,3.35,False
0.3961077034473419,-0.053892284631729126,0.0027637481689453125,-0.01792415976524353,-0.029110193252563477,-0.5876703262329102,0.04827803373336792,1.3235026597976685,-0.045665811747312546,2.8799426555633545,0.00030836465884931386,3.1313211917877197,5.0,5.0,0.45,202,3.36667,False
0.3960188031196594,-0.05398118495941162,0.0027549266815185547,-0.01842179335653782,-0.02851080894470215,-0.5955475568771362,0.05883115530014038,1.3351577520370483,0.17455467581748962,2.9401066303253174,0.052116770297288895,1.467456340789795,5.0,5.0,0.45,203,3.38333,False
0.3958616852760315,-0.05413830280303955,0.003400564193725586,-0.0197700597345829,-0.027126789093017578,-0.5863800644874573,0.05021190643310547,1.350656509399414,0.1429879367351532,2.8274142742156982,0.013696026057004929,-0.6209168434143066,5.0,5.0,0.45,204,3.4,False
0.3955534100532532,-0.05444657802581787,0.003834247589111328,-0.02074062079191208,-0.025967836380004883,-0.5747258067131042,0.05458426475524902,1.3571163415908813,0.035388145595788956,2.8499720096588135,0.012086567468941212,-3.6183087825775146,5.0,5.0,0.45,205,3.41667,False
0.3954490125179291,-0.05455097556114197,0.003690958023071289,-0.0209471695125103,-0.025464296340942383,-0.5725247859954834,0.04545938968658447,1.3738784790039062,0.12200024724006653,2.902937889099121,0.010307040996849537,0.591285228729248,5.0,5.0,0.45,206,3.43333,False
0.39538609981536865,-0.05461388826370239,0.0035958290100097656,-0.021193692460656166,-0.02488875389099121,-0.5683207511901855,0.05583387613296509,1.38495671749115,0.06313642859458923,2.8628342151641846,0.005073253996670246,-1.4791719913482666,5.0,5.0,0.45,207,3.45,False
0.39539840817451477,-0.054601579904556274,0.0034499168395996094,-0.021362856030464172,-0.02433156967163086,-0.5641546249389648,0.0627126693725586,1.3964927196502686,0.1338101327419281,2.8812029361724854,0.005332182161509991,1.779982089996338,5.0,5.0,0.45,208,3.46667,False
0.3954436182975769,-0.05455636978149414,0.0034894943237304688,-0.021732032299041748,-0.023560762405395508,-0.5599868893623352,0.049881815910339355,1.3987443447113037,0.04851772263646126,2.851067066192627,0.008182966150343418,0.5153021812438965,5.0,5.0,0.45,209,3.48333,False
0.39556774497032166,-0.05443224310874939,0.0034012794494628906,-0.021864483132958412,-0.022956132888793945,-0.5536682605743408,0.04400557279586792,1.3832118511199951,-0.041963618248701096,2.850700855255127,0.008187007158994675,0.10284292697906494,5.0,5.0,0.45,210,3.5,False
0.39586877822875977,-0.05413120985031128,0.0032999515533447266,-0.021911663934588432,-0.022310972213745117,-0.5543102622032166,0.04979068040847778,1.3767369985580444,0.10614435374736786,2.8696444034576416,0.02229483053088188,1.7965666055679321,5.0,5.0,0.45,211,3.51667,False
0.39610132575035095,-0.05389866232872009,0.002693653106689453,-0.02110448107123375,-0.022301912307739258,-0.550304114818573,0.049381911754608154,1.3611817359924316,-0.017593469470739365,2.861316680908203,0.01538040116429329,1.705155372619629,5.0,5.0,0.45,212,3.53333,False
0.3964306116104126,-0.05356937646865845,0.0018818378448486328,-0.019952887669205666,-0.02251291275024414,-0.5593329668045044,0.051872313022613525,1.358728289604187,0.01681656762957573,2.8796093463897705,0.0015186723321676254,2.0359253883361816,5.0,5.0,0.45,213,3.55,False
0.39675891399383545,-0.053241074085235596,0.0012829303741455078,-0.019214417785406113,-0.022440671920776367,-0.5662925839424133,0.057777464389801025,1.3563634157180786,0.022418823093175888,2.9304232597351074,0.0026134392246603966,3.1287362575531006,5.0,5.0,0.45,214,3.56667,False
0.39687150716781616,-0.05312848091125488,0.0005500316619873047,-0.018227582797408104,-0.02252793312072754,-0.5754296183586121,0.058470726013183594,1.3498170375823975,-0.007924146950244904,2.924827814102173,0.0009520048624835908,3.862421989440918,5.0,5.0,0.45,215,3.58333,False
0.39688944816589355,-0.05311053991317749,0.00019216537475585938,-0.018020350486040115,-0.022175073623657227,-0.584132730960846,0.05157214403152466,1.350303292274475,0.11104238033294678,2.887824058532715,0.015522312372922897,-0.6213395595550537,5.0,5.0,0.45,216,3.6,False
0.39683058857917786,-0.05316939949989319,4.0531158447265625e-06,-0.01818208396434784,-0.02158498764038086,-0.5839335322380066,0.04969310760498047,1.3700687885284424,0.11529241502285004,2.9135499000549316,0.0006798817194066942,-0.32068943977355957,5.0,5.0,0.45,217,3.61667,False
0.39674293994903564,-0.0532570481300354,-0.00011587142944335938,-0.018497459590435028,-0.020880937576293945,-0.5845981240272522,0.049237608909606934,1.3922175168991089,0.10659116506576538,2.8706212043762207,0.0019185846904292703,-1.112858772277832,5.0,5.0,0.45,218,3.63333,False
0.3966238498687744,-0.05337613821029663,-0.00017571449279785156,-0.018974922597408295,-0.02008652687072754,-0.5807731747627258,0.0538405179977417,1.4082679748535156,0.055471330881118774,2.8656458854675293,0.002637991216033697,-0.36460137367248535,5.0,5.0,0.45,219,3.65,False
0.39651280641555786,-0.053487181663513184,-0.00037860870361328125,-0.01912899874150753,-0.019453763961791992,-0.5787521004676819,0.058365046977996826,1.41641104221344,0.027694374322891235,2.88812255859375,0.0012767601292580366,-0.22787123918533325,5.0,5.0,0.45,220,3.66667,False
0.39647194743156433,-0.053528040647506714,-0.0004096031188964844,-0.019692327827215195,-0.018607378005981445,-0.5735016465187073,0.0477641224861145,1.4179425239562988,0.08934150636196136,2.85774564743042,0.0047231256030499935,0.6777455806732178,5.0,5.0,0.45,221,3.68333,False
0.3965805470943451,-0.05341944098472595,-0.0004506111145019531,-0.020206334069371223,-0.017742156982421875,-0.5731397867202759,0.04960441589355469,1.4271221160888672,0.08716296404600143,2.8731555938720703,0.0002422124962322414,0.7592447996139526,5.0,5.0,0.45,222,3.7,False
0.39669665694236755,-0.05330333113670349,-0.0005784034729003906,-0.020353781059384346,-0.0170133113861084,-0.5610856413841248,0.04723525047302246,1.407562017440796,-0.1053941547870636,2.811591386795044,0.04086839780211449,-0.653099775314331,5.0,5.0,0.45,223,3.71667,False
0.3970586955547333,-0.05294129252433777,-0.0009133815765380859,-0.019906610250473022,-0.016492366790771484,-0.5660116672515869,0.04922598600387573,1.400140643119812,0.09301057457923889,2.911641836166382,0.0493745282292366,1.4410407543182373,5.0,5.0,0.45,224,3.73333,False
0.3974830210208893,-0.05251696705818176,-0.0012011528015136719,-0.019422756507992744,-0.015923500061035156,-0.5676235556602478,0.04858595132827759,1.3929119110107422,-0.06433290243148804,2.8727614879608154,0.026268651708960533,0.7718404531478882,5.0,5.0,0.45,225,3.75,False
0.39778855443000793,-0.05221143364906311,-0.0015475749969482422,-0.018611272796988487,-0.015424489974975586,-0.5720220804214478,0.04910224676132202,1.3873138427734375,0.002570781856775284,2.86842942237854,0.004494869150221348,3.5786354541778564,5.0,5.0,0.45,226,3.76667,False
0.39809441566467285,-0.05190557241439819,-0.0017964839935302734,-0.01836393214762211,-0.014807701110839844,-0.5756772756576538,0.048830389976501465,1.378186821937561,0.03545442596077919,2.956632375717163,0.00886109471321106,2.550443172454834,5.0,5.0,0.45,227,3.78333,False
0.3983832895755768,-0.05161669850349426,-0.002153158187866211,-0.017725544050335884,-0.014318466186523438,-0.5758012533187866,0.04265028238296509,1.3678722381591797,-0.11753089725971222,2.887723207473755,0.028152981773018837,1.1242554187774658,5.0,5.0,0.45,228,3.8,False
0.39857932925224304,-0.051420658826828,-0.002427339553833008,-0.01745845191180706,-0.013733863830566406,-0.5814260244369507,0.04705846309661865,1.3651082515716553,0.05925339460372925,2.9250619411468506,0.032646868377923965,-0.6077531576156616,5.0,5.0,0.45,229,3.81667,False
0.3987812399864197,-0.05121874809265137,-0.0025548934936523438,-0.017668591812253,-0.012959718704223633,-0.5764275789260864,0.04701191186904907,1.3641318082809448,0.02091212198138237,2.9716999530792236,0.003645157441496849,-0.4671933650970459,5.0,5.0,0.45,230,3.83333,False
0.398978590965271,-0.05102139711380005,-0.002812623977661133,-0.017237219959497452,-0.012339591979980469,-0.5771229267120361,0.05407547950744629,1.3656508922576904,-0.05229264125227928,2.893711805343628,0.011441088281571865,-0.5806788206100464,4.5218963623046875,4.5218963623046875,0.45,231,3.85,False
0.3991948962211609,-0.050805091857910156,-0.0031087398529052734,-0.016534222289919853,-0.011757373809814453,-0.5824930667877197,0.06122809648513794,1.3628273010253906,-0.03990304842591286,2.927189826965332,0.0012742799008265138,0.324984073638916,5.0,5.0,0.45,232,3.86667,False
0.3994649052619934,-0.05053508281707764,-0.0033206939697265625,-0.016307324171066284,-0.011078834533691406,-0.5904794335365295,0.05998635292053223,1.360065221786499,-0.012670975178480148,2.9605720043182373,0.001855955459177494,1.3041082620620728,5.0,5.0,0.45,233,3.88333,False
0.399693101644516,-0.050306886434555054,-0.0035247802734375,-0.0163944810628891,-0.010384798049926758,-0.5908738374710083,0.05138152837753296,1.3611565828323364,0.1117437332868576,2.8841793537139893,0.02131485752761364,3.5580310821533203,5.0,5.0,0.45,234,3.9,False
0.39976784586906433,-0.050232142210006714,-0.003731966018676758,-0.015929022803902626,-0.009685993194580078,-0.5962253212928772,0.05105328559875488,1.364322543144226,0.0028241239488124847,2.8942224979400635,0.01196434535086155,2.089508056640625,5.0,5.0,0.45,235,3.91667,False
0.39977291226387024,-0.050227075815200806,-0.003969669342041016,-0.015391704626381397,-0.009020090103149414,-0.6072925329208374,0.04916024208068848,1.3679094314575195,0.07134641706943512,2.8828909397125244,0.004823708441108465,3.7505760192871094,5.0,5.0,0.45,236,3.93333,False
0.3996569812297821,-0.05034300684928894,-0.004198312759399414,-0.0151422880589962,-0.008342742919921875,-0.6187182068824768,0.06416821479797363,1.372059941291809,0.10902166366577148,2.889674186706543,0.0014654366532340646,4.789288520812988,5.0,5.0,0.45,237,3.95,False
0.3993781507015228,-0.05062183737754822,-0.004403829574584961,-0.0156838521361351,-0.007636070251464844,-0.6233569383621216,0.052266478538513184,1.3756886720657349,0.1730382889509201,2.8507320880889893,0.005614615511149168,5.0,5.0,5.0,0.45,238,3.96667,False
0.39905884861946106,-0.050941139459609985,-0.004614830017089844,-0.016528094187378883,-0.006925821304321289,-0.6305161714553833,0.05484122037887573,1.3967033624649048,0.2382596880197525,2.8272202014923096,0.0048066396266222,3.6508872509002686,5.0,5.0,0.45,239,3.98333,False
0.3985711932182312,-0.051428794860839844,-0.0048220157623291016,-0.01789260283112526,-0.00620579719543457,-0.6171871423721313,0.044697463512420654,1.4029985666275024,0.08503392338752747,2.8010733127593994,0.024161795154213905,0.44697046279907227,5.0,5.0,0.45,240,4.0,False
0.3982703387737274,-0.05172964930534363,-0.00516057014465332,-0.018779899924993515,-0.0056302547454833984,-0.614585816860199,0.04846680164337158,1.424100637435913,0.23255236446857452,2.8635292053222656,0.025662429630756378,3.234041690826416,5.0,5.0,0.45,241,4.01667,False
0.3979974389076233,-0.052002549171447754,-0.005540370941162109,-0.018968651071190834,-0.005097389221191406,-0.6040151715278625,0.039445459842681885,1.4292664527893066,0.020647672936320305,2.802219867706299,0.04866243526339531,0.5743423700332642,5.0,5.0,0.45,242,4.03333,False
0.3978384733200073,-0.05216151475906372,-0.0059163570404052734,-0.019326478242874146,-0.004555463790893555,-0.6067838072776794,0.04019749164581299,1.4327183961868286,0.1316208839416504,2.8449275493621826,0.01413899939507246,1.8666651248931885,5.0,5.0,0.45,243,4.05,False
0.3977586030960083,-0.052241384983062744,-0.006422519683837891,-0.02033129706978798,-0.004172563552856445,-0.6005790829658508,0.049255430698394775,1.4371360540390015,0.21830008924007416,2.872462272644043,0.008271445520222187,3.9811837673187256,5.0,5.0,0.45,244,4.06667,False
0.39773398637771606,-0.05226600170135498,-0.00688624382019043,-0.020619824528694153,-0.003737211227416992,-0.5955116152763367,0.03533679246902466,1.4302606582641602,0.008326780050992966,2.8342642784118652,0.04554787650704384,1.90743088722229,5.0,5.0,0.45,245,4.08333,False
0.39779186248779297,-0.052208125591278076,-0.007380247116088867,-0.02080468274652958,-0.003349781036376953,-0.5906146764755249,0.044484078884124756,1.4260493516921997,0.12688922882080078,2.855131149291992,0.014492479152977467,3.6538026332855225,5.0,5.0,0.45,246,4.1,False
0.39790230989456177,-0.05209767818450928,-0.007669210433959961,-0.0197718758136034,-0.0027189254760742188,-0.5951578617095947,0.03457140922546387,1.4199849367141724,-0.10284711420536041,2.9226131439208984,0.057332608848810196,2.3928842544555664,5.0,5.0,0.45,247,4.11667,False
0.39816489815711975,-0.051835089921951294,-0.008015632629394531,-0.019307279959321022,-0.002161741256713867,-0.6009325981140137,0.03320544958114624,1.4117722511291504,-0.06199358031153679,2.863138198852539,0.005206280387938023,-1.6989095211029053,5.0,5.0,0.45,248,4.13333,False
0.3984610438346863,-0.051538944244384766,-0.008411169052124023,-0.019512109458446503,-0.0016765594482421875,-0.5983810424804688,0.03528138995170593,1.4038079977035522,-0.02020680531859398,2.90885329246521,0.0038360042963176966,-1.191249132156372,5.0,5.0,0.45,249,4.15,False
0.39876121282577515,-0.0512387752532959,-0.008711814880371094,-0.01962459832429886,-0.0010826587677001953,-0.5933380126953125,0.03750362992286682,1.3892489671707153,-0.09066739678382874,2.902968645095825,0.004999323282390833,-1.3225035667419434,5.0,5.0,0.45,250,4.16667,False
0.3991950452327728,-0.05080494284629822,-0.008949756622314453,-0.01956721395254135,-0.0004291534423828125,-0.5922226905822754,0.05233260989189148,1.3774428367614746,-0.05366194620728493,2.862600803375244,0.0029989660251885653,0.05771529674530029,5.0,5.0,0.45,251,4.18333,False
0.39962753653526306,-0.05037245154380798,-0.008976221084594727,-0.01871635764837265,0.0004558563232421875,-0.5928651094436646,0.05582237243652344,1.361479640007019,-0.11822222173213959,2.959054470062256,0.013471339829266071,0.6562919616699219,5.0,5.0,0.45,252,4.2,False
0.39995500445365906,-0.05004498362541199,-0.008795499801635742,-0.017559830099344254,0.0015714168548583984,-0.601546049118042,0.05192607641220093,1.3483808040618896,-0.08503945171833038,2.947981119155884,0.001223715371452272,2.0412495136260986,5.0,5.0,0.45,253,4.21667,False
0.4000866413116455,-0.04991334676742554,-0.008538484573364258,-0.01635988987982273,0.0027778148651123047,-0.6108566522598267,0.04828113317489624,1.3372046947479248,-0.16190503537654877,2.9236724376678467,0.006499229930341244,0.5033516883850098,5.0,5.0,0.45,254,4.23333,False
0.40017709136009216,-0.04982289671897888,-0.008503198623657227,-0.015934033319354057,0.003703594207763672,-0.6257824301719666,0.04553869366645813,1.3317831754684448,0.007414150983095169,2.977991819381714,0.03161957859992981,1.401604413986206,5.0,5.0,0.45,255,4.25,False
0.40023115277290344,-0.0497688353061676,-0.00868988037109375,-0.016285575926303864,0.0043485164642333984,-0.6312336921691895,0.04195210337638855,1.3303459882736206,0.03895329311490059,2.9038188457489014,0.006496347486972809,2.430168628692627,5.0,5.0,0.45,256,4.26667,False
0.40006792545318604,-0.04993206262588501,-0.008983373641967773,-0.017102258279919624,0.004876136779785156,-0.6241183280944824,0.044448524713516235,1.3235822916030884,-0.044712286442518234,2.9010062217712402,0.007007839623838663,-1.4232192039489746,5.0,5.0,0.45,257,4.28333,False
0.40002739429473877,-0.049972593784332275,-0.009220123291015625,-0.01760553941130638,0.005432605743408203,-0.6206976175308228,0.047483742237091064,1.3242636919021606,0.09458012878894806,2.934692859649658,0.02053716778755188,1.381873369216919,5.0,5.0,0.45,258,4.3,False
0.3999444842338562,-0.050055503845214844,-0.009137868881225586,-0.0173038300126791,0.006379604339599609,-0.6205500364303589,0.04996171593666077,1.329115390777588,-0.02304474636912346,2.9273602962493896,0.013889377936720848,1.2357537746429443,5.0,5.0,0.45,259,4.31667,False
0.39990854263305664,-0.050091445446014404,-0.009127616882324219,-0.01718411222100258,0.007236003875732422,-0.620471179485321,0.04678574204444885,1.3252220153808594,-0.028078828006982803,2.9151785373687744,0.000173737236764282,1.0830967426300049,5.0,5.0,0.45,260,4.33333,False
0.3998415768146515,-0.050158411264419556,-0.009193897247314453,-0.017228784039616585,0.007976531982421875,-0.6210402250289917,0.04800271987915039,1.3228002786636353,0.05801394581794739,2.933610439300537,0.00775170000270009,3.0301122665405273,5.0,5.0,0.45,261,4.35,False
0.3997645080089569,-0.050235480070114136,-0.008980512619018555,-0.016662683337926865,0.009055852890014648,-0.6276414394378662,0.05897486209869385,1.323406457901001,0.005735371261835098,2.910841703414917,0.003251464804634452,3.3832948207855225,5.0,5.0,0.45,262,4.36667,False
0.39966848492622375,-0.05033150315284729,-0.008929967880249023,-0.01657228171825409,0.00991058349609375,-0.6372260451316833,0.05814126133918762,1.326649785041809,0.1806730479001999,2.8604063987731934,0.03314691409468651,5.0,5.0,5.0,0.45,263,4.38333,False
0.39949601888656616,-0.05050396919250488,-0.009229421615600586,-0.01724434271454811,0.010358572006225586,-0.6349247694015503,0.049787938594818115,1.3359447717666626,-0.003086153417825699,2.872385263442993,0.03391093760728836,-0.8386916518211365,5.0,5.0,0.45,264,4.4,False
0.39933615922927856,-0.05066382884979248,-0.009375572204589844,-0.017568571493029594,0.010994434356689453,-0.6279743909835815,0.049928218126297,1.3342169523239136,0.0013618990778923035,2.8428590297698975,0.0008915836806409061,0.5175681114196777,5.0,5.0,0.45,265,4.41667,False
0.3992406725883484,-0.050759315490722656,-0.009540796279907227,-0.017904838547110558,0.011563301086425781,-0.629660964012146,0.05503961443901062,1.3538748025894165,0.22499096393585205,2.911470890045166,0.0547175407409668,2.7735514640808105,5.0,5.0,0.45,266,4.43333,False
0.39904698729515076,-0.05095300078392029,-0.01023244857788086,-0.019128751009702682,0.01151132583618164,-0.620596170425415,0.056138649582862854,1.3699077367782593,0.14837591350078583,2.844822406768799,0.010311886668205261,1.0968477725982666,5.0,5.0,0.45,267,4.45,False
0.3988257944583893,-0.05117419362068176,-0.010910511016845703,-0.02022108994424343,0.01148676872253418,-0.6088149547576904,0.05626825988292694,1.3768444061279297,0.09115247428417206,2.850480318069458,0.003306533908471465,0.6446099281311035,5.0,5.0,0.45,268,4.46667,False
0.3987257480621338,-0.051274240016937256,-0.011252164840698242,-0.020520275458693504,0.01183772087097168,-0.5964545011520386,0.05781906843185425,1.374923825263977,0.04756598174571991,2.9366648197174072,0.009327550418674946,0.6122201085090637,5.0,5.0,0.45,269,4.48333,False
0.3987535834312439,-0.05124640464782715,-0.0110015869140625,-0.01983409933745861,0.012882232666015625,-0.5955088138580322,0.05481424927711487,1.3710469007492065,0.027132879942655563,2.9188296794891357,0.0007356038549914956,0.9667743444442749,5.0,5.0,0.45,270,4.5,False
0.3988686501979828,-0.05113133788108826,-0.010796546936035156,-0.019307561218738556,0.013866186141967773,-0.5967745780944824,0.05798754096031189,1.3633527755737305,0.027798445895314217,2.8612401485443115,0.0033169970847666264,1.4865938425064087,5.0,5.0,0.45,271,4.51667,False
0.3990171551704407,-0.05098283290863037,-0.010452508926391602,-0.01862555742263794,0.014992237091064453,-0.6034547090530396,0.06540481746196747,1.3627700805664062,0.05697021260857582,2.90427565574646,0.002703046891838312,2.9637725353240967,5.0,5.0,0.45,272,4.53333,False
0.39920729398727417,-0.050792694091796875,-0.010869026184082031,-0.019038254395127296,0.015196084976196289,-0.6027754545211792,0.062041327357292175,1.365752100944519,0.14460454881191254,2.8760945796966553,0.008473950438201427,4.551473617553711,5.0,5.0,0.45,273,4.55,False
0.39924195408821106,-0.050758033990859985,-0.010806083679199219,-0.018778420984745026,0.01593947410583496,-0.5990641713142395,0.06290075182914734,1.3650832176208496,0.023386145010590553,2.866137981414795,0.014793035574257374,3.4571805000305176,5.0,5.0,0.45,274,4.56667,False
0.39926445484161377,-0.050735533237457275,-0.010418415069580078,-0.01804806850850582,0.01709461212158203,-0.6036050915718079,0.058760300278663635,1.3579286336898804,-0.04276290908455849,2.883159637451172,0.00466543436050415,3.5745227336883545,5.0,5.0,0.45,275,4.58333,False
0.39927423000335693,-0.05072575807571411,-0.010336637496948242,-0.017771020531654358,0.017848968505859375,-0.6077498197555542,0.05412726104259491,1.3580378293991089,0.056537926197052,2.909482717514038,0.010553560219705105,-1.5812655687332153,5.0,5.0,0.45,276,4.6,False
0.39927154779434204,-0.050728440284729004,-0.010350942611694336,-0.01768522523343563,0.01845860481262207,-0.6059821248054504,0.06320703774690628,1.3676711320877075,0.017981071025133133,2.926649332046509,0.0017813238082453609,-0.9914547801017761,5.0,5.0,0.45,277,4.61667,False
0.39930060505867004,-0.050699383020401,-0.01066136360168457,-0.017988935112953186,0.01873469352722168,-0.6034388542175293,0.04739756882190704,1.3701359033584595,-0.027541693300008774,2.8732571601867676,0.004923046100884676,-0.9058518409729004,5.0,5.0,0.45,278,4.63333,False
0.3993932604789734,-0.050606727600097656,-0.011029481887817383,-0.0182961318641901,0.018932104110717773,-0.5993708372116089,0.04743652790784836,1.361830234527588,-0.019617516547441483,2.902884006500244,0.0009405426098965108,-0.4166015386581421,5.0,5.0,0.45,279,4.65,False
0.3996530771255493,-0.05034691095352173,-0.011246204376220703,-0.01844460889697075,0.01926565170288086,-0.5949391722679138,0.05086778104305267,1.3525351285934448,-0.03746379539370537,2.9276609420776367,0.0009323862032033503,-0.18400907516479492,5.0,5.0,0.45,280,4.66667,False
0.3998759984970093,-0.05012398958206177,-0.01099252700805664,-0.017923790961503983,0.020146608352661133,-0.5915008783340454,0.04567185789346695,1.3421781063079834,0.07512272894382477,2.8967831134796143,0.013629166409373283,2.0704100131988525,5.0,5.0,0.45,281,4.68333,False
0.400160014629364,-0.04983997344970703,-0.010299205780029297,-0.016961144283413887,0.02155017852783203,-0.5969428420066833,0.05946393311023712,1.3334784507751465,-0.07389727234840393,2.948812246322632,0.02491399087011814,0.21979117393493652,5.0,5.0,0.45,282,4.7,False
0.40052634477615356,-0.04947364330291748,-0.00986027717590332,-0.016351114958524704,0.02259087562561035,-0.6011462807655334,0.05781722068786621,1.3164036273956299,0.01025647297501564,2.919907808303833,0.007917318493127823,2.280581474304199,5.0,5.0,0.45,283,4.71667,False
0.40072396397590637,-0.04927602410316467,-0.008933782577514648,-0.015262920409440994,0.024199247360229492,-0.608857274055481,0.05610243231058121,1.3126425743103027,-0.027805764228105545,2.954960584640503,0.0026774308644235134,2.9832446575164795,5.0,5.0,0.45,284,4.73333,False
0.40081265568733215,-0.04918733239173889,-0.007980585098266602,-0.014260804280638695,0.025830745697021484,-0.6246806383132935,0.0648902952671051,1.319385290145874,0.06994743645191193,2.9007720947265625,0.01249207928776741,3.9590935707092285,5.0,5.0,0.45,285,4.75,False
0.4007854163646698,-0.049214571714401245,-0.007884979248046875,-0.014333972707390785,0.0264127254486084,-0.6311650276184082,0.05537937954068184,1.3326995372772217,0.16045570373535156,2.8883562088012695,0.008345901034772396,5.0,5.0,5.0,0.45,286,4.76667,False
0.40060824155807495,-0.049391746520996094,-0.007932662963867188,-0.01464045513421297,0.026797771453857422,-0.6378821730613708,0.04896705597639084,1.3503905534744263,0.14683331549167633,2.871936321258545,0.0004551821621134877,4.491403102874756,5.0,5.0,0.45,287,4.78333,False
0.40028947591781616,-0.04971051216125488,-0.008420705795288086,-0.01549876481294632,0.02665233612060547,-0.6432944536209106,0.05143621936440468,1.365016222000122,0.18844765424728394,2.8331706523895264,0.003234530333429575,5.0,5.0,5.0,0.45,288,4.8,False
0.39982783794403076,-0.05017215013504028,-0.009131669998168945,-0.016574658453464508,0.026241540908813477,-0.6413599848747253,0.039292436093091965,1.3709081411361694,0.10001268982887268,2.8321380615234375,0.007821809500455856,4.512719631195068,5.0,5.0,0.45,289,4.81667,False
0.3992837369441986,-0.050716251134872437,-0.00996851921081543,-0.01770404726266861,0.0256502628326416,-0.6369193196296692,0.038509853184223175,1.3827136754989624,0.2251380980014801,2.8402016162872314,0.015721388161182404,4.510346412658691,5.0,5.0,0.45,290,4.83333,False
0.398846834897995,-0.05115315318107605,-0.01103663444519043,-0.01900256611406803,0.024775981903076172,-0.6268917918205261,0.03472890704870224,1.4042069911956787,0.19274555146694183,2.8117666244506836,0.0018578257877379656,3.2086503505706787,5.0,5.0,0.45,291,4.85,False
0.3984301686286926,-0.05156981945037842,-0.01219940185546875,-0.02028523199260235,0.02376413345336914,-0.6122382879257202,0.035597652196884155,1.4174422025680542,0.09827208518981934,2.8202078342437744,0.008996489457786083,2.0262811183929443,5.0,5.0,0.45,292,4.86667,False
0.3982352018356323,-0.05176478624343872,-0.01287221908569336,-0.020901285111904144,0.023322582244873047,-0.6003048419952393,0.031994327902793884,1.4293054342269897,0.08702635765075684,2.8844165802001953,0.004249229095876217,1.4853863716125488,5.0,5.0,0.45,293,4.88333,False
0.3982367217540741,-0.05176326632499695,-0.012997627258300781,-0.020847978070378304,0.02353072166442871,-0.5957045555114746,0.03889588266611099,1.4321943521499634,-0.016956288367509842,2.9018843173980713,0.011117511428892612,-0.12071830034255981,5.0,5.0,0.45,294,4.9,False
0.398377388715744,-0.051622599363327026,-0.013136148452758789,-0.020766491070389748,0.023683547973632812,-0.592386782169342,0.04105193540453911,1.4299380779266357,0.06692665815353394,2.9074349403381348,0.007067157421261072,2.068441867828369,5.0,5.0,0.45,295,4.91667,False
0.3986135423183441,-0.05138644576072693,-0.012772321701049805,-0.020145999267697334,0.024432659149169922,-0.5933207869529724,0.04015321284532547,1.4201747179031372,-0.04108955338597298,2.910051107406616,0.011674345470964909,0.8563054800033569,5.0,5.0,0.45,296,4.93333,False
0.39902186393737793,-0.050978124141693115,-0.012621164321899414,-0.01975010335445404,0.024927377700805664,-0.5972630381584167,0.04113670065999031,1.4056603908538818,-0.0504448376595974,2.8934261798858643,0.00036390958121046424,1.3629170656204224,5.0,5.0,0.45,297,4.95,False
0.39945855736732483,-0.050541430711746216,-0.012341737747192383,-0.01927027851343155,0.02550029754638672,-0.6009668111801147,0.03853562846779823,1.3937066793441772,0.042523618787527084,2.926032543182373,0.009706308133900166,3.2936768531799316,5.0,5.0,0.45,298,4.96667,False
0.3998633027076721,-0.050136685371398926,-0.011800289154052734,-0.018545202910900116,0.026413440704345703,-0.6059051156044006,0.0302368625998497,1.3772257566452026,-0.19657813012599945,2.921480894088745,0.057190366089344025,-1.8744959831237793,5.0,5.0,0.45,299,4.98333,False
0.4003312587738037,-0.049668729305267334,-0.011454343795776367,-0.01808139495551586,0.027075767517089844,-0.6125347018241882,0.03525741770863533,1.3549392223358154,-0.11141987144947052,2.9052627086639404,0.00751495873555541,-0.47046566009521484,5.0,5.0,0.45,300,5.0,False
0.4007449150085449,-0.04925507307052612,-0.011109590530395508,-0.017677057534456253,0.02767348289489746,-0.6166391372680664,0.04030151665210724,1.330220103263855,-0.10459138453006744,2.9683682918548584,0.0040289429016411304,0.17533421516418457,5.0,5.0,0.45,301,5.01667,False
0.40100976824760437,-0.048990219831466675,-0.010407447814941406,-0.016949348151683807,0.028699159622192383,-0.6190716028213501,0.039004433900117874,1.2981278896331787,-0.12680193781852722,2.892371892929077,0.006268761120736599,0.7272567749023438,5.0,5.0,0.45,302,5.03333,False
0.40123239159584045,-0.04876759648323059,-0.00990438461303711,-0.016511354595422745,0.029445886611938477,-0.6292234659194946,0.04873044788837433,1.2867780923843384,-0.02250007912516594,2.9057509899139404,0.011057876981794834,1.6702957153320312,5.0,5.0,0.45,303,5.05,False
0.4013032913208008,-0.048696696758270264,-0.00826263427734375,-0.015012865886092186,0.03151392936706543,-0.6363667249679565,0.05340133234858513,1.2783526182174683,-0.15182556211948395,2.9702203273773193,0.020881375297904015,1.560598373413086,5.0,5.0,0.45,304,5.06667,False
0.4013267457485199,-0.04867324233055115,-0.007225751876831055,-0.014275302179157734,0.03287816047668457,-0.6481936573982239,0.043195147067308426,1.2776826620101929,-0.10586471855640411,2.967804193496704,0.0021182368509471416,-1.3358330726623535,5.0,5.0,0.45,305,5.08333,False
0.40124809741973877,-0.048751890659332275,-0.006920576095581055,-0.014412273652851582,0.0333101749420166,-0.6611590385437012,0.05062352120876312,1.2948840856552124,0.12978586554527283,2.989980936050415,0.0560230053961277,3.0424983501434326,5.0,5.0,0.45,306,5.1,False
0.40100380778312683,-0.048996180295944214,-0.007717609405517578,-0.015698235481977463,0.03240013122558594,-0.656950831413269,0.04762457683682442,1.3043640851974487,0.09715533256530762,2.9363839626312256,0.003937387373298407,0.8460025787353516,5.0,5.0,0.45,307,5.11667,False
0.4006955027580261,-0.04930448532104492,-0.008347749710083008,-0.016776183620095253,0.03172659873962402,-0.6499166488647461,0.04414339363574982,1.308868169784546,0.017632026225328445,2.8506650924682617,0.01367168128490448,0.06597030162811279,5.0,5.0,0.45,308,5.13333,False
0.40034645795822144,-0.04965353012084961,-0.009021759033203125,-0.017875131219625473,0.030927658081054688,-0.6467660069465637,0.05218411609530449,1.3174904584884644,0.15556932985782623,2.9107820987701416,0.022640755400061607,1.8863067626953125,5.0,5.0,0.45,309,5.15,False
0.40009215474128723,-0.049907833337783813,-0.009528875350952148,-0.018773267045617104,0.030312299728393555,-0.6408750414848328,0.04911374673247337,1.3313347101211548,0.15754884481430054,2.872666835784912,0.001456691650673747,2.1387767791748047,5.0,5.0,0.45,310,5.16667,False
0.3997974991798401,-0.05020248889923096,-0.009885787963867188,-0.01945885457098484,0.029874801635742188,-0.6368722915649414,0.057360272854566574,1.3454627990722656,0.1737014651298523,2.822674512863159,0.002760139526799321,3.4652891159057617,5.0,5.0,0.45,311,5.18333,False
0.3995171785354614,-0.05048280954360962,-0.010556697845458984,-0.020396284759044647,0.029017210006713867,-0.6279122233390808,0.061209432780742645,1.3535183668136597,0.1394585371017456,2.8908724784851074,0.00582354050129652,3.0244827270507812,5.0,5.0,0.45,312,5.2,False
0.39927008748054504,-0.050729900598526,-0.010784387588500977,-0.020805636420845985,0.028696775436401367,-0.6225486993789673,0.05694626644253731,1.3505178689956665,0.04880206286907196,2.877537250518799,0.008396425284445286,2.351681709289551,5.0,5.0,0.45,313,5.21667,False
0.3991851806640625,-0.050814807415008545,-0.01098179817199707,-0.021127328276634216,0.028400659561157227,-0.6185676455497742,0.060204360634088516,1.3486381769180298,0.08327656984329224,2.8781373500823975,0.001188851660117507,3.2770540714263916,5.0,5.0,0.45,314,5.23333,False
0.3991519808769226,-0.05084800720214844,-0.010900259017944336,-0.021121758967638016,0.02836155891418457,-0.6144408583641052,0.0578906424343586,1.3493179082870483,0.11846485733985901,2.8999710083007812,0.0017149242339655757,4.113750457763672,5.0,5.0,0.45,315,5.25,False
0.3991346061229706,-0.050865381956100464,-0.010010004043579102,-0.020252862945199013,0.029318571090698242,-0.6133810877799988,0.04640081152319908,1.3429758548736572,-0.08474190533161163,2.845688581466675,0.04423956945538521,1.846337080001831,5.0,5.0,0.45,316,5.26667,False
0.39922022819519043,-0.050779759883880615,-0.009030342102050781,-0.019306881353259087,0.03040027618408203,-0.6165156960487366,0.04723643884062767,1.3288205862045288,-0.10991337895393372,2.857428550720215,0.0007714299717918038,-2.6685051918029785,5.0,5.0,0.45,317,5.28333,False
0.39941611886024475,-0.050583869218826294,-0.008579254150390625,-0.018962783738970757,0.030756235122680664,-0.6240706443786621,0.0555611290037632,1.335651159286499,0.1460253894329071,2.959946632385254,0.07601460814476013,0.7827112674713135,5.0,5.0,0.45,318,5.3,False
0.3994601368904114,-0.05053985118865967,-0.00893092155456543,-0.019408637657761574,0.030138015747070312,-0.6171723008155823,0.05539340898394585,1.345551609992981,0.17283327877521515,2.889195680618286,0.0057243602350354195,1.749617576599121,5.0,5.0,0.45,319,5.31667,False
0.3994354009628296,-0.050564587116241455,-0.008692026138305664,-0.01918753795325756,0.030228853225708008,-0.6131835579872131,0.050389364361763,1.3518580198287964,-0.013519790023565292,2.8708956241607666,0.035062361508607864,0.6211139559745789,5.0,5.0,0.45,320,5.33333,False
0.3995903730392456,-0.05040961503982544,-0.008643865585327148,-0.01918410137295723,0.030059337615966797,-0.6157451868057251,0.04824770614504814,1.3469502925872803,-0.0420423187315464,2.9582972526550293,0.008452579379081726,0.4574592113494873,5.0,5.0,0.45,321,5.35,False
0.3997012972831726,-0.05029869079589844,-0.008430719375610352,-0.01897570863366127,0.030062198638916016,-0.6137382388114929,0.05114312469959259,1.333361268043518,0.07400678843259811,2.9433321952819824,0.01369134895503521,2.1320269107818604,5.0,5.0,0.45,322,5.36667,False
0.39978235960006714,-0.050217628479003906,-0.008040666580200195,-0.018570590764284134,0.030263185501098633,-0.6142886281013489,0.05100052431225777,1.325647234916687,0.0991244912147522,2.9046425819396973,0.002127785235643387,2.370487689971924,5.0,5.0,0.45,323,5.38333,False
0.3998616337776184,-0.05013835430145264,-0.007605075836181641,-0.018117398023605347,0.030505895614624023,-0.6138801574707031,0.05217061564326286,1.312376856803894,0.02190048061311245,2.857086658477783,0.008225113153457642,1.9489340782165527,5.0,5.0,0.45,324,5.4,False
0.39999791979789734,-0.050002068281173706,-0.006437063217163086,-0.016941117122769356,0.03160262107849121,-0.6212282180786133,0.04725925624370575,1.309085488319397,-0.10190106928348541,2.898582696914673,0.01704874448478222,2.106966972351074,5.0,5.0,0.45,325,5.41667,False
0.4000658690929413,-0.04993411898612976,-0.00612640380859375,-0.01673109084367752,0.03166699409484863,-0.6315835118293762,0.050771892070770264,1.3085185289382935,0.08942478895187378,2.9299283027648926,0.03758813068270683,2.3743019104003906,5.0,5.0,0.45,326,5.43333,False
0.4000929892063141,-0.04990699887275696,-0.006093502044677734,-0.01689043641090393,0.031362295150756836,-0.6305491924285889,0.04954102262854576,1.3075954914093018,0.1346551924943924,2.8924875259399414,0.003447601106017828,3.457834005355835,5.0,5.0,0.45,327,5.45,False
0.39999768137931824,-0.05000230669975281,-0.006185054779052734,-0.0171827282756567,0.0308990478515625,-0.6307316422462463,0.04595588520169258,1.3165565729141235,0.09103240072727203,2.880664587020874,0.0020427298732101917,0.7446558475494385,5.0,5.0,0.45,328,5.46667,False
0.39983707666397095,-0.0501629114151001,-0.006493091583251953,-0.017667751759290695,0.03016066551208496,-0.6201208829879761,0.0441218763589859,1.3163779973983765,-0.02571077272295952,2.9166667461395264,0.014925124123692513,-1.165172815322876,5.0,5.0,0.45,329,5.48333,False
0.3997912108898163,-0.05020877718925476,-0.006103515625,-0.01739022508263588,0.030234336853027344,-0.6218257546424866,0.054176732897758484,1.320516586303711,-0.0494675450026989,2.9535720348358154,0.0019263846334069967,-0.7224315404891968,5.0,5.0,0.45,330,5.5,False
0.3999379873275757,-0.05006200075149536,-0.006155252456665039,-0.01763988472521305,0.029782772064208984,-0.622198760509491,0.052889689803123474,1.3172407150268555,0.03418458253145218,2.9099197387695312,0.008903200738132,1.2426457405090332,5.0,5.0,0.45,331,5.51667,False
0.4000988006591797,-0.04990118741989136,-0.0062007904052734375,-0.01783004030585289,0.029278278350830078,-0.6180927753448486,0.05199800431728363,1.3140320777893066,0.06863164901733398,2.9169979095458984,0.0012367009185254574,1.8849010467529297,5.0,5.0,0.45,332,5.53333,False
0.4002836346626282,-0.04971635341644287,-0.005771160125732422,-0.017434367910027504,0.02936267852783203,-0.6159126162528992,0.04901537299156189,1.302591323852539,-0.13103951513767242,2.8951456546783447,0.04034609720110893,0.19115614891052246,5.0,5.0,0.45,333,5.55,False
0.40051814913749695,-0.0494818389415741,-0.004552364349365234,-0.01614924520254135,0.030382871627807617,-0.6230992078781128,0.04992225766181946,1.2899088859558105,-0.14589831233024597,2.8978264331817627,0.00022797043493483216,1.7775936126708984,5.0,5.0,0.45,334,5.56667,False
0.4007275402545929,-0.04927244782447815,-0.003976583480834961,-0.01571025885641575,0.03058624267578125,-0.6397885680198669,0.0557628870010376,1.2880758047103882,0.17051437497138977,2.9741203784942627,0.10593775659799576,5.0,5.0,5.0,0.45,335,5.58333,False
0.4006566107273102,-0.049343377351760864,-0.003264188766479492,-0.015175491571426392,0.030951499938964844,-0.6385840773582458,0.05157169699668884,1.2852778434753418,0.07296998798847198,2.8685226440429688,0.020665789023041725,4.783220291137695,5.0,5.0,0.45,336,5.6,False
0.4004964232444763,-0.04950356483459473,-0.003028392791748047,-0.015258979052305222,0.030748844146728516,-0.6482356786727905,0.05062178894877434,1.2930419445037842,0.04623344540596008,2.8747968673706055,0.0007542085950262845,0.8539204597473145,5.0,5.0,0.45,337,5.61667,False
0.40036457777023315,-0.04963541030883789,-0.003203153610229492,-0.015973810106515884,0.03000640869140625,-0.6455062031745911,0.04886380955576897,1.3020288944244385,0.11640371382236481,2.9609804153442383,0.012351470068097115,1.5253522396087646,5.0,5.0,0.45,338,5.63333,False
0.40013620257377625,-0.0498637855052948,-0.0033233165740966797,-0.016638774424791336,0.029305696487426758,-0.6455020308494568,0.041707832366228104,1.3172364234924316,0.1578909456729889,2.914527654647827,0.003879049327224493,2.3142614364624023,5.0,5.0,0.45,339,5.65,False
0.3998388350009918,-0.050161153078079224,-0.0037751197814941406,-0.017708230763673782,0.02820420265197754,-0.6373975872993469,0.04123130068182945,1.3244835138320923,0.1210252195596695,2.8279330730438232,0.00885770283639431,1.589890956878662,5.0,5.0,0.45,340,5.66667,False
0.39952176809310913,-0.050478219985961914,-0.00407862663269043,-0.018579699099063873,0.027250289916992188,-0.633870542049408,0.046902455389499664,1.332907795906067,0.12533269822597504,2.8782601356506348,0.0025513675063848495,2.4692506790161133,5.0,5.0,0.45,341,5.68333,False
0.39931637048721313,-0.05068361759185791,-0.004572391510009766,-0.01970558986067772,0.02607583999633789,-0.6269853711128235,0.041358139365911484,1.3318945169448853,0.13054588437080383,2.8901500701904297,0.00016854784917086363,2.967052459716797,5.0,5.0,0.45,342,5.7,False
0.39913690090179443,-0.05086308717727661,-0.004701375961303711,-0.020247168838977814,0.0252988338470459,-0.6167539358139038,0.04373011365532875,1.3207385540008545,0.054019153118133545,2.8663697242736816,0.006421845406293869,2.687382698059082,5.0,5.0,0.45,343,5.71667,False
0.3991542458534241,-0.05084574222564697,-0.004170417785644531,-0.01984911970794201,0.02533745765686035,-0.6155725121498108,0.03387579321861267,1.3119229078292847,-0.07486297190189362,2.897782325744629,0.01759735308587551,2.53779935836792,5.0,5.0,0.45,344,5.73333,False
0.3992873728275299,-0.05071261525154114,-0.0033440589904785156,-0.019095376133918762,0.025696992874145508,-0.6181408166885376,0.03605763614177704,1.2987266778945923,-0.03545617684721947,2.9184224605560303,0.0019789107609540224,3.2564406394958496,5.0,5.0,0.45,345,5.75,False
0.3994629383087158,-0.050537049770355225,-0.0025625228881835938,-0.018315915018320084,0.025987863540649414,-0.6206007599830627,0.04156975448131561,1.29720139503479,-0.0774536281824112,2.960808753967285,0.003560383804142475,-1.1598166227340698,5.0,5.0,0.45,346,5.76667,False
0.3997601568698883,-0.05023983120918274,-0.002137422561645508,-0.01804015412926674,0.025847673416137695,-0.6252400279045105,0.03429052233695984,1.2952462434768677,-0.04446849599480629,2.931041955947876,0.00197408115491271,-0.3538256883621216,5.0,5.0,0.45,347,5.78333,False
0.40010595321655273,-0.04989403486251831,-0.0018970966339111328,-0.018007904291152954,0.02550482749938965,-0.6250755786895752,0.03178384155035019,1.281386137008667,-0.15321394801139832,2.908567428588867,0.012330679222941399,-1.1620895862579346,5.0,5.0,0.45,348,5.8,False
0.4004816710948944,-0.049518316984176636,-0.0016605854034423828,-0.017961040139198303,0.025098800659179688,-0.6296195983886719,0.037754230201244354,1.272216558456421,-0.029863771051168442,2.954923152923584,0.01736411824822426,0.60039222240448,5.0,5.0,0.45,349,5.81667,False
0.4006941020488739,-0.049305886030197144,-0.0013818740844726562,-0.017805026844143867,0.024775266647338867,-0.6246954798698425,0.03656788170337677,1.253408432006836,-0.11670535802841187,2.88974666595459,0.011789435520768166,0.8996543884277344,5.0,5.0,0.45,350,5.83333,False
0.40080955624580383,-0.04919043183326721,-0.0008893013000488281,-0.017313608899712563,0.024684906005859375,-0.6333239674568176,0.03917379677295685,1.2468336820602417,0.03008699044585228,2.9380953311920166,0.023885589092969894,2.8376569747924805,5.0,5.0,0.45,351,5.85,False
0.40082910656929016,-0.049170881509780884,-0.0007245540618896484,-0.017373833805322647,0.024193763732910156,-0.6337252855300903,0.039594560861587524,1.2440310716629028,0.03221084177494049,2.943197011947632,3.05378925986588e-05,1.2431548833847046,5.0,5.0,0.45,352,5.86667,False
0.4007242023944855,-0.04927578568458557,-0.00034928321838378906,-0.017080023884773254,0.023955106735229492,-0.6349137425422668,0.04311826825141907,1.240035891532898,-0.1298423558473587,2.9550418853759766,0.026401540264487267,0.8972737789154053,5.0,5.0,0.45,353,5.88333,False
0.4007209539413452,-0.04927903413772583,-8.416175842285156e-05,-0.01693696901202202,0.02357769012451172,-0.6400754451751709,0.04017920792102814,1.2379071712493896,-0.02474868670105934,2.9885752201080322,0.01216916460543871,0.7777689695358276,5.0,5.0,0.45,354,5.9,False
0.40080946683883667,-0.049190521240234375,-0.00010395050048828125,-0.01740949973464012,0.0228271484375,-0.6383965611457825,0.040872812271118164,1.2377675771713257,0.05331850051879883,2.99448561668396,0.006129418034106493,0.8453861474990845,5.0,5.0,0.45,355,5.91667,False
0.40083152055740356,-0.04916846752166748,0.0001289844512939453,-0.01733332686126232,0.022383928298950195,-0.6351521611213684,0.0392691045999527,1.232013463973999,-0.03560487553477287,2.907240152359009,0.015519138425588608,0.3279787302017212,5.0,5.0,0.45,356,5.93333,False
0.4008270502090454,-0.049172937870025635,0.0003638267517089844,-0.017216099426150322,0.02192544937133789,-0.6361548900604248,0.04237163066864014,1.2284551858901978,-0.02843954786658287,2.9025588035583496,7.325694605242461e-05,0.8397442698478699,5.0,5.0,0.45,357,5.95,False
0.4007510542869568,-0.04924893379211426,0.0006482601165771484,-0.017091428861021996,0.021511316299438477,-0.6406625509262085,0.045439332723617554,1.2266422510147095,0.014484375715255737,2.9560999870300293,0.004709121771156788,2.7202701568603516,5.0,5.0,0.45,358,5.96667,False
0.4005517363548279,-0.049448251724243164,0.0010724067687988281,-0.01666192337870598,0.021285295486450195,-0.6466543674468994,0.04599228501319885,1.22296142578125,0.03725330904126167,2.897022008895874,0.0040086316876113415,3.5960845947265625,5.0,5.0,0.45,359,5.98333,False
0.40027889609336853,-0.049721091985702515,0.001035451889038086,-0.017291469499468803,0.020481586456298828,-0.6447142958641052,0.047188252210617065,1.2272075414657593,0.09237798303365707,2.9175782203674316,0.0034612875897437334,1.126141905784607,5.0,5.0,0.45,360,6.0,False
0.40008583664894104,-0.049914151430130005,0.0011348724365234375,-0.017529739066958427,0.019846439361572266,-0.6404814124107361,0.050704002380371094,1.2359707355499268,-0.03756462410092354,2.9272620677948,0.016978858038783073,-0.8471518754959106,5.0,5.0,0.45,361,6.01667,False
0.40001699328422546,-0.04998299479484558,0.0013270378112792969,-0.017689336091279984,0.019295454025268555,-0.639159083366394,0.053338199853897095,1.2395716905593872,0.03261851519346237,2.9239299297332764,0.004936776589602232,0.7945244312286377,5.0,5.0,0.45,362,6.03333,False
0.39999938011169434,-0.05000060796737671,0.0015273094177246094,-0.01772601529955864,0.018738746643066406,-0.6390646696090698,0.05374842882156372,1.2437537908554077,0.024328257888555527,2.9215712547302246,7.429171819239855e-05,1.1594901084899902,5.0,5.0,0.45,363,6.05,False
0.4000236392021179,-0.049976348876953125,0.0015845298767089844,-0.01806415058672428,0.01801300048828125,-0.6385665535926819,0.0486508309841156,1.2396293878555298,0.014888595789670944,2.8918814659118652,0.0009705907432362437,1.4335241317749023,5.0,5.0,0.45,364,6.06667,False
0.4000625014305115,-0.04993748664855957,0.0017457008361816406,-0.018190843984484673,0.017422199249267578,-0.6357672214508057,0.04027310013771057,1.2250654697418213,-0.004419226199388504,2.8767998218536377,0.0006002479931339622,1.5678952932357788,5.0,5.0,0.45,365,6.08333,False
0.40014421939849854,-0.04985576868057251,0.0018742084503173828,-0.018431397154927254,0.016762256622314453,-0.642789363861084,0.04640650749206543,1.23345148563385,0.06226510927081108,2.9114739894866943,0.005649098660796881,2.5938048362731934,5.0,5.0,0.45,366,6.1,False
0.3999990224838257,-0.05000096559524536,0.0021467208862304688,-0.01817006804049015,0.016293764114379883,-0.6369259357452393,0.04948693513870239,1.2281075716018677,-0.010102596133947372,2.8474013805389404,0.009342383593320847,3.7924301624298096,5.0,5.0,0.45,367,6.11667,False
0.39981597661972046,-0.050184011459350586,0.0025534629821777344,-0.017571451142430305,0.015967369079589844,-0.6472110748291016,0.046260714530944824,1.2280861139297485,0.12134446203708649,2.911707639694214,0.02141362428665161,4.629013538360596,5.0,5.0,0.45,368,6.13333,False
0.3995402157306671,-0.05045977234840393,0.002675771713256836,-0.017985817044973373,0.015293359756469727,-0.651284396648407,0.05050590634346008,1.2387028932571411,0.19272497296333313,2.9021964073181152,0.005185640882700682,-0.09877157211303711,5.0,5.0,0.45,369,6.15,False
0.3991444706916809,-0.05085551738739014,0.0025866031646728516,-0.019101837649941444,0.014356136322021484,-0.6412305235862732,0.040004342794418335,1.2503536939620972,0.0770973190665245,2.8904550075531006,0.013507614843547344,-1.048689842224121,5.0,5.0,0.45,370,6.16667,False
0.3987621068954468,-0.05123788118362427,0.0027184486389160156,-0.019484322518110275,0.013670921325683594,-0.6357841491699219,0.05585837364196777,1.2665860652923584,0.11689357459545135,2.9386656284332275,0.0039080060087144375,0.32944440841674805,5.0,5.0,0.45,371,6.18333,False
0.3985593318939209,-0.051440656185150146,0.0028870105743408203,-0.019965721294283867,0.01301121711730957,-0.630267858505249,0.05496788024902344,1.2819184064865112,0.07229307293891907,2.9167733192443848,0.0024684779345989227,-0.31781864166259766,5.0,5.0,0.45,372,6.2,False
0.39847707748413086,-0.051522910594940186,0.00308990478515625,-0.020444795489311218,0.01237344741821289,-0.6203755736351013,0.04865765571594238,1.290426254272461,0.12076590955257416,2.8817992210388184,0.00357280345633626,0.8585448265075684,5.0,5.0,0.45,373,6.21667,False
0.39840441942214966,-0.05159556865692139,0.0033452510833740234,-0.020237404853105545,0.011792898178100586,-0.6158007383346558,0.0557534396648407,1.2993265390396118,0.024263005703687668,2.8847715854644775,0.009321643970906734,0.20041745901107788,5.0,5.0,0.45,374,6.23333,False
0.3984593152999878,-0.05154067277908325,0.0035555362701416016,-0.02014586329460144,0.011154413223266602,-0.6148910522460938,0.052765995264053345,1.2977986335754395,-0.014630336314439774,2.8947019577026367,0.001611304352991283,0.7198814153671265,5.0,5.0,0.45,375,6.25,False
0.3985867202281952,-0.051413267850875854,0.003720521926879883,-0.020439574494957924,0.010465860366821289,-0.6103760004043579,0.05743706226348877,1.2879749536514282,0.06690019369125366,2.8983333110809326,0.006660413462668657,1.833756923675537,5.0,5.0,0.45,376,6.26667,False
0.39877018332481384,-0.0512298047542572,0.00393366813659668,-0.019687656313180923,0.009827375411987305,-0.6117909550666809,0.04575628042221069,1.2807974815368652,-0.0049753449857234955,2.912923812866211,0.005378976464271545,1.7891340255737305,5.0,5.0,0.45,377,6.28333,False
0.39898425340652466,-0.05101573467254639,0.004120826721191406,-0.019153621047735214,0.009176015853881836,-0.6100330352783203,0.056515127420425415,1.268617868423462,-0.10947033762931824,2.853005886077881,0.014509361237287521,1.0786738395690918,5.0,5.0,0.45,378,6.3,False
0.3992495834827423,-0.050750404596328735,0.0043735504150390625,-0.01792268082499504,0.0085906982421875,-0.6208717226982117,0.051201045513153076,1.2712996006011963,0.08500097692012787,2.937389373779297,0.044939663261175156,3.9793519973754883,5.0,5.0,0.45,379,6.31667,False
0.3994636535644531,-0.05053633451461792,0.004626274108886719,-0.016929319128394127,0.008010625839233398,-0.6269069910049438,0.0461428165435791,1.2737587690353394,-0.04860982671380043,2.9084365367889404,0.018690112978219986,1.8647462129592896,5.0,5.0,0.45,380,6.33333,False
0.39953678846359253,-0.050463199615478516,0.004820585250854492,-0.016961241140961647,0.007357120513916016,-0.6363117098808289,0.0495377779006958,1.2822016477584839,0.12466786801815033,2.8764305114746094,0.031049543991684914,1.5112581253051758,5.0,5.0,0.45,381,6.35,False
0.39948928356170654,-0.0505107045173645,0.005033969879150391,-0.01815227046608925,0.006718158721923828,-0.6289068460464478,0.04941517114639282,1.2965662479400635,0.1652241051197052,2.969424247741699,0.010292643681168556,1.8719830513000488,5.0,5.0,0.45,382,6.36667,False
0.39937862753868103,-0.050621360540390015,0.005223274230957031,-0.018744083121418953,0.006041049957275391,-0.6189233064651489,0.04796522855758667,1.3059934377670288,0.007682003080844879,2.9027295112609863,0.029267704114317894,0.2650443911552429,5.0,5.0,0.45,383,6.38333,False
0.39932766556739807,-0.050672322511672974,0.0054624080657958984,-0.019423887133598328,0.005420684814453125,-0.6105678081512451,0.05635029077529907,1.3035328388214111,0.005471289157867432,2.902461051940918,4.959326361131389e-06,-0.11974489688873291,5.0,5.0,0.45,384,6.4,False
0.39939501881599426,-0.05060496926307678,0.005643606185913086,-0.019447417929768562,0.004732847213745117,-0.6070451140403748,0.05432605743408203,1.2942343950271606,-0.04399276152253151,2.9691948890686035,0.006900097243487835,0.7510524988174438,5.0,5.0,0.45,385,6.41667,False
0.3996676504611969,-0.050332337617874146,0.005800724029541016,-0.019125977531075478,0.004025459289550781,-0.6047073006629944,0.055864810943603516,1.2832345962524414,-0.012886900454759598,2.894235849380493,0.006586432456970215,1.6342545747756958,5.0,5.0,0.45,386,6.43333,False
0.39993539452552795,-0.05006459355354309,0.005839347839355469,-0.01794562302529812,0.0031850337982177734,-0.6063492894172668,0.05318713188171387,1.268778920173645,-0.1460738331079483,2.9055464267730713,0.01786668784916401,1.2681918144226074,5.0,5.0,0.45,387,6.45,False
0.40015244483947754,-0.049847543239593506,0.005785465240478516,-0.016126085072755814,0.002245664596557617,-0.6191205978393555,0.04216712713241577,1.2509936094284058,-0.16056062281131744,2.9155614376068115,0.0003101675247307867,2.1678714752197266,5.0,5.0,0.45,388,6.46667,False
0.4003813862800598,-0.04961860179901123,0.005844831466674805,-0.015661131590604782,0.001451253890991211,-0.6300877928733826,0.05770993232727051,1.2447905540466309,0.018527641892433167,2.9557201862335205,0.03368533402681351,0.12112462520599365,5.0,5.0,0.45,389,6.48333,False
0.40053871273994446,-0.04946127533912659,0.00594019889831543,-0.015358662232756615,0.0007116794586181641,-0.6338714957237244,0.05697125196456909,1.2441625595092773,0.055049821734428406,2.921351432800293,0.002515080850571394,1.3647040128707886,5.0,5.0,0.45,390,6.5,False
0.400559663772583,-0.04944032430648804,0.005935192108154297,-0.014775064773857594,-0.00014853477478027344,-0.6408669352531433,0.04337280988693237,1.2437752485275269,-0.04852208122611046,2.8655335903167725,0.013842771761119366,1.1105053424835205,5.0,5.0,0.45,391,6.51667,False
0.40049484372138977,-0.049505144357681274,0.006108999252319336,-0.015176655724644661,-0.0007905960083007812,-0.6543883085250854,0.04456603527069092,1.2522408962249756,0.18981388211250305,2.951024055480957,0.06411265581846237,3.0953681468963623,5.0,5.0,0.45,392,6.53333,False
0.4002002775669098,-0.049799710512161255,0.00653839111328125,-0.01646173931658268,-0.0011260509490966797,-0.650637149810791,0.04547637701034546,1.2681411504745483,0.24328310787677765,2.9087018966674805,0.004650123417377472,5.0,5.0,5.0,0.45,393,6.55,False
0.3997601568698883,-0.05023983120918274,0.006988048553466797,-0.017756707966327667,-0.0014538764953613281,-0.6474424004554749,0.0374637246131897,1.286641001701355,0.15646325051784515,2.88203763961792,0.008248670026659966,4.30781364440918,5.0,5.0,0.45,394,6.56667,False
0.3992343842983246,-0.05076560378074646,0.007512807846069336,-0.018910888582468033,-0.001689910888671875,-0.6359677314758301,0.028862476348876953,1.2862968444824219,0.0887494683265686,2.8644707202911377,0.004893752746284008,3.783128261566162,5.0,5.0,0.45,395,6.58333,False
0.39888444542884827,-0.05111554265022278,0.007721662521362305,-0.018712472170591354,-0.0023033618927001953,-0.6361643671989441,0.035264551639556885,1.2905550003051758,0.025045210495591164,2.885406970977783,0.004496559035032988,1.2917735576629639,5.0,5.0,0.45,396,6.6,False
0.39872825145721436,-0.05127173662185669,0.00808572769165039,-0.018898390233516693,-0.0027260780334472656,-0.6355624198913574,0.03240281343460083,1.3065983057022095,0.13893800973892212,2.873875856399536,0.013104536570608616,2.4653563499450684,5.0,5.0,0.45,397,6.61667,False
0.39861243963241577,-0.05138754844665527,0.00851130485534668,-0.019364261999726295,-0.0030717849731445312,-0.6304285526275635,0.03669649362564087,1.3276901245117188,0.11465470492839813,2.854093551635742,0.0009810184128582478,0.5616345405578613,5.0,5.0,0.45,398,6.63333,False
0.3985215425491333,-0.051478445529937744,0.008897542953491211,-0.019720155745744705,-0.0034821033477783203,-0.6261845827102661,0.03495568037033081,1.33738112449646,-0.03497132286429405,2.842994213104248,0.02251114509999752,-1.0202157497406006,5.0,5.0,0.45,399,6.65,False
0.39854303002357483,-0.051456958055496216,0.009505033493041992,-0.020575636997818947,-0.003635883331298828,-0.6179022789001465,0.03853887319564819,1.3314521312713623,-0.002277638763189316,2.881965160369873,0.00258761178702116,-0.15980854630470276,5.0,5.0,0.45,400,6.66667,False
0.39871397614479065,-0.051286011934280396,0.010087251663208008,-0.0213294830173254,-0.003782987594604492,-0.6077254414558411,0.04055976867675781,1.3301681280136108,0.0648871585726738,2.904921770095825,0.005038115661591291,0.8040058612823486,5.0,5.0,0.45,401,6.68333,False
0.39885804057121277,-0.051141947507858276,0.010362625122070312,-0.021185923367738724,-0.004311561584472656,-0.5997875928878784,0.04110163450241089,1.3205523490905762,-0.01774144545197487,2.8772213459014893,0.007594800088554621,0.7709687948226929,5.0,5.0,0.45,402,6.7,False
0.3991418480873108,-0.050858139991760254,0.010309934616088867,-0.02035146951675415,-0.0052149295806884766,-0.6015990972518921,0.04791957139968872,1.3080860376358032,-0.06987491250038147,2.917296886444092,0.0043239472433924675,1.2239134311676025,5.0,5.0,0.45,403,6.71667,False
0.39947718381881714,-0.050522804260253906,0.010064840316772461,-0.019129935652017593,-0.0063211917877197266,-0.6062008142471313,0.05066019296646118,1.2960286140441895,-0.09800192713737488,2.9732704162597656,0.003924164921045303,2.428938388824463,5.0,5.0,0.45,404,6.73333,False
0.39966702461242676,-0.05033296346664429,0.00984811782836914,-0.018148202449083328,-0.007384300231933594,-0.6141223907470703,0.04558002948760986,1.2840526103973389,-0.07157811522483826,2.958333969116211,0.0009213152807205915,-0.9796860218048096,5.0,5.0,0.45,405,6.75,False
0.3998423218727112,-0.05015766620635986,0.009474515914916992,-0.016931945458054543,-0.00863194465637207,-0.6268547177314758,0.05253410339355469,1.2801762819290161,-0.03301794454455376,2.9508700370788574,0.0015425970777869225,2.5094692707061768,5.0,5.0,0.45,406,6.76667,False
0.3999977707862854,-0.050002217292785645,0.009521722793579102,-0.016683809459209442,-0.009345293045043945,-0.6359166502952576,0.046481192111968994,1.2871588468551636,0.10383272171020508,2.9428539276123047,0.01879236288368702,2.418703317642212,5.0,5.0,0.45,407,6.78333,False
0.40003496408462524,-0.0499650239944458,0.00975179672241211,-0.016946010291576385,-0.009842157363891602,-0.6361050605773926,0.048687636852264404,1.2919960021972656,0.0151384137570858,2.9167187213897705,0.00854972843080759,-0.650624692440033,5.0,5.0,0.45,408,6.8,False
0.3999863266944885,-0.05001366138458252,0.009994745254516602,-0.017305832356214523,-0.010308504104614258,-0.6370300054550171,0.05245041847229004,1.3010987043380737,0.04971149191260338,2.9247658252716064,0.0012600535992532969,1.0198420286178589,5.0,5.0,0.45,409,6.81667,False
0.39986082911491394,-0.050139158964157104,0.010125398635864258,-0.01749890111386776,-0.010913372039794922,-0.6395065784454346,0.05582314729690552,1.3059426546096802,0.022196438163518906,2.9296212196350098,0.0007806530338712037,1.4278314113616943,5.0,5.0,0.45,410,6.83333,False
0.3997746706008911,-0.05022531747817993,0.010711669921875,-0.01839444972574711,-0.010965347290039062,-0.6366031169891357,0.05174344778060913,1.3112730979919434,0.11044749617576599,2.9107041358947754,0.008146104402840137,4.784177780151367,5.0,5.0,0.45,411,6.85,False
0.3996542692184448,-0.05034571886062622,0.011007547378540039,-0.01881362497806549,-0.011331558227539062,-0.6327500343322754,0.055780887603759766,1.3217670917510986,0.09700174629688263,2.8860275745391846,0.0007897209143266082,4.4395856857299805,5.0,5.0,0.45,412,6.86667,False
0.39952272176742554,-0.05047726631164551,0.010729312896728516,-0.01822858676314354,-0.01242971420288086,-0.6315236687660217,0.05328422784805298,1.3185111284255981,-0.1613100916147232,2.86139178276062,0.06733193248510361,1.5848770141601562,5.0,5.0,0.45,413,6.88333,False
0.3994918465614319,-0.05050814151763916,0.010382890701293945,-0.017636816948652267,-0.013554811477661133,-0.6424291729927063,0.048667967319488525,1.3082184791564941,0.1308477818965912,2.9095215797424316,0.08767270296812057,5.0,5.0,5.0,0.45,414,6.9,False
0.3994464874267578,-0.05055350065231323,0.010740518569946289,-0.018221775069832802,-0.013822793960571289,-0.6468136310577393,0.05433022975921631,1.3232218027114868,0.09045006334781647,2.8896241188049316,0.002027884591370821,-0.8975739479064941,5.0,5.0,0.45,415,6.91667,False
0.3992215394973755,-0.05077844858169556,0.010957479476928711,-0.018580319359898567,-0.014293670654296875,-0.633333683013916,0.05021512508392334,1.3179796934127808,-0.033713240176439285,2.8316352367401123,0.01877923496067524,-1.206444263458252,5.0,5.0,0.45,416,6.93333,False
0.3990892767906189,-0.05091071128845215,0.011277437210083008,-0.018974078819155693,-0.01458597183227539,-0.632932722568512,0.058703839778900146,1.332863450050354,0.1721932739019394,2.9434545040130615,0.054901041090488434,0.9625368118286133,5.0,5.0,0.45,417,6.95,False
0.3990996479988098,-0.05090034008026123,0.011991262435913086,-0.01993667520582676,-0.014412403106689453,-0.6262654066085815,0.052259862422943115,1.3431015014648438,0.04664875566959381,2.915778875350952,0.016527365893125534,0.3592860698699951,5.0,5.0,0.45,418,6.96667,False
0.3990935981273651,-0.05090638995170593,0.012606620788574219,-0.02063056267797947,-0.014357328414916992,-0.611441433429718,0.05994117259979248,1.3314553499221802,-0.027907494455575943,2.8719348907470703,0.007480928674340248,0.5636705160140991,5.0,5.0,0.45,419,6.98333,False
0.39916735887527466,-0.05083262920379639,0.01246786117553711,-0.020219527184963226,-0.015186548233032227,-0.6090849041938782,0.061885178089141846,1.3153910636901855,-0.05967472121119499,2.962124824523926,0.009143381379544735,1.0539532899856567,5.0,5.0,0.45,420,7.0,False
0.3994627296924591,-0.05053725838661194,0.01202249526977539,-0.019444838166236877,-0.016335010528564453,-0.6133173704147339,0.06298601627349854,1.3043220043182373,-0.013013165444135666,2.948423385620117,0.002365030348300934,2.4544694423675537,5.0,5.0,0.45,421,7.01667,False
0.39972755312919617,-0.05027243494987488,0.011612176895141602,-0.01876727119088173,-0.017419815063476562,-0.6148650646209717,0.062411367893218994,1.2974072694778442,-0.020723100751638412,2.8907840251922607,0.003381738904863596,3.1517295837402344,5.0,5.0,0.45,422,7.03333,False
0.3998650312423706,-0.05013495683670044,0.01067805290222168,-0.01741647720336914,-0.019137859344482422,-0.6210295557975769,0.06110644340515137,1.2853684425354004,-0.1406201273202896,2.935657501220703,0.016388924792408943,2.6659111976623535,5.0,5.0,0.45,423,7.05,False
0.4000055193901062,-0.049994468688964844,0.01015925407409668,-0.016708487644791603,-0.020334243774414062,-0.6298463940620422,0.054055869579315186,1.2866523265838623,0.02361144870519638,2.9434640407562256,0.027032950893044472,-0.15995973348617554,5.0,5.0,0.45,424,7.06667,False
0.4001092314720154,-0.049890756607055664,0.009937286376953125,-0.01650732196867466,-0.021140098571777344,-0.6360419392585754,0.05598551034927368,1.301279902458191,0.04989677295088768,2.9536876678466797,0.0007954408647492528,-0.10461246967315674,5.0,5.0,0.45,425,7.08333,False
0.4000937342643738,-0.049906253814697266,0.01013326644897461,-0.0168862733989954,-0.02143573760986328,-0.6361662149429321,0.06382113695144653,1.3168286085128784,0.06143900007009506,2.9168756008148193,0.0014883512631058693,0.6208741664886475,5.0,5.0,0.45,426,7.1,False
0.39998361468315125,-0.0500163733959198,0.010735273361206055,-0.01772684045135975,-0.021256685256958008,-0.6312965154647827,0.059623539447784424,1.322188377380371,0.01843274012207985,2.9150705337524414,0.001852796645835042,0.13224458694458008,5.0,5.0,0.45,427,7.11667,False
0.39983442425727844,-0.0501655638217926,0.01116037368774414,-0.018270697444677353,-0.0212709903717041,-0.6236478090286255,0.05777537822723389,1.3204634189605713,0.012248173356056213,2.9071497917175293,0.00010098701750393957,0.5582219362258911,5.0,5.0,0.45,428,7.13333,False
0.3998151421546936,-0.05018484592437744,0.010819435119628906,-0.01792828179895878,-0.022151708602905273,-0.6293051242828369,0.05397564172744751,1.3287107944488525,0.069338858127594,2.9068710803985596,0.0032594241201877594,1.4214612245559692,5.0,5.0,0.45,429,7.15,False
0.3997895419597626,-0.05021044611930847,0.010876893997192383,-0.01804560050368309,-0.022626876831054688,-0.6252231001853943,0.05271643400192261,1.3167158365249634,-0.05226908251643181,2.8535633087158203,0.017630212008953094,0.4203599691390991,5.0,5.0,0.45,430,7.16667,False
0.39993757009506226,-0.05006241798400879,0.010819435119628906,-0.01807621493935585,-0.023135900497436523,-0.628738522529602,0.05434304475784302,1.314680576324463,0.16359220445156097,2.910113573074341,0.0497940257191658,2.5830535888671875,5.0,5.0,0.45,431,7.18333,False
0.4000638723373413,-0.049936115741729736,0.010824918746948242,-0.018186215311288834,-0.023577451705932617,-0.6264089345932007,0.05268585681915283,1.3076467514038086,-0.017885569483041763,2.868337392807007,0.03467943146824837,1.5775493383407593,5.0,5.0,0.45,432,7.2,False
0.4000733494758606,-0.04992663860321045,0.009914875030517578,-0.01724151149392128,-0.02510857582092285,-0.6300404071807861,0.056632816791534424,1.3017072677612305,-0.06497299671173096,2.8437373638153076,0.002822387032210827,3.4456446170806885,5.0,5.0,0.45,433,7.21667,False
0.40006446838378906,-0.04993551969528198,0.00969839096069336,-0.017132535576820374,-0.025781631469726562,-0.6426856517791748,0.058252573013305664,1.308458685874939,0.2505630552768707,2.949103593826294,0.11066504567861557,5.0,5.0,5.0,0.45,434,7.23333,False
0.4000154733657837,-0.049984514713287354,0.009754419326782227,-0.017344435676932335,-0.02610182762145996,-0.6408795118331909,0.04779243469238281,1.3212062120437622,0.13675706088542938,2.876124143600464,0.018277805298566818,4.224496841430664,5.0,5.0,0.45,435,7.25,False
0.3997950553894043,-0.05020493268966675,0.010006189346313477,-0.01773994415998459,-0.0261843204498291,-0.6381840705871582,0.047739267349243164,1.3273648023605347,0.10705523192882538,2.846959114074707,0.0017327975947409868,3.491241931915283,5.0,5.0,0.45,436,7.26667,False
0.3994961678981781,-0.050503820180892944,0.00970911979675293,-0.017530787736177444,-0.02690720558166504,-0.6399765014648438,0.0436055064201355,1.3283525705337524,0.037298738956451416,2.9390194416046143,0.01334107294678688,3.6509604454040527,5.0,5.0,0.45,437,7.28333,False
0.39933058619499207,-0.05066940188407898,0.009656667709350586,-0.017612917348742485,-0.027303457260131836,-0.6436965465545654,0.04988798499107361,1.341400384902954,0.10725891590118408,2.897827625274658,0.0065911924466490746,2.772618055343628,5.0,5.0,0.45,438,7.3,False
0.3991393744945526,-0.05086061358451843,0.010245084762573242,-0.018353469669818878,-0.026912689208984375,-0.639115571975708,0.050591081380844116,1.3580687046051025,0.13947193324565887,2.8262555599212646,0.00616023875772953,3.39019775390625,5.0,5.0,0.45,439,7.31667,False
0.3988986015319824,-0.05110138654708862,0.010436773300170898,-0.01860581338405609,-0.02699756622314453,-0.6316008567810059,0.03404974937438965,1.3643380403518677,0.0015726536512374878,2.8340160846710205,0.019076436758041382,0.33154502511024475,5.0,5.0,0.45,440,7.33333,False
0.3988395929336548,-0.05116039514541626,0.01106572151184082,-0.019292302429676056,-0.026540756225585938,-0.6307954788208008,0.046722859144210815,1.3760706186294556,0.1180422306060791,2.84713077545166,0.013737156987190247,1.2527165412902832,5.0,5.0,0.45,441,7.35,False
0.3988516926765442,-0.051148295402526855,0.01107478141784668,-0.01928110420703888,-0.02678990364074707,-0.622454047203064,0.051443248987197876,1.37527334690094,0.0027796514332294464,2.8591201305389404,0.013429207727313042,0.44244006276130676,5.0,5.0,0.45,442,7.36667,False
0.3989533483982086,-0.05104663968086243,0.010644912719726562,-0.018832188099622726,-0.027558565139770508,-0.624261736869812,0.04151183366775513,1.3713841438293457,-0.028660599142313004,2.879798173904419,0.0014160708524286747,0.7673436403274536,5.0,5.0,0.45,443,7.38333,False
0.3990773558616638,-0.05092263221740723,0.01037287712097168,-0.018587157130241394,-0.02810359001159668,-0.6309927105903625,0.04541108012199402,1.3796848058700562,0.13568469882011414,2.906174898147583,0.027705106884241104,3.585322380065918,5.0,5.0,0.45,444,7.4,False
0.39916110038757324,-0.0508388876914978,0.010711431503295898,-0.018974311649799347,-0.02790069580078125,-0.6298725605010986,0.04186737537384033,1.3798896074295044,0.061156511306762695,2.90641450881958,0.005554507952183485,1.7956825494766235,5.0,5.0,0.45,445,7.41667,False
0.3992801606655121,-0.05071982741355896,0.010741472244262695,-0.019031910225749016,-0.02808547019958496,-0.6303156018257141,0.03503549098968506,1.3720035552978516,-0.044800836592912674,2.847336530685425,0.014717166312038898,1.5056276321411133,5.0,5.0,0.45,446,7.43333,False
0.399281769990921,-0.050718218088150024,0.010822772979736328,-0.019147010520100594,-0.028167009353637695,-0.6303974986076355,0.042500823736190796,1.3583804368972778,0.06259604543447495,2.907750368118286,0.015183922834694386,2.976937770843506,5.0,5.0,0.45,447,7.45,False
0.39938613772392273,-0.050613850355148315,0.011147022247314453,-0.019502226263284683,-0.027912139892578125,-0.6273428201675415,0.04949645698070526,1.3573611974716187,0.0976216048002243,2.925499439239502,0.0015418193070217967,0.1580207347869873,5.0,5.0,0.45,448,7.46667,False
0.3994710445404053,-0.05052894353866577,0.011650323867797852,-0.019996758550405502,-0.0274355411529541,-0.6233676075935364,0.0440821647644043,1.3614579439163208,0.10453467071056366,2.865098476409912,0.0036960667930543423,1.8032937049865723,5.0,5.0,0.45,449,7.48333,False
0.3995327353477478,-0.05046725273132324,0.011897802352905273,-0.020164530724287033,-0.027262449264526367,-0.6147112250328064,0.047727733850479126,1.349325180053711,-0.1097661554813385,2.9266116619110107,0.049708712846040726,0.18186020851135254,5.0,5.0,0.45,450,7.5,False
0.39964646100997925,-0.0503535270690918,0.01174020767211914,-0.019899670034646988,-0.02754664421081543,-0.6155797839164734,0.05440138280391693,1.327247977256775,-0.037899088114500046,2.9664041996002197,0.006748320534825325,1.9660868644714355,5.0,5.0,0.45,451,7.51667,False
0.39987391233444214,-0.050126075744628906,0.011268138885498047,-0.019325297325849533,-0.028195858001708984,-0.6192213296890259,0.04139728099107742,1.3028249740600586,-0.011595558375120163,2.958073377609253,0.0007612783228978515,3.2342417240142822,5.0,5.0,0.45,452,7.53333,False
0.40002089738845825,-0.04997909069061279,0.010485172271728516,-0.018443938344717026,-0.029165029525756836,-0.6175469756126404,0.03629516810178757,1.28824782371521,-0.0783393532037735,2.930784225463867,0.0051994314417243,1.7453022003173828,5.0,5.0,0.45,453,7.55,False
0.4002126157283783,-0.04978737235069275,0.009106159210205078,-0.017041603103280067,-0.030834674835205078,-0.6303273439407349,0.046644218266010284,1.28223717212677,-0.09858909249305725,2.9304115772247314,0.00041019078344106674,1.6587698459625244,5.0,5.0,0.45,454,7.56667,False
0.4004373252391815,-0.049562662839889526,0.007721900939941406,-0.015746785327792168,-0.03250575065612793,-0.6431373357772827,0.04423220083117485,1.274423599243164,-0.16924358904361725,2.936722755432129,0.005031888838857412,-1.9372847080230713,5.0,5.0,0.45,455,7.58333,False
0.4006861448287964,-0.04931384325027466,0.0072743892669677734,-0.015505807474255562,-0.03303241729736328,-0.6518179774284363,0.042287908494472504,1.270548701286316,-0.049581464380025864,2.934171438217163,0.014325532130897045,-0.35306990146636963,5.0,5.0,0.45,456,7.6,False
0.40078073740005493,-0.04921925067901611,0.007441282272338867,-0.01592765748500824,-0.03280949592590332,-0.6542063355445862,0.04715824872255325,1.266029715538025,0.06497961282730103,2.910937786102295,0.013664044439792633,0.35766100883483887,5.0,5.0,0.45,457,7.61667,False
0.40086016058921814,-0.049139827489852905,0.008032798767089844,-0.01678597182035446,-0.03205585479736328,-0.6518344283103943,0.05667230114340782,1.262437105178833,0.004622265696525574,2.87949275970459,0.004631799180060625,0.7046661376953125,5.0,5.0,0.45,458,7.63333,False
0.4008682668209076,-0.04913172125816345,0.0076274871826171875,-0.016649192199110985,-0.03244900703430176,-0.6504584550857544,0.059153713285923004,1.255889892578125,0.01297643780708313,2.894554376602173,0.00029664451722055674,1.5937769412994385,5.0,5.0,0.45,459,7.65,False
0.40080875158309937,-0.04919123649597168,0.006855964660644531,-0.016195259988307953,-0.03326129913330078,-0.6585087180137634,0.0541304349899292,1.2598110437393188,-0.04637828841805458,2.939439535140991,0.005537660792469978,2.1996915340423584,5.0,5.0,0.45,460,7.66667,False
0.400635302066803,-0.049364686012268066,0.0060846805572509766,-0.015806112438440323,-0.03408074378967285,-0.665149450302124,0.05218496173620224,1.259938359260559,-0.029918964952230453,2.8845860958099365,0.0032798091415315866,2.734539031982422,5.0,5.0,0.45,461,7.68333,False
0.400351345539093,-0.04964864253997803,0.006124258041381836,-0.016330145299434662,-0.03389739990234375,-0.674645721912384,0.052767276763916016,1.2632989883422852,0.19892475008964539,2.9065611362457275,0.05285235121846199,4.979282855987549,5.0,5.0,0.45,462,7.7,False
0.3999989330768585,-0.050001055002212524,0.006893634796142578,-0.017593786120414734,-0.032837629318237305,-0.668908417224884,0.04536247253417969,1.276075005531311,0.15887516736984253,2.841919422149658,0.005782519932836294,2.8212759494781494,5.0,5.0,0.45,463,7.71667,False
0.39950424432754517,-0.05049574375152588,0.008218050003051758,-0.019342835992574692,-0.031091928482055664,-0.6584935784339905,0.049625903367996216,1.2923468351364136,0.1730557233095169,2.8438055515289307,0.00020464565022848547,0.29698848724365234,5.0,5.0,0.45,464,7.73333,False
0.3991047739982605,-0.05089521408081055,0.009213447570800781,-0.020668350160121918,-0.029689550399780273,-0.6418397426605225,0.05120484530925751,1.3031879663467407,0.12645180523395538,2.8989851474761963,0.005216713063418865,1.139115571975708,5.0,5.0,0.45,465,7.75,False
0.3988015651702881,-0.05119842290878296,0.009174346923828125,-0.020827045664191246,-0.029531240463256836,-0.635835587978363,0.049646079540252686,1.3124372959136963,0.027972662821412086,2.8841710090637207,0.009917601011693478,0.8329581022262573,5.0,5.0,0.45,466,7.76667,False
0.39861565828323364,-0.0513843297958374,0.009533166885375977,-0.02134370245039463,-0.028851985931396484,-0.6264324188232422,0.050265729427337646,1.3141964673995972,0.16116531193256378,2.9077250957489014,0.01829507388174534,2.412510633468628,5.0,5.0,0.45,467,7.78333,False
0.3985103666782379,-0.05148962140083313,0.008985519409179688,-0.02084106206893921,-0.029264211654663086,-0.622632622718811,0.057025179266929626,1.3138439655303955,-0.014533746987581253,2.892812490463257,0.03109254315495491,1.2401483058929443,5.0,5.0,0.45,468,7.8,False
0.39863812923431396,-0.05136185884475708,0.008249282836914062,-0.020149430260062218,-0.02989983558654785,-0.6258869767189026,0.05766865611076355,1.3058255910873413,0.02002713270485401,2.86982798576355,0.0017227418720722198,2.369426727294922,5.0,5.0,0.45,469,7.81667,False
0.3988707363605499,-0.05112925171852112,0.00762486457824707,-0.019596267491579056,-0.030320405960083008,-0.6315412521362305,0.051845163106918335,1.3020682334899902,0.11293961107730865,2.906259775161743,0.00996000412851572,3.9446206092834473,5.0,5.0,0.45,470,7.83333,False
0.3990131914615631,-0.050986796617507935,0.007141590118408203,-0.019171925261616707,-0.030617952346801758,-0.6317287087440491,0.04734337329864502,1.2926398515701294,-0.08062805235385895,2.850368022918701,0.04059232771396637,1.9614355564117432,5.0,5.0,0.45,471,7.85,False
0.3990975022315979,-0.050902485847473145,0.006567478179931641,-0.01865401118993759,-0.031011343002319336,-0.6374018788337708,0.05183708667755127,1.2913743257522583,0.10067857801914215,2.857395887374878,0.03292148560285568,5.0,5.0,5.0,0.45,472,7.86667,False
0.3991410434246063,-0.05085894465446472,0.006532907485961914,-0.018779465928673744,-0.03068995475769043,-0.6404433250427246,0.04882550239562988,1.300736427307129,0.1796221286058426,2.942173480987549,0.013419324532151222,5.0,5.0,5.0,0.45,473,7.88333,False
0.399013876914978,-0.05098611116409302,0.0064198970794677734,-0.018812188878655434,-0.030472517013549805,-0.6367509961128235,0.04520136117935181,1.3018220663070679,0.051703184843063354,2.8425278663635254,0.026292502880096436,2.8003225326538086,5.0,5.0,0.45,474,7.9,False
0.3988873362541199,-0.05111265182495117,0.006690025329589844,-0.019255466759204865,-0.029772520065307617,-0.6356011033058167,0.04717615246772766,1.3104774951934814,0.0707898959517479,2.898955821990967,0.0035484167747199535,0.03814363479614258,5.0,5.0,0.45,475,7.91667,False
0.3988577127456665,-0.05114227533340454,0.006984233856201172,-0.019695591181516647,-0.02901935577392578,-0.6244220733642578,0.044497519731521606,1.31145441532135,-0.022146698087453842,2.9705793857574463,0.013767143711447716,-1.1748934984207153,5.0,5.0,0.45,476,7.93333,False
0.39887166023254395,-0.0511283278465271,0.006592750549316406,-0.01931692846119404,-0.029056549072265625,-0.6198541522026062,0.04506084322929382,1.314019799232483,0.07647815346717834,2.8977010250091553,0.01503811776638031,0.6553261280059814,5.0,5.0,0.45,477,7.95,False
0.3989783823490143,-0.05102160573005676,0.006334543228149414,-0.019056661054491997,-0.02892327308654785,-0.6193547248840332,0.0486350953578949,1.3186789751052856,-0.005887929350137711,2.910586357116699,0.006950202863663435,-0.43793201446533203,5.0,5.0,0.45,478,7.96667,False
0.39916130900382996,-0.05083867907524109,0.006175041198730469,-0.018917376175522804,-0.028651714324951172,-0.6192237138748169,0.05512815713882446,1.314016580581665,-0.00899672880768776,2.9097023010253906,1.0446189662616234e-05,0.35312187671661377,5.0,5.0,0.45,479,7.98333,False
0.3993908166885376,-0.05060917139053345,0.0061495304107666016,-0.01888931728899479,-0.028226375579833984,-0.6180558204650879,0.053367674350738525,1.3062999248504639,0.038510773330926895,2.924752950668335,0.0024834848009049892,2.118873119354248,5.0,5.0,0.45,480,8.0,False
0.399570107460022,-0.05042988061904907,0.006156444549560547,-0.0188689474016428,-0.027710676193237305,-0.610795795917511,0.04898631572723389,1.2954100370407104,-0.004982244223356247,2.943303108215332,0.002235750900581479,2.276214838027954,5.0,5.0,0.45,481,8.01667,False
0.3998042345046997,-0.05019575357437134,0.004953861236572266,-0.017395617440342903,-0.028666257858276367,-0.6162673234939575,0.05912601947784424,1.2899283170700073,-0.09366007149219513,2.894317388534546,0.010263357311487198,2.274343490600586,5.0,5.0,0.45,482,8.03333,False
0.40005743503570557,-0.04994255304336548,0.0038154125213623047,-0.016109991818666458,-0.029508352279663086,-0.630340576171875,0.05931645631790161,1.2807459831237793,-0.03577234223484993,2.9520211219787598,0.00668071024119854,3.879112720489502,5.0,5.0,0.45,483,8.05,False
0.4001692533493042,-0.049830734729766846,0.0035746097564697266,-0.015994843095541,-0.029261350631713867,-0.6347333192825317,0.0453188419342041,1.2763339281082153,0.0906207412481308,2.9401731491088867,0.0161155853420496,-0.7087795734405518,5.0,5.0,0.45,484,8.06667,False
0.4001741111278534,-0.04982587695121765,0.0034704208374023438,-0.016053063794970512,-0.028855562210083008,-0.6373821496963501,0.04703933000564575,1.280875563621521,0.023608345538377762,2.9117603302001953,0.005297950003296137,1.208312749862671,5.0,5.0,0.45,485,8.08333,False
0.4001944959163666,-0.04980549216270447,0.00296783447265625,-0.01569993421435356,-0.028934478759765625,-0.636189341545105,0.036658287048339844,1.2706326246261597,-0.10159757733345032,2.907093048095703,0.015698306262493134,-0.1401844024658203,5.0,5.0,0.45,486,8.1,False
0.4003126323223114,-0.049687355756759644,0.002460002899169922,-0.015427252277731895,-0.02896738052368164,-0.6472700834274292,0.03832906484603882,1.2713643312454224,0.04179127514362335,2.9324300289154053,0.02120232582092285,1.6546800136566162,5.0,5.0,0.45,487,8.11667,False
0.4003167450428009,-0.04968324303627014,0.002269744873046875,-0.015657413750886917,-0.02863478660583496,-0.653072714805603,0.038012921810150146,1.275241494178772,0.14257031679153442,2.9155328273773193,0.010441930964589119,3.327530860900879,5.0,5.0,0.45,488,8.13333,False
0.40023595094680786,-0.049764037132263184,0.0025136470794677734,-0.016515109688043594,-0.027754783630371094,-0.650738000869751,0.03693962097167969,1.283019781112671,0.14463335275650024,2.8627846240997314,0.0027866291347891092,3.254371404647827,5.0,5.0,0.45,489,8.15,False
0.4000400900840759,-0.04995989799499512,0.002617359161376953,-0.017184313386678696,-0.027013540267944336,-0.6466187238693237,0.043499648571014404,1.2854341268539429,0.03919750452041626,2.895677328109741,0.012198647484183311,3.2825069427490234,5.0,5.0,0.45,490,8.16667,False
0.39975884556770325,-0.0502411425113678,0.0024154186248779297,-0.01743481494486332,-0.026631832122802734,-0.6469697952270508,0.037734031677246094,1.2834962606430054,0.013649284839630127,2.914639949798584,0.001012292574159801,3.5321431159973145,5.0,5.0,0.45,491,8.18333,False
0.39958542585372925,-0.0504145622253418,0.0020945072174072266,-0.017524387687444687,-0.026395082473754883,-0.6471636295318604,0.040360987186431885,1.2889636754989624,0.013303380459547043,2.9206764698028564,3.6559224099619314e-05,-0.47615882754325867,5.0,5.0,0.45,492,8.2,False
0.39954328536987305,-0.050456702709198,0.0017337799072265625,-0.0176035575568676,-0.026164770126342773,-0.6483888626098633,0.04713141918182373,1.3038777112960815,0.07366003096103668,2.907914876937866,0.0038057835772633553,1.2220910787582397,5.0,5.0,0.45,493,8.21667,False
0.3995455503463745,-0.05045443773269653,0.0016582012176513672,-0.018102016299962997,-0.025552749633789062,-0.643995463848114,0.04270750284194946,1.314012885093689,0.08271908015012741,2.888279676437378,0.00046760746045038104,1.4614728689193726,5.0,5.0,0.45,494,8.23333,False
0.39949890971183777,-0.050501078367233276,0.001401662826538086,-0.018230842426419258,-0.0251617431640625,-0.6437777280807495,0.04932647943496704,1.3257750272750854,0.023503175005316734,2.906888484954834,0.0038528109434992075,0.13106876611709595,5.0,5.0,0.45,495,8.25,False
0.3995038866996765,-0.05049610137939453,0.0014393329620361328,-0.018806330859661102,-0.024400949478149414,-0.642825722694397,0.053191959857940674,1.3306035995483398,0.04514726996421814,2.9090347290039062,0.0004730731889139861,1.3475747108459473,5.0,5.0,0.45,496,8.26667,False
0.3995343744754791,-0.05046561360359192,0.0017459392547607422,-0.019813042134046555,-0.02331233024597168,-0.6354272961616516,0.05286306142807007,1.3301284313201904,0.09016364812850952,2.9261159896850586,0.0023182437289506197,2.3106648921966553,5.0,5.0,0.45,497,8.28333,False
0.3995472490787506,-0.050452739000320435,0.001592874526977539,-0.01991933584213257,-0.022734880447387695,-0.628808856010437,0.05339229106903076,1.32713782787323,0.021097488701343536,2.8896448612213135,0.006100277882069349,1.9561389684677124,5.0,5.0,0.45,498,8.3,False
0.3996421694755554,-0.050357818603515625,0.0010399818420410156,-0.0192874688655138,-0.02266693115234375,-0.6286908984184265,0.0523754358291626,1.3158482313156128,-0.1059664636850357,2.8788552284240723,0.016261665150523186,1.6652472019195557,5.0,5.0,0.45,499,8.31667,False
0.3998072147369385,-0.05019277334213257,0.00044989585876464844,-0.018622536212205887,-0.022619247436523438,-0.6356147527694702,0.04293316602706909,1.3043344020843506,-0.02652052417397499,2.917396306991577,0.007797072641551495,3.2535014152526855,5.0,5.0,0.45,500,8.33333,False
0.39992836117744446,-0.05007162690162659,0.00031304359436035156,-0.01875639334321022,-0.022016048431396484,-0.6405402421951294,0.05072736740112305,1.304391860961914,0.05104561150074005,2.9158477783203125,0.0060189031064510345,1.5958999395370483,5.0,5.0,0.45,501,8.35,False
0.39992523193359375,-0.050074756145477295,-6.937980651855469e-05,-0.01843804121017456,-0.021712779998779297,-0.6405497789382935,0.04293036460876465,1.2982052564620972,-0.07746975123882294,2.8780007362365723,0.01794859766960144,1.870168924331665,5.0,5.0,0.45,502,8.36667,False
0.3999558985233307,-0.050044089555740356,-0.00026535987854003906,-0.018502315506339073,-0.021203994750976562,-0.6390200257301331,0.037950992584228516,1.2862600088119507,-0.10070492327213287,2.9204530715942383,0.0023420739453285933,-1.0143318176269531,5.0,5.0,0.45,503,8.38333,False
0.40011122822761536,-0.04988875985145569,-0.0002655982971191406,-0.018863612785935402,-0.020411014556884766,-0.639873206615448,0.04548454284667969,1.2862133979797363,0.05201326683163643,2.943948984146118,0.023874903097748756,1.0316694974899292,5.0,5.0,0.45,504,8.4,False
0.4001578986644745,-0.04984208941459656,-0.0004787445068359375,-0.018762607127428055,-0.019895553588867188,-0.6364001035690308,0.05081033706665039,1.281900405883789,0.00948476791381836,2.913726329803467,0.002722082193940878,1.954260230064392,5.0,5.0,0.45,505,8.41667,False
0.4002789556980133,-0.04972103238105774,-0.0009024143218994141,-0.018237967044115067,-0.01960921287536621,-0.6350734829902649,0.04867410659790039,1.2752611637115479,-0.010117556899785995,2.937260866165161,0.0009381255367770791,1.522780418395996,5.0,5.0,0.45,506,8.43333,False
0.40037739276885986,-0.04962259531021118,-0.0014681816101074219,-0.017355481162667274,-0.01947760581970215,-0.6412526965141296,0.057711780071258545,1.2735698223114014,-0.08649410307407379,2.9634716510772705,0.006520381197333336,1.8862988948822021,5.0,5.0,0.45,507,8.45,False
0.40035733580589294,-0.0496426522731781,-0.0019507408142089844,-0.01665298081934452,-0.0192413330078125,-0.6512880325317383,0.05498474836349487,1.2675747871398926,-0.008060991764068604,2.9662790298461914,0.006159634329378605,4.131616115570068,5.0,5.0,0.45,508,8.46667,False
0.40024852752685547,-0.049751460552215576,-0.002201080322265625,-0.016611173748970032,-0.018737316131591797,-0.6576298475265503,0.055635809898376465,1.2725515365600586,0.08653798699378967,2.913327693939209,0.011752810329198837,-5.0,5.0,5.0,0.45,509,8.48333,False
0.40007972717285156,-0.04992026090621948,-0.0022096633911132812,-0.017284277826547623,-0.017914533615112305,-0.6557291746139526,0.05334407091140747,1.2957442998886108,0.1506662517786026,2.9126925468444824,0.004112837836146355,0.5054965019226074,5.0,5.0,0.45,510,8.5,False
0.3998122811317444,-0.05018770694732666,-0.0022056102752685547,-0.01813020557165146,-0.017049074172973633,-0.648861825466156,0.05442243814468384,1.3191208839416504,0.16882389783859253,2.896367311477661,0.000596213445533067,0.26512861251831055,5.0,5.0,0.45,511,8.51667,False
0.3994971811771393,-0.05050280690193176,-0.0022008419036865234,-0.01880546472966671,-0.016170501708984375,-0.6408758163452148,0.05646151304244995,1.333574652671814,0.00025649741291999817,2.9024388790130615,0.028451833873987198,-2.860391139984131,5.0,5.0,0.45,512,8.53333,False
0.3992878794670105,-0.05071210861206055,-0.002220630645751953,-0.019438117742538452,-0.015315532684326172,-0.634823203086853,0.05797034502029419,1.334071159362793,0.0077335424721241,2.9219279289245605,0.00043572927825152874,0.14042839407920837,5.0,5.0,0.45,513,8.55,False
0.39918163418769836,-0.05081835389137268,-0.002313852310180664,-0.019931526854634285,-0.014546632766723633,-0.6266638040542603,0.053891897201538086,1.327411413192749,0.05415946990251541,2.904402494430542,0.00246250769123435,1.2494782209396362,5.0,5.0,0.45,514,8.56667,False
0.3992331027984619,-0.05076688528060913,-0.0027053356170654297,-0.019095133990049362,-0.014112472534179688,-0.6287407875061035,0.05325043201446533,1.326594352722168,0.005053967237472534,2.8860228061676025,0.002749163191765547,1.003760814666748,5.0,5.0,0.45,515,8.58333,False
0.399365097284317,-0.05063489079475403,-0.0029439926147460938,-0.018641997128725052,-0.013528108596801758,-0.6269991993904114,0.05209004878997803,1.3068538904190063,-0.0929856151342392,2.829987049102783,0.012751765549182892,0.36326098442077637,5.0,5.0,0.45,516,8.6,False
0.3996681869029999,-0.05033180117607117,-0.003183126449584961,-0.018189378082752228,-0.012911081314086914,-0.6349613666534424,0.05715733766555786,1.3127886056900024,0.13992656767368317,2.9332339763641357,0.06490801274776459,3.6204428672790527,5.0,5.0,0.45,517,8.61667,False
0.39986246824264526,-0.05013751983642578,-0.003336191177368164,-0.01803417317569256,-0.012199878692626953,-0.6336362957954407,0.05234724283218384,1.3142619132995605,-0.0036269165575504303,2.874863386154175,0.024014728143811226,2.695134162902832,5.0,5.0,0.45,518,8.63333,False
0.39984196424484253,-0.050158023834228516,-0.003548860549926758,-0.017506811767816544,-0.011561155319213867,-0.6363001465797424,0.05256855487823486,1.3051975965499878,-0.011774878948926926,2.8630599975585938,0.00020570927881635725,2.8992533683776855,5.0,5.0,0.45,519,8.65,False
0.3997434079647064,-0.050256580114364624,-0.003690004348754883,-0.017602603882551193,-0.010837316513061523,-0.6438401937484741,0.057155609130859375,1.300953984260559,0.17503196001052856,2.9650042057037354,0.04528941586613655,5.0,5.0,5.0,0.45,520,8.66667,False
0.3996557891368866,-0.05034419894218445,-0.003862142562866211,-0.017745979130268097,-0.010145425796508789,-0.6362298727035522,0.048781752586364746,1.3103218078613281,0.0539868026971817,2.9266481399536133,0.01612311787903309,-1.634613275527954,5.0,5.0,0.45,521,8.68333,False
0.39954954385757446,-0.05045044422149658,-0.004027366638183594,-0.01794077642261982,-0.009436845779418945,-0.6313883066177368,0.05391579866409302,1.3180021047592163,0.02032262645661831,2.9035110473632812,0.0016686016460880637,-0.16865861415863037,5.0,5.0,0.45,522,8.7,False
0.39956068992614746,-0.050439298152923584,-0.004269599914550781,-0.01719389483332634,-0.008810997009277344,-0.6341304779052734,0.06272464990615845,1.3194531202316284,-0.12182657420635223,2.9258415699005127,0.020705046132206917,-0.917884349822998,5.0,5.0,0.45,523,8.71667,False
0.39978253841400146,-0.05021744966506958,-0.004422903060913086,-0.017237316817045212,-0.008077859878540039,-0.641062319278717,0.060539960861206055,1.3198750019073486,0.07576082646846771,2.9235763549804688,0.03904591128230095,2.09114408493042,5.0,5.0,0.45,524,8.73333,False
0.3999481201171875,-0.050051867961883545,-0.004526376724243164,-0.017566099762916565,-0.0072858333587646484,-0.6369025707244873,0.05961465835571289,1.3163238763809204,0.08507759124040604,2.851717710494995,0.005250466987490654,2.1535630226135254,5.0,5.0,0.45,525,8.75,False
0.40000250935554504,-0.049997478723526,-0.004647254943847656,-0.01721419394016266,-0.006517648696899414,-0.6342405676841736,0.055334508419036865,1.3061472177505493,-0.028382252901792526,2.8516671657562256,0.012873138301074505,1.468691110610962,5.0,5.0,0.45,526,8.76667,False
0.4001574218273163,-0.04984256625175476,-0.004794597625732422,-0.016727851703763008,-0.005782604217529297,-0.644581139087677,0.06862825155258179,1.3105405569076538,-0.0078124068677425385,2.860275983810425,0.0004972303286194801,2.0129234790802,5.0,5.0,0.45,527,8.78333,False
0.40023306012153625,-0.04976692795753479,-0.004901409149169922,-0.01643303781747818,-0.004995822906494141,-0.6514542102813721,0.06177455186843872,1.3192540407180786,0.08311925828456879,2.8950836658477783,0.009480142965912819,3.6146256923675537,5.0,5.0,0.45,528,8.8,False
0.400089830160141,-0.049910157918930054,-0.0049953460693359375,-0.016991235315799713,-0.004187107086181641,-0.6534968614578247,0.05461382865905762,1.3324335813522339,0.1978348046541214,2.8787615299224854,0.013426069170236588,4.233249187469482,5.0,5.0,0.45,529,8.81667,False
0.39982476830482483,-0.050175219774246216,-0.005170106887817383,-0.017870236188173294,-0.0034661293029785156,-0.6503124833106995,0.053385257720947266,1.3508358001708984,0.1983439326286316,2.873322010040283,2.984758793900255e-05,4.4939045906066895,5.0,5.0,0.45,530,8.83333,False
0.39946484565734863,-0.05053514242172241,-0.005481719970703125,-0.018568402156233788,-0.0029036998748779297,-0.643875241279602,0.04815065860748291,1.3571373224258423,0.11138753592967987,2.8952083587646484,0.00804042723029852,3.3162286281585693,5.0,5.0,0.45,531,8.85,False
0.3992302715778351,-0.05076971650123596,-0.00578618049621582,-0.019175615161657333,-0.002328157424926758,-0.6362739205360413,0.04235196113586426,1.3576229810714722,-0.038411375135183334,2.8660051822662354,0.0232925396412611,-0.7491748929023743,5.0,5.0,0.45,532,8.86667,False
0.3990999162197113,-0.05090007185935974,-0.006060600280761719,-0.01983613334596157,-0.0017192363739013672,-0.6308489441871643,0.050413310527801514,1.362874150276184,0.1350998431444168,2.903318166732788,0.03149840235710144,1.0107793807983398,5.0,5.0,0.45,533,8.88333,False
0.3990969657897949,-0.05090302228927612,-0.006406068801879883,-0.020280692726373672,-0.0011975765228271484,-0.6183105111122131,0.05569344758987427,1.366822361946106,0.12312282621860504,2.8629226684570312,0.0017752451822161674,1.2433054447174072,5.0,5.0,0.45,534,8.9,False
0.39915645122528076,-0.05084353685379028,-0.006636381149291992,-0.02020503208041191,-0.0005354881286621094,-0.6134280562400818,0.05159187316894531,1.3719533681869507,0.03761397302150726,2.845885992050171,0.00760201271623373,0.8668084144592285,5.0,5.0,0.45,535,8.91667,False
0.3992844820022583,-0.050715506076812744,-0.006932497024536133,-0.02043379284441471,4.267692565917969e-05,-0.6053394079208374,0.05655422806739807,1.3656657934188843,0.04305107146501541,2.9337944984436035,0.007757467683404684,1.3256479501724243,5.0,5.0,0.45,536,8.93333,False
0.39947476983070374,-0.05052521824836731,-0.006939888000488281,-0.01940087229013443,0.0009620189666748047,-0.6044061183929443,0.05906474590301514,1.3528857231140137,-0.14802351593971252,2.9358274936676025,0.03651362657546997,0.28094482421875,5.0,5.0,0.45,537,8.95,False
0.39985138177871704,-0.050148606300354004,-0.006975889205932617,-0.01839507557451725,0.0018322467803955078,-0.6123112440109253,0.059530675411224365,1.337954044342041,-0.008009441196918488,2.9294161796569824,0.019645048305392265,3.0514533519744873,5.0,5.0,0.45,538,8.96667,False
0.4001961350440979,-0.049803853034973145,-0.006925344467163086,-0.017416907474398613,0.002780437469482422,-0.6199752688407898,0.056620270013809204,1.3296585083007812,0.04082709550857544,2.944093942642212,0.0026004440151154995,4.166749954223633,5.0,5.0,0.45,539,8.98333,False
0.4003918468952179,-0.04960814118385315,-0.006821155548095703,-0.016423091292381287,0.0037953853607177734,-0.6244077682495117,0.047581762075424194,1.320935606956482,-0.13342756032943726,2.8778302669525146,0.034755557775497437,-4.286742210388184,5.0,5.0,0.45,540,9.0,False
0.4005676209926605,-0.04943236708641052,-0.0067975521087646484,-0.0158690232783556,0.004706144332885742,-0.6353075504302979,0.051947981119155884,1.3206753730773926,0.10177980363368988,2.9304850101470947,0.05809502676129341,2.608020782470703,5.0,5.0,0.45,541,9.01667,False
0.40069398283958435,-0.049306005239486694,-0.006934165954589844,-0.015797344967722893,0.005408048629760742,-0.6378734111785889,0.05314362049102783,1.322679042816162,0.06744180619716644,2.982117176055908,0.003844978753477335,2.1172525882720947,5.0,5.0,0.45,542,9.03333,False
0.4006989896297455,-0.04930099844932556,-0.0070688724517822266,-0.015672678127884865,0.006110429763793945,-0.6383305788040161,0.04737412929534912,1.3185659646987915,0.048661407083272934,2.8820555210113525,0.010365038178861141,1.8595967292785645,5.0,5.0,0.45,543,9.05,False
0.4006893038749695,-0.04931068420410156,-0.0071375370025634766,-0.015565006993710995,0.0068836212158203125,-0.6459074020385742,0.04398074746131897,1.3222566843032837,0.048519767820835114,2.9487929344177246,0.0044539025984704494,3.0606913566589355,5.0,5.0,0.45,544,9.06667,False
0.4007151126861572,-0.04928487539291382,-0.0075533390045166016,-0.01610792987048626,0.0072269439697265625,-0.6474280953407288,0.038531333208084106,1.321738362312317,0.04218042641878128,2.93099308013916,0.0003570220433175564,2.670837163925171,5.0,5.0,0.45,545,9.08333,False
0.40058067440986633,-0.04941931366920471,-0.007853269577026367,-0.016326433047652245,0.007707834243774414,-0.6477788686752319,0.04163914918899536,1.3157960176467896,0.06026209518313408,2.8518688678741455,0.006587587762624025,3.3637099266052246,5.0,5.0,0.45,546,9.1,False
0.40038174390792847,-0.04961824417114258,-0.008370161056518555,-0.017078736796975136,0.007909059524536133,-0.6399078369140625,0.03562477231025696,1.3233901262283325,0.11049346625804901,2.9266061782836914,0.008108856156468391,1.817213535308838,5.0,5.0,0.45,547,9.11667,False
0.4001815617084503,-0.04981842637062073,-0.008967399597167969,-0.017862698063254356,0.0080108642578125,-0.6322492361068726,0.043474942445755005,1.334644079208374,0.0723574161529541,2.900928497314453,0.0021137017756700516,-0.2974216938018799,5.0,5.0,0.45,548,9.13333,False
0.4000816345214844,-0.04991835355758667,-0.009172677993774414,-0.017773350700736046,0.008600234985351562,-0.6277199983596802,0.044447630643844604,1.335721731185913,-0.09830386936664581,2.899869918823242,0.029126396402716637,-1.4932498931884766,5.0,5.0,0.45,549,9.15,False
0.4002097547054291,-0.04979023337364197,-0.009490728378295898,-0.017942681908607483,0.009018659591674805,-0.6255248188972473,0.05829492211341858,1.3357477188110352,0.013680189847946167,2.987854242324829,0.02028167061507702,0.8232536911964417,5.0,5.0,0.45,550,9.16667,False
0.40048035979270935,-0.049519628286361694,-0.009682178497314453,-0.017908858135342598,0.009600400924682617,-0.6238998174667358,0.046828627586364746,1.3301810026168823,-0.07041649520397186,2.9263575077056885,0.010854100808501244,0.5870876312255859,5.0,5.0,0.45,551,9.18333,False
0.40080198645591736,-0.049198001623153687,-0.009736061096191406,-0.01760077476501465,0.010313749313354492,-0.622577965259552,0.053237736225128174,1.31745445728302,-0.00790475681424141,2.9248225688934326,0.003910074010491371,1.8407868146896362,5.0,5.0,0.45,552,9.2,False
0.40100163221359253,-0.048998355865478516,-0.009462594985961914,-0.01678965426981449,0.011404991149902344,-0.627224862575531,0.0565933883190155,1.3115110397338867,-0.03255927190184593,2.929189682006836,0.0006269168225117028,2.9960293769836426,5.0,5.0,0.45,553,9.21667,False
0.40114524960517883,-0.04885473847389221,-0.009179830551147461,-0.016091540455818176,0.012502193450927734,-0.6373739242553711,0.051541611552238464,1.3060581684112549,-0.09798960387706757,2.925320625305176,0.0042960974387824535,3.256234645843506,5.0,5.0,0.45,554,9.23333,False
0.4012634754180908,-0.048736512660980225,-0.009164810180664062,-0.015851173549890518,0.013280391693115234,-0.6416637301445007,0.05080661177635193,1.2985076904296875,-0.022721480578184128,2.926624059677124,0.0056669884361326694,1.8525371551513672,5.0,5.0,0.45,555,9.25,False
0.4013293385505676,-0.04867064952850342,-0.008935213088989258,-0.015394588001072407,0.014261722564697266,-0.6527519226074219,0.043718889355659485,1.3009145259857178,0.010903880000114441,2.9647085666656494,0.002581094391644001,2.9437756538391113,5.0,5.0,0.45,556,9.26667,False
0.40128663182258606,-0.048713356256484985,-0.009139299392700195,-0.015713348984718323,0.014761924743652344,-0.6498447060585022,0.04158702492713928,1.2954281568527222,-0.07070735096931458,2.8815598487854004,0.013574102893471718,-0.2890357971191406,5.0,5.0,0.45,557,9.28333,False
0.40124040842056274,-0.0487595796585083,-0.009255170822143555,-0.015955930575728416,0.015331745147705078,-0.6565943360328674,0.05211208760738373,1.3045616149902344,0.15066637098789215,2.94000506401062,0.052422165870666504,3.721095323562622,5.0,5.0,0.45,558,9.3,False
0.40115886926651,-0.048841118812561035,-0.009508371353149414,-0.01643318682909012,0.0157163143157959,-0.6521918177604675,0.0518428236246109,1.3095372915267944,0.07066468894481659,2.923624038696289,0.006668606773018837,1.034037470817566,5.0,5.0,0.45,559,9.31667,False
0.4009566307067871,-0.049043357372283936,-0.009782075881958008,-0.016969140619039536,0.016069650650024414,-0.6490319967269897,0.051596030592918396,1.3130580186843872,0.07466565817594528,2.8839619159698486,0.0015890917275100946,1.6395983695983887,5.0,5.0,0.45,560,9.33333,False
0.40079203248023987,-0.04920795559883118,-0.010011434555053711,-0.017418188974261284,0.016483545303344727,-0.6510363221168518,0.05639679729938507,1.3224748373031616,0.055729497224092484,2.928361177444458,0.002329872688278556,3.7997069358825684,5.0,5.0,0.45,561,9.35,False
0.40068408846855164,-0.04931589961051941,-0.010460138320922852,-0.01809150166809559,0.01659536361694336,-0.6460657119750977,0.05758579075336456,1.333560824394226,0.16957911849021912,2.9149463176727295,0.013141695410013199,5.0,5.0,5.0,0.45,562,9.36667,False
0.4004828631877899,-0.04951712489128113,-0.010647058486938477,-0.01835554651916027,0.01702117919921875,-0.6413019895553589,0.05659396946430206,1.3397443294525146,0.10130731761455536,2.86100172996521,0.007571057416498661,3.6654388904571533,5.0,5.0,0.45,563,9.38333,False
0.4002251923084259,-0.04977479577064514,-0.01058506965637207,-0.018320411443710327,0.01772785186767578,-0.6429392695426941,0.061559632420539856,1.346358060836792,0.0714489221572876,2.860234022140503,0.000892113137524575,4.190603256225586,5.0,5.0,0.45,564,9.4,False
0.3999447226524353,-0.05005526542663574,-0.010798454284667969,-0.018631363287568092,0.018105030059814453,-0.6451061367988586,0.06493914127349854,1.3487110137939453,0.10806635022163391,2.8863892555236816,0.00202493229880929,5.0,5.0,5.0,0.45,565,9.41667,False
0.39968234300613403,-0.05031764507293701,-0.01159977912902832,-0.019625138491392136,0.01777029037475586,-0.636457085609436,0.055707335472106934,1.3532888889312744,0.08149244636297226,2.883286714553833,0.0007157981162890792,-2.048332452774048,5.0,5.0,0.45,566,9.43333,False
0.39947667717933655,-0.0505233108997345,-0.011866092681884766,-0.019902298226952553,0.018021106719970703,-0.6271073818206787,0.057769931852817535,1.363468885421753,0.06655671447515488,2.882530689239502,0.00022364765754900873,-0.15459942817687988,5.0,5.0,0.45,567,9.45,False
0.3993966579437256,-0.05060333013534546,-0.011649847030639648,-0.019468702375888824,0.018921613693237305,-0.6192564964294434,0.054165661334991455,1.356001853942871,-0.1667545586824417,2.859658718109131,0.054957274347543716,-1.8443968296051025,5.0,5.0,0.45,568,9.46667,False
0.39963334798812866,-0.05036664009094238,-0.010934829711914062,-0.018494518473744392,0.0203092098236084,-0.6277143359184265,0.05547171086072922,1.3613274097442627,0.1231260746717453,2.9369163513183594,0.08999952673912048,2.0080032348632812,5.0,5.0,0.45,569,9.48333,False
0.39987871050834656,-0.05012127757072449,-0.010743856430053711,-0.018221717327833176,0.021106243133544922,-0.6286107301712036,0.057095035910606384,1.362619161605835,0.042517490684986115,2.8864822387695312,0.009041343815624714,1.000440239906311,5.0,5.0,0.45,570,9.5,False
0.40004482865333557,-0.049955159425735474,-0.010948419570922852,-0.018461400642991066,0.02141094207763672,-0.6280094385147095,0.057767100632190704,1.3592239618301392,0.07517608255147934,2.8727686405181885,0.0012546464568004012,1.408259630203247,5.0,5.0,0.45,571,9.51667,False
0.4001566767692566,-0.04984331130981445,-0.011598825454711914,-0.01916719228029251,0.021145105361938477,-0.6222326159477234,0.0607522577047348,1.3565057516098022,0.1804981678724289,2.9184532165527344,0.013179821893572807,2.821394443511963,5.0,5.0,0.45,572,9.53333,False
0.4002522826194763,-0.04974770545959473,-0.011645793914794922,-0.019120367243885994,0.021590709686279297,-0.6177955269813538,0.05883798003196716,1.355815052986145,-0.0003506280481815338,2.912148952484131,0.03274603188037872,2.1255042552948,5.0,5.0,0.45,573,9.55,False
0.40029534697532654,-0.04970464110374451,-0.011795282363891602,-0.019121037796139717,0.02189159393310547,-0.6123331785202026,0.05036644637584686,1.349258542060852,0.049451589584350586,2.8847625255584717,0.0032302772160619497,3.3033370971679688,5.0,5.0,0.45,574,9.56667,False
0.40027761459350586,-0.049722373485565186,-0.011161088943481445,-0.018241701647639275,0.023110628128051758,-0.616820752620697,0.059660688042640686,1.3453264236450195,-0.004166316241025925,2.9511349201202393,0.007280174642801285,3.189462184906006,5.0,5.0,0.45,575,9.58333,False
0.4002995789051056,-0.049700409173965454,-0.009904623031616211,-0.016744883731007576,0.025064468383789062,-0.6272331476211548,0.06464265286922455,1.3390491008758545,-0.04357141628861427,2.8922269344329834,0.005022912751883268,3.851266622543335,5.0,5.0,0.45,576,9.6,False
0.40036237239837646,-0.04963761568069458,-0.009720087051391602,-0.016543705016374588,0.025707483291625977,-0.6315692663192749,0.05826841667294502,1.3426215648651123,-0.023326825350522995,2.902066946029663,0.000506669282913208,-1.4677584171295166,5.0,5.0,0.45,577,9.61667,False
0.40035688877105713,-0.049643099308013916,-0.009552717208862305,-0.01636834815144539,0.026334762573242188,-0.6278200745582581,0.05555403232574463,1.3388639688491821,-0.029534202069044113,2.9153103828430176,0.00021392013877630234,-0.23693114519119263,5.0,5.0,0.45,578,9.63333,False
0.4004738926887512,-0.049526095390319824,-0.00935220718383789,-0.01622166484594345,0.026929855346679688,-0.6340404152870178,0.0631212368607521,1.3591738939285278,0.14813286066055298,2.890812873840332,0.03216571733355522,2.2273921966552734,5.0,5.0,0.45,579,9.65,False
0.4005628526210785,-0.049437135457992554,-0.009352922439575195,-0.016310498118400574,0.02727794647216797,-0.6330431699752808,0.0584212988615036,1.3746559619903564,0.05065053328871727,2.9006073474884033,0.00959873478859663,0.22482705116271973,5.0,5.0,0.45,580,9.66667,False
0.4005650281906128,-0.04943495988845825,-0.008797168731689453,-0.015828726813197136,0.02830958366394043,-0.6328332424163818,0.05742175132036209,1.3770701885223389,-0.015541937202215195,2.892770767211914,0.004442855250090361,0.49720269441604614,5.0,5.0,0.45,581,9.68333,False
0.40061548352241516,-0.049384504556655884,-0.008692026138305664,-0.015908705070614815,0.028751611709594727,-0.6417953372001648,0.05866634100675583,1.3881916999816895,0.1332421451807022,2.950502634048462,0.025469673797488213,1.7193491458892822,5.0,5.0,0.45,582,9.7,False
0.400539368391037,-0.04946061968803406,-0.009871721267700195,-0.01732635125517845,0.027618885040283203,-0.6373865604400635,0.06625352799892426,1.4017938375473022,0.25949937105178833,2.8894476890563965,0.019668594002723694,3.9592998027801514,5.0,5.0,0.45,583,9.71667,False
0.4003634750843048,-0.049636512994766235,-0.010186910629272461,-0.01774136908352375,0.02757549285888672,-0.6221681237220764,0.055869750678539276,1.3979761600494385,-0.029514137655496597,2.7993061542510986,0.09165430814027786,0.6423689126968384,5.0,5.0,0.45,584,9.73333,False
0.4002137780189514,-0.04978621006011963,-0.010361671447753906,-0.018012480810284615,0.02763199806213379,-0.6227964758872986,0.06260088086128235,1.39509916305542,0.12059223651885986,2.876213312149048,0.028446633368730545,2.572395086288452,5.0,5.0,0.45,585,9.75,False
0.4002589285373688,-0.04974105954170227,-0.009665250778198242,-0.017401186749339104,0.02872323989868164,-0.6253589987754822,0.07047143578529358,1.3965988159179688,0.08399791270494461,2.866844654083252,0.0014269163366407156,2.777128219604492,5.0,5.0,0.45,586,9.76667,False
0.4003802239894867,-0.04961976408958435,-0.009806394577026367,-0.017680026590824127,0.028771162033081055,-0.6279013156890869,0.06499919295310974,1.4029160737991333,0.17295289039611816,2.836153984069824,0.008854905143380165,4.253762245178223,5.0,5.0,0.45,587,9.78333,False
0.4003521203994751,-0.04964786767959595,-0.010102987289428711,-0.01810166798532009,0.02859640121459961,-0.6229939460754395,0.05905566364526749,1.415590763092041,0.18690408766269684,2.8565592765808105,0.0006110118702054024,5.0,5.0,5.0,0.45,588,9.8,False
0.4002419710159302,-0.04975801706314087,-0.009979724884033203,-0.018072523176670074,0.028920650482177734,-0.622859001159668,0.06083931773900986,1.422534465789795,0.011100217700004578,2.8557164669036865,0.030907711014151573,3.403369188308716,5.0,5.0,0.45,589,9.81667,False
0.4000982642173767,-0.049901723861694336,-0.009840011596679688,-0.018006449565291405,0.02929377555847168,-0.6219765543937683,0.053597867488861084,1.4129830598831177,0.07545105367898941,2.849937677383423,0.004174424335360527,4.3116583824157715,5.0,5.0,0.45,590,9.83333,False
0.40003734827041626,-0.049962639808654785,-0.010120868682861328,-0.01839587278664112,0.029097557067871094,-0.6250998377799988,0.05032045766711235,1.4175790548324585,0.14464962482452393,2.8829233646392822,0.005876497365534306,3.934495687484741,5.0,5.0,0.45,591,9.85,False
0.39985060691833496,-0.050149381160736084,-0.010520696640014648,-0.018859414383769035,0.028751850128173828,-0.6230601668357849,0.04860381782054901,1.4252955913543701,0.25733208656311035,2.8384666442871094,0.01467373687773943,5.0,5.0,5.0,0.45,592,9.86667,False
0.3996394872665405,-0.05036050081253052,-0.01050877571105957,-0.018880631774663925,0.028878450393676758,-0.6163964867591858,0.04044536128640175,1.4217547178268433,0.052874285727739334,2.8323583602905273,0.04184030741453171,3.7967123985290527,5.0,5.0,0.45,593,9.88333,False
0.39956676959991455,-0.050433218479156494,-0.010070323944091797,-0.018488597124814987,0.029477834701538086,-0.6192375421524048,0.042139340192079544,1.4237580299377441,-0.007723107933998108,2.893906354904175,0.007460199762135744,-1.3650116920471191,5.0,5.0,0.45,594,9.9,False
0.39958620071411133,-0.05041378736495972,-0.009896278381347656,-0.01837637461721897,0.029713153839111328,-0.6195270419120789,0.0519513301551342,1.430785894393921,0.09614644944667816,2.9242849349975586,0.011711742728948593,1.3920056819915771,5.0,5.0,0.45,595,9.91667,False
0.3995923101902008,-0.05040767788887024,-0.00966644287109375,-0.01819721609354019,0.030022621154785156,-0.6185382008552551,0.0375102199614048,1.4364691972732544,0.04553931951522827,2.8846898078918457,0.004128855653107166,1.10246741771698,5.0,5.0,0.45,596,9.93333,False
0.39969751238822937,-0.050302475690841675,-0.010306358337402344,-0.018890507519245148,0.029263734817504883,-0.6159977912902832,0.04987271502614021,1.446327567100525,0.1280267834663391,2.8264448642730713,0.010196655057370663,2.1275205612182617,5.0,5.0,0.45,597,9.95,False
0.3997955322265625,-0.050204455852508545,-0.010119438171386719,-0.018717709928750992,0.029449939727783203,-0.6102139949798584,0.05035674571990967,1.445458173751831,-0.007467824965715408,2.8831608295440674,0.02157548815011978,0.5963523387908936,5.0,5.0,0.45,598,9.96667,False
0.3999231457710266,-0.050076842308044434,-0.009518861770629883,-0.01815001107752323,0.030108928680419922,-0.6152128577232361,0.04862193018198013,1.4427545070648193,-0.027698416262865067,2.8953890800476074,0.0005588069325312972,1.0003883838653564,5.0,5.0,0.45,599,9.98333,False
